"Company","Symbol","Week 52 High","LTP","Mark","Week 52 Low","35 Days","Category","Change %","5 Days %","10 Days %","15 Days %","20 Days %","25 Days %","30 Days %","Week 52 Low %","Week 52 High %",
"Indiabulls Real Estate Ltd.","IBREALEST","174.20%","171.70","No","57.00%","80.75%","CONSTRUCTION","3.71%","0.41%","14.89%","19.49%","61.07%","88.37%","113.29%","201.23%","(1.44)%",
"Bhushan Steel Ltd.","BHUSANSTL","91.00%","88.20","No","34.50%","52.75%","METALS","(1.40)%","1.97%","20.82%","14.32%","30.86%","50.13%","57.50%","155.65%","(3.08)%",
"Chambal Fertilizers & Chemicals Ltd.","CHAMBLFERT","138.30%","127.85","No","53.55%","81.60%","FERTILISERS & PESTICIDES","(1.58)%","6.68%","27.53%","38.14%","52.66%","46.20%","53.85%","138.75%","(7.56)%",
"Anant Raj Ltd.","ANANTRAJ","70.65%","67.20","No","32.65%","47.55%","CONSTRUCTION","2.67%","0.75%","9.00%","5.91%","26.79%","29.60%","44.83%","105.82%","(4.88)%",
"Motilal Oswal Financial Services Ltd.","MOTILALOFS","1,100.00%","1,016.00","No","277.00%","704.95%","FINANCIAL SERVICES","(4.84)%","8.66%","20.52%","22.45%","30.17%","33.16%","42.10%","266.79%","(7.64)%",
"Network18 Media & Investments Ltd.","NETWORK18","52.75%","48.80","No","27.45%","35.50%","MEDIA & ENTERTAINMENT","(2.79)%","7.49%","(1.51)%","7.73%","17.73%","21.09%","41.45%","77.78%","(7.49)%",
"DLF Ltd.","DLF","209.75%","208.90","No","101.00%","146.20%","CONSTRUCTION","2.98%","5.51%","12.49%","14.00%","31.18%","33.31%","40.67%","106.83%","(0.41)%",
"Piramal Enterprises Ltd.","PEL","2,644.95%","2,630.00","No","1,202.00%","1,865.00%","PHARMA","3.37%","5.20%","5.54%","10.73%","16.94%","36.26%","40.64%","118.80%","(0.57)%",
"Adani Transmission Ltd.","ADANITRANS","96.20%","89.65","No","28.50%","62.75%","ENERGY","7.56%","23.74%","14.57%","5.22%","12.20%","15.68%","39.64%","214.56%","(6.81)%",
"SREI Infrastructure Finance Ltd.","SREINFRA","116.40%","113.80","No","51.25%","89.45%","FINANCIAL SERVICES","4.16%","3.22%","24.92%","32.94%","37.19%","36.45%","36.61%","122.05%","(2.23)%",
"PNC Infratech Ltd.","PNCINFRA","168.50%","158.10","No","90.45%","112.00%","CONSTRUCTION","0.09%","1.02%","(0.44)%","4.60%","14.57%","25.23%","36.29%","74.79%","(6.17)%",
"Indian Bank","INDIANB","360.90%","354.50","No","84.90%","257.45%","BANK","(0.55)%","0.58%","11.06%","36.35%","34.59%","26.09%","34.69%","317.55%","(1.77)%",
"Navkar Corporation Ltd.","NAVKARCORP","247.00%","232.30","No","154.75%","170.00%","SERVICES","6.71%","7.95%","10.67%","12.22%","13.90%","11.07%","34.12%","50.11%","(5.95)%",
"Godrej Properties Ltd.","GODREJPROP","586.00%","509.00","No","286.35%","395.20%","CONSTRUCTION","(0.88)%","(5.25)%","9.23%","8.32%","18.37%","15.09%","33.95%","77.75%","(13.14)%",
"Vijaya Bank","VIJAYABANK","97.40%","87.65","No","29.60%","61.80%","BANK","(3.31)%","(1.90)%","6.11%","26.75%","24.41%","24.77%","33.51%","196.11%","(10.01)%",
"UFLEX Ltd.","UFLEX","382.30%","368.00","No","180.00%","275.35%","INDUSTRIAL MANUFACTURING","(1.13)%","","(1.34)%","15.54%","18.63%","23.28%","33.33%","104.44%","(3.74)%",
"JM Financial Ltd.","JMFINANCIL","124.40%","118.10","No","41.55%","80.35%","FINANCIAL SERVICES","(0.17)%","(0.67)%","1.77%","9.35%","19.41%","31.81%","31.51%","184.24%","(5.06)%",
"Rashtriya Chemicals & Fertilizers Ltd.","RCF","99.60%","93.70","No","40.60%","67.80%","FERTILISERS & PESTICIDES","(2.29)%","3.36%","11.28%","10.04%","12.35%","16.18%","31.14%","130.79%","(5.92)%",
"Dilip Buildcon Ltd.","DBL","484.90%","446.95","No","177.90%","347.30%","CONSTRUCTION","(4.49)%","(7.32)%","5.41%","8.50%","19.87%","25.07%","30.94%","151.24%","(7.83)%",
"India Cements Ltd.","INDIACEM","221.30%","209.90","No","83.00%","156.90%","CEMENT & CEMENT PRODUCTS","(1.39)%","0.53%","(3.09)%","11.35%","29.13%","27.64%","30.45%","152.89%","(5.15)%",
"Eveready Industries India Ltd.","EVEREADY","330.10%","320.00","No","199.55%","242.80%","CONSUMER GOODS","0.03%","4.23%","3.26%","5.19%","9.70%","15.00%","30.45%","60.36%","(3.06)%",
"IIFL Holdings Ltd.","IIFL","524.80%","493.75","No","197.00%","376.10%","FINANCIAL SERVICES","(1.37)%","0.36%","3.27%","7.10%","11.46%","11.68%","30.28%","150.63%","(5.92)%",
"Can Fin Homes Ltd.","CANFINHOME","2,899.95%","2,670.00","Yes","1,082.00%","2,079.00%","FINANCIAL SERVICES","(2.57)%","(5.95)%","1.99%","4.99%","4.71%","14.01%","29.61%","146.77%","(7.93)%",
"Ahluwalia Contracts (India) Ltd.","AHLUCONT","409.40%","395.05","No","235.00%","314.00%","CONSTRUCTION","(0.54)%","6.40%","11.60%","10.66%","18.72%","21.18%","29.52%","68.11%","(3.51)%",
"Bank of India","BANKINDIA","197.20%","178.60","No","78.40%","125.90%","BANK","(2.08)%","(3.67)%","(3.67)%","18.71%","19.62%","26.26%","29.28%","127.81%","(9.43)%",
"South Indian Bank Ltd.","SOUTHBANK","26.65%","25.85","No","16.14%","20.05%","BANK","(0.77)%","(0.19)%","0.58%","6.82%","14.63%","20.51%","29.25%","60.16%","(3.00)%",
"Dalmia Bharat Ltd.","DALMIABHA","2,572.95%","2,515.10","No","845.50%","1,887.00%","CEMENT & CEMENT PRODUCTS","(0.29)%","7.71%","15.90%","22.51%","18.37%","17.89%","28.98%","197.47%","(2.25)%",
"Prism Cement Ltd.","PRISMCEM","129.20%","123.05","No","72.90%","99.65%","CEMENT & CEMENT PRODUCTS","1.15%","1.23%","1.19%","17.36%","19.47%","18.77%","27.91%","68.79%","(4.76)%",
"ABB India Ltd.","ABB","1,620.00%","1,545.00","No","931.35%","1,189.95%","INDUSTRIAL MANUFACTURING","0.82%","9.96%","9.95%","10.36%","6.77%","18.12%","27.79%","65.89%","(4.63)%",
"DCM Shriram Ltd.","DCMSHRIRAM","393.00%","375.70","No","166.50%","279.10%","CONSUMER GOODS","(0.45)%","0.03%","6.13%","11.48%","14.63%","18.42%","27.79%","125.65%","(4.40)%",
"Future Retail Ltd.","FRETAIL","361.00%","324.00","No","115.45%","247.00%","CONSUMER GOODS","(6.29)%","(7.69)%","4.01%","6.32%","15.78%","15.67%","27.56%","180.64%","(10.25)%",
"Bajaj Hindusthan Sugar Ltd.","BAJAJHIND","24.20%","16.70","No","12.90%","13.95%","CONSUMER GOODS","0.91%","9.51%","0.30%","(3.75)%","17.61%","18.02%","27.48%","29.46%","(30.99)%",
"JK Tyre & Industries Ltd.","JKTYRE","184.80%","165.15","No","79.20%","131.75%","AUTOMOBILE","(3.42)%","(7.30)%","(0.54)%","7.84%","17.21%","24.17%","27.04%","108.52%","(10.63)%",
"Coromandel International Ltd.","COROMANDEL","418.40%","398.00","No","215.00%","318.00%","FERTILISERS & PESTICIDES","(1.93)%","0.18%","15.03%","9.04%","17.75%","27.56%","26.75%","85.12%","(4.88)%",
"Federal Bank Ltd.","FEDERALBNK","120.00%","115.00","No","48.00%","87.00%","BANK","(0.86)%","(2.83)%","6.58%","24.19%","23.99%","29.43%","26.37%","139.58%","(4.17)%",
"Mangalore Refinery & Petrochemicals Ltd.","MRPL","136.95%","129.75","No","63.00%","101.00%","ENERGY","(2.26)%","(4.63)%","(2.88)%","4.81%","9.36%","20.59%","26.22%","105.95%","(5.26)%",
"Syndicate Bank","SYNDIBANK","95.00%","89.50","No","59.20%","66.25%","BANK","(1.70)%","(1.70)%","8.16%","24.05%","23.28%","25.70%","26.15%","51.18%","(5.79)%",
"Orient Cement Ltd.","ORIENTCEM","232.00%","161.95","No","114.80%","129.65%","CEMENT & CEMENT PRODUCTS","(2.15)%","(2.41)%","(4.17)%","5.88%","5.85%","12.08%","25.64%","41.07%","(30.19)%",
"BGR Energy Systems Ltd","BGRENERGY","184.80%","174.50","No","99.20%","134.95%","CONSTRUCTION","(1.47)%","5.60%","6.63%","3.59%","3.32%","13.68%","25.13%","75.91%","(5.57)%",
"Ceat Ltd.","CEATLTD","1,712.00%","1,625.00","No","730.00%","1,291.00%","AUTOMOBILE","(2.14)%","(2.34)%","4.84%","12.61%","12.22%","16.88%","24.90%","122.60%","(5.08)%",
"Sterlite Technologies Ltd.","STRTECH","161.90%","155.10","No","73.00%","121.50%","INDUSTRIAL MANUFACTURING","0.94%","(1.43)%","6.02%","6.56%","4.09%","16.49%","24.68%","112.47%","(4.20)%",
"Avanti Feeds Ltd.","AVANTIFEED","910.25%","896.00","Yes","415.00%","705.00%","CONSUMER GOODS","0.12%","(0.73)%","2.63%","0.90%","2.52%","9.00%","24.44%","115.90%","(1.57)%",
"Housing Development and Infrastructure Ltd.","HDIL","108.70%","96.70","No","52.30%","76.90%","CONSTRUCTION","2.11%","4.15%","6.67%","5.63%","12.90%","14.78%","24.29%","84.89%","(11.04)%",
"Tata Sponge Iron Ltd.","TATASPONGE","900.50%","857.95","No","486.20%","673.00%","METALS","(0.82)%","(0.45)%","4.09%","5.92%","2.63%","20.50%","24.03%","76.46%","(4.73)%",
"Magma Fincorp Ltd.","MAGMA","137.80%","133.00","No","85.50%","103.40%","FINANCIAL SERVICES","5.30%","13.24%","14.16%","15.65%","11.62%","8.62%","23.72%","55.56%","(3.48)%",
"NIIT Technologies Ltd.","NIITTECH","587.00%","528.00","No","366.55%","409.00%","IT","3.58%","7.83%","15.01%","24.29%","23.73%","24.79%","23.36%","44.05%","(10.05)%",
"Punj Lloyd Ltd.","PUNJLLOYD","28.30%","24.05","No","16.95%","20.10%","CONSTRUCTION","(1.84)%","3.00%","8.82%","4.57%","6.18%","15.90%","23.33%","41.89%","(15.02)%",
"Den Networks Ltd.","DEN","105.00%","99.00","No","59.60%","81.35%","MEDIA & ENTERTAINMENT","(2.85)%","0.41%","3.66%","0.92%","2.96%","8.91%","22.98%","66.11%","(5.71)%",
"Kajaria Ceramics Ltd.","KAJARIACER","789.80%","687.20","Yes","437.35%","558.75%","CONSTRUCTION","(2.88)%","(0.14)%","3.28%","4.94%","3.96%","11.40%","22.93%","57.13%","(12.99)%",
"City Union Bank Ltd.","CUB","175.75%","174.00","No","95.30%","143.55%","BANK","0.43%","4.63%","5.71%","15.85%","15.35%","14.21%","22.75%","82.58%","(1.00)%",
"Allahabad Bank","ALBK","92.40%","89.85","No","49.10%","69.00%","BANK","1.24%","3.93%","8.98%","22.24%","21.83%","22.58%","22.75%","82.99%","(2.76)%",
"PTC India Fin Serv Ltd.","PFS","49.50%","49.25","No","33.00%","38.90%","FINANCIAL SERVICES","1.86%","3.47%","6.37%","5.01%","5.01%","14.27%","22.36%","49.24%","(0.51)%",
"Escorts Ltd.","ESCORTS","654.30%","645.90","No","166.50%","522.00%","AUTOMOBILE","(0.15)%","7.29%","17.88%","16.46%","18.62%","21.87%","22.17%","287.93%","(1.28)%",
"Caplin Point Laboratories Ltd.","CAPLIPOINT","481.95%","468.50","No","184.00%","387.25%","PHARMA","2.45%","17.27%","18.91%","16.40%","21.97%","16.76%","21.67%","154.62%","(2.79)%",
"APL Apollo Tubes Ltd.","APLAPOLLO","1,505.00%","1,420.00","No","790.60%","1,101.60%","METALS","(0.17)%","(4.18)%","(3.40)%","11.11%","17.36%","20.54%","21.37%","79.61%","(5.65)%",
"Quess Corp Ltd.","QUESS","898.00%","829.00","No","452.50%","687.00%","SERVICES","(3.36)%","0.48%","4.92%","6.42%","11.40%","13.52%","21.31%","83.20%","(7.68)%",
"K.P.R. Mill Ltd.","KPRMILL","775.00%","750.00","No","430.00%","629.00%","TEXTILES","0.19%","3.04%","2.04%","6.16%","7.14%","10.16%","21.01%","74.42%","(3.23)%",
"Canara Bank","CANBK","416.00%","365.25","No","170.78%","281.90%","BANK","(1.58)%","(6.69)%","2.03%","13.20%","16.14%","18.17%","20.98%","113.87%","(12.20)%",
"Raymond Ltd.","RAYMOND","807.30%","763.70","No","397.75%","654.95%","TEXTILES","0.14%","(2.80)%","2.65%","0.52%","19.91%","18.23%","20.92%","92.01%","(5.40)%",
"Jai Corp Ltd.","JAICORPLTD","92.45%","87.10","No","52.30%","74.45%","INDUSTRIAL MANUFACTURING","(1.69)%","(0.97)%","(3.60)%","1.87%","6.81%","7.07%","20.72%","66.54%","(5.79)%",
"V-Guard Industries Ltd.","VGUARD","213.70%","207.40","No","82.23%","169.65%","INDUSTRIAL MANUFACTURING","(0.84)%","(0.05)%","8.93%","12.02%","13.89%","18.18%","20.55%","152.22%","(2.95)%",
"Redington (India) Ltd.","REDINGTON","137.85%","129.70","No","82.05%","108.00%","SERVICES","0.54%","2.69%","3.76%","3.35%","11.96%","15.19%","20.20%","58.07%","(5.91)%",
"Andhra Bank","ANDHRABANK","76.10%","69.30","No","44.70%","54.60%","BANK","(2.19)%","(4.35)%","0.58%","15.21%","15.89%","18.87%","20.10%","55.03%","(8.94)%",
"Kec International Ltd.","KEC","253.50%","233.00","No","110.25%","178.45%","CONSTRUCTION","(1.73)%","5.84%","5.91%","4.58%","7.82%","7.05%","20.04%","111.34%","(8.09)%",
"TVS Motor Company Ltd.","TVSMOTOR","519.45%","515.50","No","279.10%","431.00%","AUTOMOBILE","3.15%","2.89%","4.35%","6.95%","8.88%","14.02%","19.88%","84.70%","(0.76)%",
"Prestige Estates Projects Ltd.","PRESTIGE","283.00%","242.60","No","144.00%","202.50%","CONSTRUCTION","(1.48)%","(4.86)%","2.91%","(4.11)%","5.43%","6.40%","19.45%","68.47%","(14.28)%",
"Gillette India Ltd.","GILLETTE","5,074.00%","4,958.00","No","4,022.20%","4,110.15%","CONSUMER GOODS","0.64%","2.86%","14.77%","18.99%","18.64%","19.04%","19.18%","23.27%","(2.29)%",
"Omaxe Ltd.","OMAXE","215.70%","201.55","No","145.95%","168.35%","CONSTRUCTION","0.35%","0.78%","4.48%","5.77%","11.97%","15.97%","18.91%","38.10%","(6.56)%",
"Rural Electrification Corporation Ltd.","RECLTD","223.90%","215.00","No","76.40%","164.30%","FINANCIAL SERVICES","0.33%","(0.74)%","6.36%","5.26%","3.84%","15.50%","18.88%","181.41%","(3.97)%",
"Inox Wind Ltd.","INOXWIND","253.00%","201.80","No","163.00%","175.40%","INDUSTRIAL MANUFACTURING","1.48%","(0.96)%","3.09%","(1.42)%","8.35%","10.88%","18.71%","23.80%","(20.24)%",
"CG Power and Industrial Solutions Ltd.","CGPOWER","92.90%","91.35","No","55.60%","73.30%","INDUSTRIAL MANUFACTURING","(0.65)%","19.26%","16.00%","14.98%","14.40%","14.69%","18.64%","64.30%","(1.67)%",
"D B Realty Ltd.","DBREALTY","62.40%","49.20","No","35.00%","42.00%","CONSTRUCTION","1.55%","(0.40)%","4.46%","(2.38)%","9.21%","7.78%","18.55%","40.57%","(21.15)%",
"Minda Corporation Ltd.","MINDACORP","143.30%","112.55","No","85.00%","91.10%","AUTOMOBILE","(1.32)%","0.13%","(0.40)%","(6.60)%","(0.84)%","7.29%","18.47%","32.41%","(21.46)%",
"ACC Ltd.","ACC","1,756.70%","1,680.50","No","1,256.55%","1,386.00%","CEMENT & CEMENT PRODUCTS","(0.52)%","(1.41)%","3.42%","12.37%","12.99%","12.79%","18.46%","33.74%","(4.34)%",
"CESC Ltd.","CESC","993.35%","979.05","No","524.30%","830.45%","ENERGY","(0.35)%","(0.10)%","3.63%","6.80%","18.19%","16.97%","18.17%","86.73%","(1.44)%",
"Aarti Industries Ltd.","AARTIIND","899.50%","890.00","Yes","481.05%","776.00%","CHEMICALS","2.77%","2.74%","1.37%","11.95%","14.84%","13.67%","17.88%","85.01%","(1.06)%",
"Sunteck Realty Ltd.","SUNTECK","480.80%","431.85","No","174.60%","358.00%","CONSTRUCTION","(1.87)%","(4.46)%","(3.60)%","1.65%","5.85%","7.96%","17.83%","147.34%","(10.18)%",
"Nava Bharat Ventures Ltd.","NBVENTURES","155.00%","146.00","No","76.65%","114.05%","ENERGY","0.79%","(1.58)%","(2.01)%","(0.21)%","8.31%","9.98%","17.74%","90.48%","(5.81)%",
"Indian Oil Corporation Ltd.","IOC","450.25%","437.00","No","196.28%","372.10%","ENERGY","1.15%","1.97%","(0.88)%","3.01%","3.55%","13.21%","17.73%","122.64%","(2.94)%",
"J.K. Cement Ltd.","JKCEMENT","1,119.00%","1,061.30","No","555.00%","888.00%","CEMENT & CEMENT PRODUCTS","0.76%","6.98%","7.33%","12.90%","12.94%","15.60%","17.66%","91.23%","(5.16)%",
"Polaris Consulting & Services Ltd.","POLARIS","231.80%","212.00","No","140.95%","170.70%","IT","2.89%","1.44%","3.92%","(1.40)%","8.72%","15.41%","17.65%","50.41%","(8.54)%",
"Karnataka Bank Ltd.","KTKBANK","176.20%","165.15","No","90.45%","136.80%","BANK","(0.96)%","(0.81)%","0.43%","6.55%","7.10%","13.31%","17.63%","82.59%","(6.27)%",
"Federal-Mogul Goetze (India) Ltd.","FMGOETZE","651.00%","597.00","No","305.20%","495.00%","AUTOMOBILE","0.19%","(0.49)%","(0.50)%","(3.24)%","(2.45)%","2.41%","17.06%","95.61%","(8.29)%",
"Adani Enterprises Ltd.","ADANIENT","160.70%","121.70","No","58.35%","101.50%","SERVICES","1.29%","6.43%","11.65%","(16.21)%","4.06%","5.32%","17.02%","108.57%","(24.27)%",
"Lakshmi Vilas Bank Ltd.","LAKSHVILAS","202.75%","185.75","No","75.05%","163.50%","BANK","0.08%","1.84%","(0.59)%","(0.35)%","8.98%","9.07%","16.97%","147.50%","(8.38)%",
"Himachal Fut Com Ltd.","HFCL","20.25%","14.95","No","11.00%","12.80%","TELECOM","(0.66)%","2.75%","(2.92)%","(6.85)%","6.41%","7.55%","16.80%","35.91%","(26.17)%",
"Eicher Motors Ltd.","EICHERMOT","30,051.00%","29,149.00","Yes","18,000.00%","24,480.45%","AUTOMOBILE","(1.09)%","8.52%","11.47%","13.64%","11.68%","14.18%","16.71%","61.94%","(3.00)%",
"Dewan Housing Finance Corporation Ltd.","DHFL","454.90%","427.85","No","183.00%","354.90%","FINANCIAL SERVICES","(3.29)%","(3.09)%","(0.04)%","3.28%","10.00%","9.96%","16.44%","133.80%","(5.95)%",
"Suven Life Sciences Ltd.","SUVEN","227.00%","194.70","No","149.00%","164.50%","PHARMA","(1.34)%","3.73%","7.87%","1.94%","11.26%","6.89%","16.24%","30.67%","(14.23)%",
"Somany Ceramics Ltd.","SOMANYCERA","840.00%","796.20","No","415.55%","651.25%","CONSTRUCTION","(2.68)%","1.85%","7.45%","13.42%","16.23%","15.06%","16.23%","91.60%","(5.21)%",
"Gujarat Narmada Valley Fertilizers and Chemicals Ltd.","GNFC","322.70%","307.85","No","112.20%","254.55%","CHEMICALS","(0.95)%","(0.05)%","1.95%","5.28%","6.80%","12.11%","16.17%","174.38%","(4.60)%",
"IDFC Ltd.","IDFC","71.30%","63.30","No","46.25%","53.25%","FINANCIAL SERVICES","(1.09)%","0.24%","2.34%","10.28%","8.95%","11.74%","16.15%","36.86%","(11.22)%",
"Shree Cement Ltd.","SHREECEM","20,401.15%","19,700.00","Yes","12,600.00%","16,299.95%","CEMENT & CEMENT PRODUCTS","(1.11)%","1.03%","3.33%","12.33%","11.61%","11.87%","16.01%","56.35%","(3.44)%",
"Fortis Healthcare Ltd.","FORTIS","228.95%","207.85","No","142.25%","174.00%","HEALTHCARE SERVICES","(0.17)%","(0.93)%","(5.72)%","1.89%","12.05%","9.74%","15.96%","46.12%","(9.22)%",
"Bharat Electronics Ltd.","BEL","1,625.00%","179.60","No","153.05%","153.55%","INDUSTRIAL MANUFACTURING","(1.18)%","(0.69)%","(2.07)%","(0.33)%","5.65%","8.52%","15.54%","17.35%","(88.95)%",
"Future Consumer Ltd.","FCONSUMER","35.85%","32.25","No","18.05%","28.65%","CONSUMER GOODS","(1.53)%","1.26%","0.16%","(5.01)%","(4.02)%","(8.38)%","15.38%","78.67%","(10.04)%",
"Essel Propack Ltd.","ESSELPACK","275.95%","270.00","Yes","179.10%","234.95%","INDUSTRIAL MANUFACTURING","0.37%","(0.22)%","5.45%","13.49%","13.64%","14.97%","15.31%","50.75%","(2.16)%",
"Sharda Cropchem Ltd.","SHARDACROP","560.00%","541.00","No","274.95%","463.10%","FERTILISERS & PESTICIDES","1.62%","4.24%","8.63%","4.64%","11.31%","8.53%","15.23%","96.76%","(3.39)%",
"NCC Ltd.","NCC","101.50%","93.90","No","68.35%","81.50%","CONSTRUCTION","(2.80)%","(1.47)%","(1.68)%","(2.90)%","2.40%","7.68%","15.14%","37.38%","(7.49)%",
"Amtek Auto Ltd.","AMTEKAUTO","56.25%","37.90","No","31.00%","34.75%","AUTOMOBILE","(1.04)%","0.26%","(3.56)%","12.97%","14.16%","11.31%","15.02%","22.26%","(32.62)%",
"RBL Bank Ltd.","RBLBANK","600.90%","556.40","No","274.20%","499.15%","BANK","(0.89)%","0.21%","(1.51)%","(2.21)%","0.36%","1.89%","14.98%","102.92%","(7.41)%",
"E.I.D. Parry (India) Ltd.","EIDPARRY","354.00%","331.50","No","217.55%","279.50%","FERTILISERS & PESTICIDES","(3.31)%","2.16%","10.13%","10.13%","12.79%","18.12%","14.96%","52.38%","(6.36)%",
"Sobha Ltd.","SOBHA","424.90%","410.20","No","216.05%","339.50%","CONSTRUCTION","1.81%","(0.19)%","10.57%","2.81%","8.52%","3.19%","14.89%","89.86%","(3.46)%",
"UCO Bank","UCOBANK","46.50%","41.75","No","26.80%","35.35%","BANK","0.48%","(1.30)%","0.36%","10.30%","10.74%","14.38%","14.86%","55.78%","(10.22)%",
"Dhanuka Agritech Ltd.","DHANUKA","929.80%","909.80","No","553.20%","788.50%","FERTILISERS & PESTICIDES","1.27%","2.74%","0.53%","4.94%","12.05%","15.46%","14.85%","64.46%","(2.15)%",
"Ballarpur Industries Ltd.","BALLARPUR","22.65%","22.45","No","12.65%","18.65%","PAPER","3.46%","12.25%","17.54%","15.42%","15.72%","16.32%","14.83%","77.47%","(0.88)%",
"Hindustan Construction Co. Ltd.","HCC","48.10%","44.90","No","18.00%","39.50%","CONSTRUCTION","1.24%","4.66%","(3.65)%","2.98%","9.25%","6.52%","14.69%","149.44%","(6.65)%",
"Crompton Greaves Consumer Electricals Ltd.","CROMPTON","243.80%","236.00","No","125.00%","195.85%","CONSUMER GOODS","(1.81)%","","7.32%","7.62%","9.77%","6.76%","14.56%","88.80%","(3.20)%",
"UPL Ltd.","UPL","864.95%","823.50","No","490.00%","719.00%","FERTILISERS & PESTICIDES","(0.22)%","2.65%","2.09%","5.61%","13.66%","13.06%","14.53%","68.06%","(4.79)%",
"Edelweiss Financial Services Ltd.","EDELWEISS","186.00%","180.00","No","57.00%","137.00%","FINANCIAL SERVICES","(1.21)%","2.04%","6.98%","3.45%","1.75%","4.53%","14.50%","215.79%","(3.23)%",
"KNR Constructions Ltd.","KNRCON","211.00%","207.20","No","102.03%","183.00%","CONSTRUCTION","0.75%","2.32%","4.38%","4.38%","5.12%","6.26%","14.48%","103.08%","(1.80)%",
"Supreme Industries Ltd.","SUPREMEIND","1,219.95%","1,200.00","Yes","730.50%","1,060.00%","INDUSTRIAL MANUFACTURING","(0.29)%","1.70%","10.91%","10.71%","10.60%","9.42%","14.39%","64.27%","(1.64)%",
"Balrampur Chini Mills Ltd.","BALRAMCHIN","170.50%","165.00","No","97.00%","141.75%","CONSUMER GOODS","(0.84)%","5.10%","1.26%","(0.90)%","9.56%","8.45%","14.38%","70.10%","(3.23)%",
"Shipping Corporation of India Ltd.","SCI","85.85%","83.60","No","55.50%","69.00%","SERVICES","6.09%","3.72%","3.59%","","12.67%","8.85%","14.36%","50.63%","(2.62)%",
"Kalpataru Power Transmission Ltd.","KALPATPOWR","367.90%","352.25","No","207.00%","288.85%","ENERGY","(1.54)%","(1.61)%","(0.07)%","0.38%","3.45%","6.84%","14.33%","70.17%","(4.25)%",
"Minda Industries Ltd.","MINDAIND","509.40%","499.65","No","205.82%","432.00%","AUTOMOBILE","0.13%","1.35%","3.87%","6.38%","15.13%","12.34%","14.31%","142.76%","(1.91)%",
"Bharat Petroleum Corporation Ltd.","BPCL","753.55%","733.00","No","440.58%","645.75%","ENERGY","0.32%","2.55%","1.07%","2.32%","0.56%","13.29%","14.26%","66.37%","(2.73)%",
"Sudarshan Chemical Industries Ltd.","SUDARSCHEM","455.35%","398.10","No","108.90%","352.00%","CHEMICALS","(0.65)%","(0.15)%","8.68%","8.77%","9.53%","4.42%","14.23%","265.56%","(12.57)%",
"Oriental Bank of Commerce","ORIENTBANK","191.00%","162.20","No","76.75%","135.50%","BANK","(7.37)%","(8.02)%","(4.19)%","5.81%","6.50%","11.10%","14.14%","111.34%","(15.08)%",
"Apollo Hospitals Enterprises Ltd.","APOLLOHOSP","1,443.00%","1,310.00","No","1,111.60%","1,180.50%","HEALTHCARE SERVICES","(0.81)%","3.80%","6.24%","12.48%","11.30%","14.71%","14.13%","17.85%","(9.22)%",
"Asahi India Glass Ltd.","ASAHIINDIA","241.40%","239.45","No","143.20%","210.00%","AUTOMOBILE","(0.33)%","3.17%","11.50%","9.84%","6.90%","5.48%","14.05%","67.21%","(0.81)%",
"GE T&D India Ltd.","GET&D","380.00%","362.55","No","277.85%","312.00%","INDUSTRIAL MANUFACTURING","(1.16)%","5.95%","5.55%","6.95%","2.97%","9.17%","14.01%","30.48%","(4.59)%",
"Suzlon Energy Ltd.","SUZLON","21.75%","20.80","No","12.00%","18.45%","INDUSTRIAL MANUFACTURING","(2.12)%","0.97%","0.97%","4.79%","4.52%","8.33%","13.97%","73.33%","(4.37)%",
"Corporation Bank","CORPBANK","64.75%","58.35","No","33.10%","46.95%","BANK","(3.87)%","(5.81)%","(0.43)%","8.86%","6.19%","9.89%","13.96%","76.28%","(9.88)%",
"Gayatri Projects Ltd.","GAYAPROJ","174.35%","160.95","No","100.20%","135.10%","CONSTRUCTION","(4.85)%","2.03%","2.52%","0.88%","3.11%","11.85%","13.91%","60.63%","(7.69)%",
"Engineers India Ltd.","ENGINERSIN","343.50%","166.30","No","142.60%","149.00%","CONSTRUCTION","0.30%","(0.78)%","(0.24)%","(1.01)%","5.05%","10.32%","13.90%","16.62%","(51.59)%",
"EIH Ltd.","EIHOTEL","138.50%","133.50","No","91.25%","103.70%","SERVICES","(1.04)%","1.14%","0.53%","0.41%","7.49%","12.28%","13.86%","46.30%","(3.61)%",
"Mahindra CIE Automotive Ltd.","MAHINDCIE","257.00%","239.00","No","168.35%","206.10%","INDUSTRIAL MANUFACTURING","(1.34)%","(2.79)%","(1.65)%","7.30%","6.67%","6.86%","13.81%","41.97%","(7.00)%",
"NBCC (India) Ltd.","NBCC","206.00%","194.35","No","117.33%","173.60%","CONSTRUCTION","(0.89)%","(2.78)%","(2.87)%","1.25%","8.42%","12.41%","13.65%","65.64%","(5.66)%",
"Indian Overseas Bank","IOB","32.20%","30.00","No","20.50%","26.35%","BANK","(0.66)%","(2.60)%","3.99%","6.95%","4.90%","9.29%","13.64%","46.34%","(6.83)%",
"Hexaware Technologies Ltd.","HEXAWARE","256.30%","249.05","No","177.95%","219.75%","IT","(0.86)%","","7.81%","16.38%","20.66%","17.75%","13.62%","39.96%","(2.83)%",
"Maruti Suzuki India Ltd.","MARUTI","6,798.00%","6,727.00","Yes","3,790.00%","6,007.90%","AUTOMOBILE","(0.52)%","1.52%","3.32%","8.82%","10.81%","7.35%","13.25%","77.49%","(1.04)%",
"Jammu & Kashmir Bank Ltd.","J&KBANK","92.20%","83.85","No","56.40%","75.95%","BANK","1.08%","1.15%","3.77%","4.10%","7.09%","5.80%","13.16%","48.67%","(9.06)%",
"NATCO Pharma Ltd.","NATCOPHARM","1,015.95%","912.85","Yes","438.00%","788.00%","PHARMA","(0.18)%","0.87%","(1.13)%","(2.16)%","0.37%","5.93%","13.14%","108.41%","(10.15)%",
"Apar Industries Ltd.","APARINDS","883.30%","804.00","No","467.10%","707.90%","INDUSTRIAL MANUFACTURING","(2.90)%","0.01%","(0.50)%","2.81%","2.42%","3.34%","13.08%","72.13%","(8.98)%",
"Godrej Consumer Products Ltd.","GODREJCP","1,958.35%","1,905.20","Yes","1,272.20%","1,671.95%","CONSUMER GOODS","(0.06)%","8.25%","10.13%","13.20%","13.88%","12.73%","13.07%","49.76%","(2.71)%",
"J.Kumar Infraprojects Ltd.","JKIL","312.55%","303.00","No","105.40%","263.70%","CONSTRUCTION","(0.77)%","4.41%","5.57%","12.43%","18.59%","21.47%","13.06%","187.48%","(3.06)%",
"DCB Bank Ltd.","DCBBANK","200.50%","189.70","No","87.60%","163.25%","BANK","(2.77)%","(2.39)%","3.27%","3.21%","5.21%","11.59%","13.05%","116.55%","(5.39)%",
"3M India Ltd.","3MINDIA","15,250.00%","12,600.00","No","10,008.80%","11,000.00%","SERVICES","1.32%","9.33%","8.62%","8.14%","4.74%","3.37%","13.00%","25.89%","(17.38)%",
"Tube Investments of India Ltd.","TUBEINVEST","729.70%","687.45","Yes","427.55%","605.00%","AUTOMOBILE","(0.37)%","0.75%","1.84%","(0.38)%","0.21%","8.09%","12.98%","60.79%","(5.79)%",
"Chennai Petroleum Corporation Ltd.","CHENNPETRO","424.90%","406.50","No","178.00%","364.70%","ENERGY","0.37%","7.20%","7.11%","10.76%","5.56%","10.54%","12.84%","128.37%","(4.33)%",
"PTC India Ltd.","PTC","105.25%","101.00","No","63.30%","86.50%","ENERGY","(0.69)%","(0.83)%","6.20%","4.45%","2.96%","6.15%","12.72%","59.56%","(4.04)%",
"Sun TV Network Ltd.","SUNTV","946.00%","885.90","No","335.10%","741.90%","MEDIA & ENTERTAINMENT","(2.46)%","4.10%","(3.85)%","(5.63)%","13.50%","12.44%","12.57%","164.37%","(6.35)%",
"Punjab National Bank","PNB","185.80%","167.50","No","71.05%","136.35%","BANK","(2.62)%","(4.83)%","(0.74)%","7.75%","7.44%","10.12%","12.42%","135.75%","(9.85)%",
"Ambuja Cements Ltd.","AMBUJACEM","281.70%","258.50","No","191.00%","232.80%","CEMENT & CEMENT PRODUCTS","(0.69)%","(0.04)%","5.51%","8.14%","5.60%","6.53%","12.32%","35.34%","(8.24)%",
"Kansai Nerolac Paints Ltd.","KANSAINER","417.50%","411.75","Yes","285.05%","368.50%","CONSUMER GOODS","1.25%","1.67%","4.54%","7.21%","8.21%","8.36%","12.29%","44.45%","(1.38)%",
"TVS Srichakra Ltd.","TVSSRICHAK","4,340.00%","4,020.00","No","2,241.00%","3,345.00%","AUTOMOBILE","(0.47)%","(0.27)%","(0.64)%","5.76%","9.09%","14.43%","12.24%","79.38%","(7.37)%",
"Cummins India Ltd.","CUMMINSIND","1,096.80%","1,048.00","No","746.15%","902.00%","INDUSTRIAL MANUFACTURING","(0.04)%","(0.76)%","4.81%","7.93%","8.15%","9.17%","12.24%","40.45%","(4.45)%",
"MindTree Ltd.","MINDTREE","682.00%","511.70","No","399.00%","472.00%","IT","1.18%","2.08%","5.30%","13.71%","15.74%","14.24%","12.21%","28.25%","(24.97)%",
"Union Bank of India","UNIONBANK","205.10%","174.80","No","104.50%","147.30%","BANK","(1.74)%","(5.87)%","1.92%","10.98%","12.67%","13.29%","12.20%","67.27%","(14.77)%",
"Lakshmi Machine Works Ltd.","LAXMIMACH","4,747.00%","4,570.15","No","3,333.20%","3,966.00%","INDUSTRIAL MANUFACTURING","(0.82)%","3.63%","(2.03)%","2.24%","5.06%","6.78%","12.15%","37.11%","(3.73)%",
"Godrej Industries Ltd.","GODREJIND","578.00%","565.00","No","337.85%","490.45%","CONSUMER GOODS","(0.32)%","3.58%","5.96%","8.34%","7.11%","5.38%","12.10%","67.23%","(2.25)%",
"GE Power India Ltd.","GEPIL","695.00%","647.00","No","435.50%","583.10%","INDUSTRIAL MANUFACTURING","(2.53)%","1.26%","(2.71)%","2.05%","6.15%","8.01%","12.01%","48.56%","(6.91)%",
"JK Lakshmi Cement Ltd.","JKLAKSHMI","515.50%","504.95","No","329.30%","446.05%","CEMENT & CEMENT PRODUCTS","0.30%","2.67%","8.36%","7.68%","10.44%","11.96%","11.97%","53.34%","(2.05)%",
"Central Bank of India","CENTRALBK","123.25%","114.50","No","74.60%","97.10%","BANK","","(1.97)%","8.22%","12.25%","11.11%","11.06%","11.93%","53.49%","(7.10)%",
"Allcargo Logistics Ltd.","ALLCARGO","221.50%","184.05","No","144.00%","164.00%","SERVICES","(0.84)%","0.03%","(2.77)%","4.43%","7.01%","3.98%","11.88%","27.81%","(16.91)%",
"Aditya Birla Fashion and Retail Ltd.","ABFRL","185.70%","170.05","No","122.90%","151.50%","CONSUMER GOODS","3.59%","4.07%","(1.13)%","(5.53)%","(5.45)%","5.95%","11.88%","38.36%","(8.43)%",
"Repco Home Finance Ltd.","REPCOHOME","899.95%","752.00","No","487.30%","657.40%","FINANCIAL SERVICES","(0.33)%","(0.40)%","(2.34)%","(2.27)%","0.29%","5.31%","11.82%","54.32%","(16.44)%",
"Cyient Ltd.","CYIENT","564.90%","527.65","No","405.00%","470.50%","IT","(0.63)%","(0.73)%","(4.06)%","1.28%","10.25%","8.57%","11.78%","30.28%","(6.59)%",
"Parag Milk Foods Ltd.","PARAGMILK","357.00%","244.70","No","201.75%","220.75%","CONSUMER GOODS","(1.43)%","(1.53)%","0.49%","(1.33)%","(1.69)%","1.75%","11.76%","21.29%","(31.46)%",
"Gujarat Alkalies & Chemicals Ltd.","GUJALKALI","484.05%","456.75","No","187.15%","405.00%","CHEMICALS","(1.24)%","1.48%","(2.30)%","2.00%","5.02%","5.97%","11.69%","144.06%","(5.64)%",
"Shilpa Medicare Ltd.","SHILPAMED","786.90%","690.10","No","435.05%","638.20%","PHARMA","(0.65)%","(1.70)%","(3.89)%","(4.16)%","(2.67)%","2.40%","11.68%","58.63%","(12.30)%",
"Larsen & Toubro Ltd.","LT","1,774.00%","1,740.55","No","1,223.30%","1,529.00%","CONSTRUCTION","0.21%","1.91%","(0.48)%","3.19%","3.74%","3.36%","11.65%","42.28%","(1.89)%",
"Bajaj Finance Ltd.","BAJFINANCE","1,349.90%","1,313.30","Yes","721.55%","1,157.00%","FINANCIAL SERVICES","(1.97)%","2.96%","3.00%","5.48%","2.92%","9.58%","11.48%","82.01%","(2.71)%",
"Adani Ports and Special Economic Zone Ltd.","ADANIPORTS","362.55%","358.20","No","169.70%","323.85%","SERVICES","(0.51)%","4.92%","9.71%","9.88%","12.11%","0.48%","11.42%","111.08%","(1.20)%",
"ICICI Prudential Life Insurance Company Ltd.","ICICIPRULI","424.00%","411.00","No","271.00%","363.50%","FINANCIAL SERVICES","0.09%","(0.76)%","1.12%","1.09%","1.69%","4.98%","11.38%","51.66%","(3.07)%",
"McLeod Russel India Ltd.","MCLEODRUSS","219.70%","181.00","No","137.50%","165.00%","CONSUMER GOODS","(1.42)%","(4.99)%","(4.79)%","(0.58)%","(0.33)%","(0.28)%","11.21%","31.64%","(17.61)%",
"Exide Industries Ltd.","EXIDEIND","250.00%","245.00","No","144.45%","214.15%","AUTOMOBILE","(1.01)%","2.28%","6.36%","4.28%","7.93%","7.57%","11.11%","69.61%","(2.00)%",
"Thermax Ltd.","THERMAX","1,070.00%","1,017.00","No","690.00%","910.00%","INDUSTRIAL MANUFACTURING","(1.20)%","","0.69%","(0.29)%","1.19%","3.04%","11.07%","47.39%","(4.95)%",
"Texmaco Rail & Eng. Ltd.","TEXRAIL","117.85%","96.55","No","84.90%","90.15%","INDUSTRIAL MANUFACTURING","(0.05)%","(2.13)%","(2.82)%","1.10%","(1.98)%","(4.92)%","11.04%","13.72%","(18.07)%",
"LIC Housing Finance Ltd.","LICHSGFIN","727.50%","682.00","No","431.10%","586.00%","FINANCIAL SERVICES","(1.18)%","(2.88)%","1.79%","6.16%","7.96%","9.21%","11.01%","58.20%","(6.25)%",
"Endurance Technologies Ltd.","ENDURANCE","857.40%","810.00","No","518.75%","742.00%","AUTOMOBILE","1.54%","2.27%","(1.22)%","(2.17)%","(2.42)%","3.45%","10.97%","56.14%","(5.53)%",
"Havells India Ltd.","HAVELLS","526.30%","513.75","Yes","302.80%","449.05%","CONSUMER GOODS","0.13%","4.83%","6.17%","5.00%","5.71%","10.96%","10.96%","69.67%","(2.38)%",
"Siemens Ltd.","SIEMENS","1,471.35%","1,395.50","No","1,012.00%","1,233.90%","INDUSTRIAL MANUFACTURING","(0.79)%","2.17%","6.04%","7.02%","7.57%","7.36%","10.89%","37.90%","(5.16)%",
"Reliance Capital Ltd.","RELCAPITAL","692.50%","666.50","No","365.15%","590.20%","FINANCIAL SERVICES","(1.07)%","1.11%","0.34%","9.59%","10.22%","7.69%","10.75%","82.53%","(3.75)%",
"Bajaj Electricals Ltd","BAJAJELEC","387.40%","349.50","No","202.00%","308.55%","CONSUMER GOODS","(0.31)%","(0.70)%","(0.71)%","(0.07)%","0.14%","(0.46)%","10.74%","73.02%","(9.78)%",
"RattanIndia Power Ltd.","RTNPOWER","12.30%","8.30","No","6.30%","7.60%","ENERGY","(0.60)%","","(4.05)%","(9.78)%","5.73%","(3.49)%","10.67%","31.75%","(32.52)%",
"Coffee Day Enterprises Ltd.","COFFEEDAY","276.75%","255.35","No","190.20%","233.00%","CONSUMER GOODS","(2.52)%","2.14%","2.14%","2.98%","9.12%","9.31%","10.64%","34.25%","(7.73)%",
"IRB Infrastructure Developers Ltd.","IRB","272.65%","257.20","No","177.45%","230.95%","CONSTRUCTION","(1.42)%","0.51%","(1.27)%","3.46%","9.66%","5.11%","10.62%","44.94%","(5.67)%",
"SRF Ltd.","SRF","1,970.00%","1,765.50","No","1,165.35%","1,582.15%","TEXTILES","(0.64)%","0.89%","(0.54)%","3.40%","4.29%","7.00%","10.61%","51.50%","(10.38)%",
"Kotak Mahindra Bank Ltd.","KOTAKBANK","962.00%","954.00","Yes","692.50%","862.65%","BANK","1.84%","4.84%","5.76%","7.92%","8.72%","6.83%","10.61%","37.76%","(0.83)%",
"Century Textile & Industries Ltd.","CENTURYTEX","1,218.80%","1,156.20","No","580.00%","994.00%","CEMENT & CEMENT PRODUCTS","(3.44)%","0.10%","2.04%","1.61%","7.20%","9.75%","10.43%","99.34%","(5.14)%",
"UltraTech Cement Ltd.","ULTRACEMCO","4,460.00%","4,411.00","Yes","3,050.00%","3,956.35%","CEMENT & CEMENT PRODUCTS","(0.03)%","(0.02)%","4.25%","10.77%","10.00%","6.52%","10.28%","44.62%","(1.10)%",
"Phoenix Mills Ltd.","PHOENIXLTD","448.95%","417.00","No","283.10%","382.10%","CONSTRUCTION","1.02%","2.21%","1.20%","4.43%","2.26%","4.18%","10.17%","47.30%","(7.12)%",
"Intellect Design Arena Ltd.","INTELLECT","232.80%","125.70","No","107.80%","115.20%","IT","(0.24)%","(2.90)%","(2.75)%","1.70%","2.86%","4.97%","10.17%","16.60%","(46.01)%",
"GAIL (India) Ltd.","GAIL","433.70%","412.50","No","268.32%","368.40%","ENERGY","1.03%","(1.43)%","(2.49)%","3.13%","8.72%","6.37%","10.16%","53.73%","(4.89)%",
"Marksans Pharma Ltd.","MARKSANS","58.30%","51.10","No","36.80%","48.20%","PHARMA","(2.39)%","4.61%","(2.20)%","(2.67)%","(4.84)%","(1.35)%","10.13%","38.86%","(12.35)%",
"Godfrey Phillips India Ltd.","GODFRYPHLP","1,542.50%","1,254.00","No","804.25%","1,184.00%","CONSUMER GOODS","(2.80)%","6.63%","5.75%","11.47%","12.67%","10.37%","10.09%","55.92%","(18.70)%",
"Ashoka Buildcon Ltd.","ASHOKA","230.90%","211.30","No","126.10%","188.00%","CONSTRUCTION","(0.35)%","2.25%","7.64%","3.10%","(0.33)%","(0.54)%","10.05%","67.57%","(8.49)%",
"Bharti Infratel Ltd.","INFRATEL","413.70%","371.95","No","281.75%","312.95%","TELECOM","(1.68)%","1.90%","4.26%","5.38%","4.77%","9.56%","10.04%","32.01%","(10.09)%",
"Grindwell Norton Ltd.","GRINDWELL","405.95%","385.10","No","288.00%","338.00%","INDUSTRIAL MANUFACTURING","(1.47)%","(0.25)%","(0.23)%","(2.51)%","(2.44)%","9.62%","10.03%","33.72%","(5.14)%",
"Cholamandalam Investment and Finance Company Ltd.","CHOLAFIN","1,243.00%","1,062.50","Yes","804.05%","975.00%","FINANCIAL SERVICES","(2.91)%","(2.52)%","(4.28)%","0.73%","0.81%","7.86%","9.99%","32.14%","(14.52)%",
"Birla Corporation Ltd.","BIRLACORPN","803.95%","775.00","No","370.00%","691.60%","CEMENT & CEMENT PRODUCTS","0.07%","1.83%","0.65%","3.89%","3.61%","3.33%","9.93%","109.46%","(3.60)%",
"Berger Paints India Ltd.","BERGEPAINT","276.80%","256.00","Yes","177.95%","228.00%","CONSUMER GOODS","(1.90)%","(2.98)%","(2.03)%","3.46%","8.64%","5.70%","9.87%","43.86%","(7.51)%",
"Honeywell Automation India Ltd.","HONAUT","11,547.90%","11,400.00","No","7,577.90%","9,630.10%","INDUSTRIAL MANUFACTURING","(0.06)%","1.79%","4.11%","6.39%","5.75%","3.64%","9.81%","50.44%","(1.28)%",
"Aditya Birla Nuvo Ltd.","ABIRLANUVO","1,744.85%","1,674.00","No","847.60%","1,551.50%","SERVICES","(0.42)%","(1.93)%","0.84%","2.96%","10.12%","8.84%","9.77%","97.50%","(4.06)%",
"IL&FS Transportation Networks Ltd.","IL&FSTRANS","124.80%","117.50","No","65.80%","105.00%","SERVICES","(1.59)%","3.21%","2.75%","0.69%","3.98%","3.52%","9.76%","78.57%","(5.85)%",
"Hero MotoCorp Ltd.","HEROMOTOCO","3,740.00%","3,552.00","No","2,849.50%","3,310.50%","AUTOMOBILE","2.61%","4.32%","6.35%","10.93%","10.45%","10.65%","9.71%","24.65%","(5.03)%",
"Vinati Organics Ltd.","VINATIORGA","892.85%","825.10","No","456.00%","728.10%","CHEMICALS","(1.77)%","(2.93)%","(4.17)%","1.49%","11.18%","11.71%","9.64%","80.94%","(7.59)%",
"Titan Company Ltd.","TITAN","506.15%","496.60","No","296.15%","445.10%","CONSUMER GOODS","(0.91)%","2.71%","5.87%","3.89%","2.50%","1.55%","9.60%","67.69%","(1.89)%",
"Britannia Industries Ltd.","BRITANNIA","3,744.00%","3,705.30","Yes","2,519.10%","3,325.00%","CONSUMER GOODS","(0.08)%","4.82%","1.93%","9.95%","9.20%","10.40%","9.56%","47.09%","(1.03)%",
"Gujarat State Fertilizers & Chemicals Ltd.","GSFC","148.50%","136.25","No","66.85%","122.05%","FERTILISERS & PESTICIDES","(2.57)%","(3.47)%","5.62%","13.54%","15.17%","11.86%","9.53%","103.81%","(8.25)%",
"Sadbhav Engineering Ltd.","SADBHAV","350.00%","332.90","No","237.95%","316.60%","CONSTRUCTION","(2.82)%","2.43%","(0.33)%","3.71%","0.76%","8.79%","9.52%","39.90%","(4.89)%",
"Indiabulls Housing Finance Ltd.","IBULHSGFIN","1,135.00%","1,054.50","No","616.00%","907.10%","FINANCIAL SERVICES","(1.38)%","(5.33)%","3.63%","6.52%","10.19%","8.20%","9.51%","71.19%","(7.09)%",
"HeidelbergCement India Ltd.","HEIDELBERG","150.50%","133.50","No","91.55%","119.00%","CEMENT & CEMENT PRODUCTS","(4.40)%","1.14%","(2.55)%","(0.78)%","5.45%","5.62%","9.43%","45.82%","(11.30)%",
"MRF Ltd.","MRF","70,500.00%","65,300.00","Yes","30,101.00%","57,751.15%","AUTOMOBILE","(1.14)%","(3.26)%","(3.62)%","3.03%","8.28%","7.05%","9.40%","116.94%","(7.38)%",
"Procter & Gamble Hygiene & Health Care Ltd.","PGHH","8,199.00%","7,931.00","Yes","6,001.00%","6,830.00%","CONSUMER GOODS","2.33%","1.91%","7.90%","8.61%","7.25%","7.61%","9.39%","32.16%","(3.27)%",
"Reliance Industrial Infrastructure Ltd.","RIIL","523.00%","484.50","No","336.50%","451.85%","INDUSTRIAL MANUFACTURING","(1.17)%","(0.10)%","(4.24)%","(1.17)%","0.73%","(4.27)%","9.27%","43.98%","(7.36)%",
"Mahanagar Gas Ltd.","MGL","1,054.95%","981.10","No","492.65%","892.35%","ENERGY","(1.94)%","(1.29)%","(4.47)%","(2.20)%","2.52%","9.62%","9.27%","99.15%","(7.00)%",
"Cadila Healthcare Ltd.","CADILAHC","497.00%","487.25","No","305.00%","438.00%","PHARMA","(1.19)%","4.84%","11.13%","8.28%","7.80%","8.48%","9.25%","59.75%","(1.96)%",
"JSW Energy Ltd.","JSWENERGY","86.50%","66.85","No","53.05%","60.20%","ENERGY","(1.91)%","(0.22)%","(0.52)%","5.03%","3.72%","(0.96)%","9.14%","26.01%","(22.72)%",
"Power Finance Corporation Ltd.","PFC","168.90%","159.90","No","78.25%","143.70%","FINANCIAL SERVICES","(1.05)%","(2.38)%","(0.06)%","2.17%","(1.54)%","3.13%","9.00%","104.35%","(5.33)%",
"Timken India Ltd.","TIMKEN","748.00%","693.00","No","495.20%","615.20%","INDUSTRIAL MANUFACTURING","(2.24)%","(4.81)%","(4.02)%","(4.14)%","(1.98)%","6.78%","8.99%","39.94%","(7.35)%",
"Grasim Industries Ltd.","GRASIM","1,218.00%","1,150.00","No","781.90%","1,078.00%","CEMENT & CEMENT PRODUCTS","(0.63)%","(2.95)%","(0.28)%","2.12%","9.39%","7.58%","8.90%","47.08%","(5.58)%",
"Motherson Sumi Systems Ltd.","MOTHERSUMI","416.15%","413.80","No","248.75%","361.20%","AUTOMOBILE","2.86%","1.52%","4.07%","7.93%","9.72%","8.11%","8.89%","66.35%","(0.56)%",
"HDFC Bank Ltd.","HDFCBANK","1,573.95%","1,554.00","No","1,129.70%","1,429.00%","BANK","0.49%","1.40%","0.58%","3.69%","7.92%","8.27%","8.71%","37.56%","(1.27)%",
"Bajaj Finserv Ltd.","BAJAJFINSV","4,750.00%","4,402.00","Yes","1,725.55%","4,195.00%","FINANCIAL SERVICES","(2.09)%","(0.16)%","(3.36)%","2.60%","(5.33)%","5.61%","8.64%","155.11%","(7.33)%",
"Pidilite Industries Ltd.","PIDILITIND","770.05%","749.00","Yes","567.75%","693.60%","CHEMICALS","(1.25)%","0.81%","4.16%","4.90%","4.61%","5.48%","8.57%","31.92%","(2.73)%",
"Hathway Cable & Datacom Ltd.","HATHWAY","49.50%","40.15","No","23.95%","38.00%","MEDIA & ENTERTAINMENT","0.38%","(0.74)%","(7.81)%","(8.12)%","5.94%","11.68%","8.51%","67.64%","(18.89)%",
"Bharat Forge Ltd.","BHARATFORG","1,175.80%","1,120.50","No","682.00%","1,005.45%","INDUSTRIAL MANUFACTURING","(0.89)%","1.77%","(1.41)%","4.33%","4.31%","2.79%","8.43%","64.30%","(4.70)%",
"Rajesh Exports Ltd.","RAJESHEXPO","635.90%","632.00","No","421.05%","559.30%","CONSUMER GOODS","0.19%","1.28%","2.76%","4.67%","7.75%","4.31%","8.40%","50.10%","(0.61)%",
"Gulf Oil Lubricants India Ltd.","GULFOILLUB","891.80%","784.90","No","510.00%","686.00%","ENERGY","1.29%","1.54%","2.87%","3.41%","5.89%","8.56%","8.26%","53.90%","(11.99)%",
"PVR Ltd.","PVR","1,655.00%","1,528.20","Yes","822.60%","1,416.00%","MEDIA & ENTERTAINMENT","(0.08)%","(1.22)%","(5.29)%","(1.72)%","(2.35)%","1.41%","8.08%","85.78%","(7.66)%",
"The Ramco Cements Ltd.","RAMCOCEM","728.00%","707.00","No","472.80%","655.55%","CEMENT & CEMENT PRODUCTS","(1.94)%","2.68%","2.69%","5.13%","5.05%","4.91%","8.06%","49.53%","(2.88)%",
"Apollo Tyres Ltd.","APOLLOTYRE","254.25%","226.75","No","139.35%","205.15%","AUTOMOBILE","(1.58)%","(5.70)%","(7.39)%","(4.06)%","1.80%","6.51%","7.98%","62.72%","(10.82)%",
"JSW Steel Ltd.","JSWSTEEL","207.00%","197.45","No","125.36%","186.10%","METALS","1.52%","3.11%","(0.88)%","5.56%","3.78%","(2.93)%","7.90%","57.51%","(4.61)%",
"TTK Prestige Ltd.","TTKPRESTIG","6,984.45%","6,325.05","No","4,300.00%","5,870.00%","CONSUMER GOODS","(1.49)%","(1.50)%","1.20%","(2.69)%","1.04%","2.02%","7.84%","47.09%","(9.44)%",
"Petronet LNG Ltd.","PETRONET","454.50%","434.55","No","250.00%","386.75%","ENERGY","(0.61)%","1.77%","2.25%","0.32%","2.25%","5.99%","7.83%","73.82%","(4.39)%",
"Navneet Education Ltd.","NAVNETEDUL","175.00%","166.00","No","85.50%","140.00%","MEDIA & ENTERTAINMENT","1.25%","(2.81)%","(1.43)%","(2.27)%","1.07%","0.06%","7.79%","94.15%","(5.14)%",
"Fag Bearings India Ltd.","FAGBEARING","4,983.90%","4,612.00","No","3,773.70%","4,160.00%","INDUSTRIAL MANUFACTURING","(0.86)%","(0.82)%","(4.91)%","(4.02)%","(0.82)%","1.77%","7.76%","22.21%","(7.46)%",
"V.I.P. Industries Ltd.","VIPIND","217.00%","202.00","No","103.00%","164.15%","CONSUMER GOODS","2.23%","2.69%","1.41%","1.00%","6.29%","(1.22)%","7.62%","96.12%","(6.91)%",
"Hindustan Unilever Ltd.","HINDUNILVR","999.00%","981.00","No","781.95%","904.00%","CONSUMER GOODS","0.23%","2.72%","5.03%","8.19%","6.30%","5.10%","7.51%","25.46%","(1.80)%",
"Emami Ltd.","EMAMILTD","1,260.00%","1,095.90","No","935.40%","1,037.60%","CONSUMER GOODS","(2.91)%","1.10%","3.73%","8.71%","6.65%","5.67%","7.44%","17.16%","(13.02)%",
"Bank of Baroda","BANKBARODA","202.50%","186.00","No","128.25%","161.60%","BANK","(1.01)%","(1.46)%","(0.88)%","6.07%","5.98%","6.74%","7.27%","45.03%","(8.15)%",
"Mahindra & Mahindra Ltd.","M&M","1,508.95%","1,363.10","No","1,141.40%","1,270.95%","AUTOMOBILE","(0.95)%","2.32%","2.02%","8.42%","6.37%","5.58%","7.25%","19.42%","(9.67)%",
"Reliance Industries Ltd.","RELIANCE","1,467.75%","1,349.90","No","925.65%","1,260.45%","ENERGY","(0.71)%","2.26%","(3.18)%","(3.92)%","(1.16)%","(5.86)%","7.20%","45.83%","(8.03)%",
"Solar Industries India Ltd.","SOLARINDS","915.00%","809.20","No","588.00%","733.00%","CHEMICALS","1.19%","3.45%","0.77%","0.65%","(1.80)%","(0.71)%","7.18%","37.62%","(11.56)%",
"Finolex Industries Ltd.","FINPIPE","609.45%","590.00","No","366.50%","533.00%","INDUSTRIAL MANUFACTURING","(1.14)%","3.78%","1.58%","5.72%","5.55%","2.88%","7.18%","60.98%","(3.19)%",
"IFCI Ltd.","IFCI","33.45%","31.45","No","21.25%","29.50%","FINANCIAL SERVICES","(1.41)%","(2.78)%","(0.79)%","6.97%","7.16%","4.66%","7.16%","48.00%","(5.98)%",
"State Trading Corporation of India Ltd.","STCINDIA","251.40%","166.60","No","81.20%","155.80%","SERVICES","(2.74)%","(0.15)%","(4.12)%","(6.25)%","(7.75)%","(4.23)%","7.07%","105.17%","(33.73)%",
"Tamil Nadu Newsprint & Papers Ltd.","TNPL","392.35%","335.60","No","240.10%","314.80%","PAPER","3.82%","15.09%","13.36%","10.03%","5.22%","3.26%","7.07%","39.78%","(14.46)%",
"Jagran Prakashan Ltd.","JAGRAN","213.05%","194.00","No","162.30%","168.90%","MEDIA & ENTERTAINMENT","0.36%","0.10%","(0.92)%","0.57%","(2.00)%","4.02%","7.03%","19.53%","(8.94)%",
"JBF Industries Ltd.","JBFIND","302.00%","277.90","No","185.00%","257.40%","TEXTILES","(1.24)%","(1.87)%","(4.34)%","(1.10)%","(4.17)%","0.63%","7.03%","50.22%","(7.98)%",
"Indian Hotels Co. Ltd.","INDHOTEL","143.00%","133.50","No","88.70%","122.05%","SERVICES","(0.52)%","3.41%","4.09%","5.53%","4.05%","2.69%","7.01%","50.51%","(6.64)%",
"Mahindra Holidays & Resorts India Ltd.","MHRIL","514.00%","465.50","No","360.00%","409.80%","SERVICES","(0.53)%","3.98%","3.44%","7.01%","4.72%","7.49%","7.01%","29.31%","(9.44)%",
"PC Jeweller Ltd.","PCJEWELLER","531.00%","449.90","No","287.95%","415.90%","CONSUMER GOODS","1.28%","0.66%","6.61%","6.62%","8.62%","3.95%","6.99%","56.24%","(15.27)%",
"Igarashi Motors India Ltd.","IGARASHI","943.60%","859.00","Yes","581.00%","817.00%","AUTOMOBILE","(4.08)%","(2.16)%","6.18%","9.01%","10.13%","7.89%","6.84%","47.85%","(8.97)%",
"HCL Infosystems Ltd.","HCL-INSYS","64.90%","54.80","No","36.05%","54.15%","IT","(0.81)%","2.14%","(3.52)%","(6.32)%","(1.79)%","(1.62)%","6.82%","52.01%","(15.56)%",
"Ratnamani Metals & Tubes Ltd.","RATNAMANI","824.90%","800.00","No","475.50%","743.05%","METALS","1.59%","0.75%","(0.92)%","(0.62)%","3.23%","0.62%","6.82%","68.24%","(3.02)%",
"Karur Vysya Bank Ltd.","KARURVYSYA","123.00%","116.95","No","80.00%","105.20%","BANK","(1.18)%","(1.52)%","(1.60)%","(0.51)%","(1.85)%","1.61%","6.80%","46.19%","(4.92)%",
"L&T Finance Holdings Ltd.","L&TFH","140.40%","131.30","No","70.10%","121.70%","FINANCIAL SERVICES","(1.65)%","(3.14)%","2.66%","3.88%","8.29%","6.75%","6.75%","87.30%","(6.48)%",
"Tata Investment Corporation Ltd.","TATAINVEST","701.00%","661.00","No","485.20%","617.90%","FINANCIAL SERVICES","(0.59)%","(1.33)%","(1.84)%","(1.06)%","(1.78)%","2.48%","6.72%","36.23%","(5.71)%",
"Reliance Infrastructure Ltd.","RELINFRA","635.70%","604.00","No","426.65%","561.95%","ENERGY","1.93%","3.60%","1.53%","5.01%","8.42%","3.15%","6.71%","41.57%","(4.99)%",
"Merck Ltd.","MERCK","1,199.00%","1,097.00","No","668.00%","1,035.00%","PHARMA","3.25%","(0.27)%","1.12%","(3.94)%","(1.28)%","(0.28)%","6.71%","64.22%","(8.51)%",
"Gujarat Mineral Development Corporation Ltd.","GMDCLTD","144.95%","132.50","No","64.55%","117.00%","METALS","1.57%","5.62%","6.38%","9.01%","7.99%","4.99%","6.68%","105.27%","(8.59)%",
"VRL Logistics Ltd.","VRLLOG","414.80%","322.50","No","225.00%","294.75%","SERVICES","(1.23)%","(1.81)%","(4.57)%","(7.86)%","(4.33)%","(6.79)%","6.63%","43.33%","(22.25)%",
"Great Eastern Shipping Co. Ltd.","GESHIP","477.50%","427.00","No","297.50%","380.00%","SERVICES","2.32%","3.14%","(2.74)%","(8.57)%","1.38%","1.69%","6.62%","43.53%","(10.58)%",
"Take Solutions Ltd.","TAKE","189.70%","140.50","No","121.00%","135.50%","IT","1.52%","3.31%","5.48%","5.92%","7.95%","4.73%","6.44%","16.12%","(25.94)%",
"Bajaj Auto Ltd.","BAJAJ-AUTO","3,120.00%","3,000.00","No","2,364.35%","2,850.00%","AUTOMOBILE","0.05%","5.15%","4.49%","6.16%","5.60%","6.88%","6.23%","26.88%","(3.85)%",
"SKF India Ltd.","SKFINDIA","1,748.50%","1,630.10","No","1,180.10%","1,490.00%","INDUSTRIAL MANUFACTURING","1.99%","(0.18)%","(4.11)%","7.10%","6.54%","4.83%","6.20%","38.13%","(6.77)%",
"Greenply Industries Ltd.","GREENPLY","308.00%","292.00","No","194.30%","277.00%","CONSUMER GOODS","0.19%","4.47%","4.47%","2.28%","2.21%","5.59%","6.18%","50.28%","(5.19)%",
"InterGlobe Aviation Ltd.","INDIGO","1,168.70%","1,088.30","No","790.10%","935.00%","SERVICES","(0.39)%","(2.73)%","(1.51)%","(1.95)%","(0.42)%","3.56%","6.12%","37.74%","(6.88)%",
"Asian Paints Ltd.","ASIANPAINT","1,227.30%","1,135.00","Yes","851.10%","1,056.45%","CONSUMER GOODS","(2.70)%","(3.14)%","1.16%","6.57%","5.68%","4.67%","6.09%","33.36%","(7.52)%",
"Jyothy Laboratories Ltd.","JYOTHYLAB","427.00%","367.00","No","279.00%","355.10%","CONSUMER GOODS","(2.83)%","(1.08)%","(7.81)%","(7.46)%","(0.81)%","4.48%","6.07%","31.54%","(14.05)%",
"Monsanto India Ltd.","MONSANTO","2,746.70%","2,663.50","No","1,815.00%","2,517.00%","FERTILISERS & PESTICIDES","(0.15)%","2.64%","3.64%","4.45%","6.54%","7.31%","6.06%","46.75%","(3.03)%",
"Oberoi Realty Ltd.","OBEROIRLTY","416.00%","395.60","No","248.30%","385.75%","CONSTRUCTION","(3.55)%","(0.10)%","(0.34)%","(0.10)%","7.94%","2.99%","6.06%","59.32%","(4.90)%",
"Atul Ltd.","ATUL","2,569.90%","2,490.05","Yes","1,795.40%","2,232.95%","CHEMICALS","(1.52)%","2.60%","2.09%","0.41%","(0.40)%","3.75%","5.96%","38.69%","(3.11)%",
"IDFC Bank Ltd.","IDFCBANK","83.40%","64.10","No","44.00%","60.15%","BANK","(1.76)%","(1.54)%","(2.44)%","9.01%","6.66%","5.86%","5.95%","45.68%","(23.14)%",
"Gruh Finance Ltd.","GRUH","438.70%","419.00","No","248.20%","373.65%","FINANCIAL SERVICES","(0.95)%","1.21%","5.01%","7.44%","11.73%","7.57%","5.93%","68.82%","(4.49)%",
"Jain Irrigation Systems Ltd.","JISLJALEQS","119.70%","100.00","No","62.50%","93.60%","INDUSTRIAL MANUFACTURING","(3.57)%","(3.75)%","(10.39)%","(9.99)%","0.05%","(1.62)%","5.88%","60.00%","(16.46)%",
"United Breweries Ltd.","UBL","977.45%","822.30","No","690.00%","768.00%","CONSUMER GOODS","(3.33)%","5.71%","6.93%","9.64%","8.81%","7.15%","5.72%","19.17%","(15.87)%",
"Dena Bank","DENABANK","50.10%","40.15","No","28.00%","38.00%","BANK","(2.31)%","(15.12)%","(9.47)%","3.61%","2.29%","4.02%","5.66%","43.39%","(19.86)%",
"SML Isuzu Ltd.","SMLISUZU","1,433.80%","1,313.00","No","892.00%","1,227.60%","AUTOMOBILE","(1.25)%","(1.35)%","(0.91)%","(1.20)%","(1.35)%","(0.08)%","5.63%","47.20%","(8.43)%",
"Nilkamal Ltd.","NILKAMAL","2,275.00%","2,121.00","No","1,080.35%","1,907.25%","INDUSTRIAL MANUFACTURING","(6.16)%","(2.57)%","(3.06)%","2.32%","7.22%","3.21%","5.63%","96.33%","(6.77)%",
"S H Kelkar and Company Ltd.","SHK","362.90%","312.50","No","208.00%","301.30%","CONSUMER GOODS","(0.62)%","(0.32)%","(3.55)%","(2.19)%","(1.81)%","3.31%","5.57%","50.24%","(13.89)%",
"Astral Poly Technik Ltd.","ASTRAL","610.00%","597.50","No","367.05%","550.50%","INDUSTRIAL MANUFACTURING","1.05%","1.44%","7.66%","5.38%","4.46%","5.92%","5.57%","62.78%","(2.05)%",
"Vakrangee Ltd.","VAKRANGEE","360.00%","348.50","Yes","162.00%","318.25%","IT","(0.94)%","(0.29)%","1.89%","0.46%","4.75%","5.61%","5.56%","115.12%","(3.19)%",
"Tata Chemicals Ltd.","TATACHEM","666.50%","628.85","No","400.25%","573.00%","CHEMICALS","(1.45)%","(0.66)%","(4.15)%","(1.50)%","1.77%","3.61%","5.55%","57.11%","(5.65)%",
"MOIL Ltd.","MOIL","428.90%","328.20","No","211.60%","315.50%","METALS","(0.35)%","(0.24)%","4.27%","3.63%","(2.77)%","0.98%","5.53%","55.10%","(23.48)%",
"Finolex Cables Ltd.","FINCABLES","572.80%","540.00","No","278.10%","461.20%","INDUSTRIAL MANUFACTURING","1.21%","2.86%","3.11%","0.19%","(1.64)%","1.69%","5.51%","94.17%","(5.73)%",
"Larsen & Toubro Infotech Ltd.","LTI","765.00%","751.20","No","598.00%","693.00%","IT","0.47%","1.36%","6.10%","3.48%","4.04%","5.21%","5.51%","25.62%","(1.80)%",
"Akzo Nobel India Ltd.","AKZOINDIA","2,089.00%","1,920.00","No","1,315.00%","1,645.00%","CONSUMER GOODS","(0.21)%","(3.03)%","(2.34)%","(0.26)%","2.95%","2.40%","5.49%","46.01%","(8.09)%",
"Techno Elt & Eng Co. Ltd.","TECHNO","414.90%","408.00","No","242.50%","349.00%","CONSTRUCTION","0.90%","1.43%","3.29%","5.40%","7.37%","3.28%","5.45%","68.25%","(1.66)%",
"AstraZenca Pharma India Ltd.","ASTRAZEN","1,145.00%","980.00","No","908.00%","936.00%","PHARMA","0.32%","(0.41)%","0.82%","(5.09)%","(4.48)%","3.81%","5.38%","7.93%","(14.41)%",
"Bharti Airtel Ltd.","BHARTIARTL","401.00%","364.00","No","283.05%","338.00%","TELECOM","(0.55)%","3.32%","2.54%","6.43%","6.46%","6.56%","5.32%","28.60%","(9.23)%",
"Power Grid Corporation of India Ltd.","POWERGRID","213.80%","207.10","No","139.50%","192.00%","ENERGY","(0.53)%","(1.38)%","(0.62)%","0.53%","3.86%","4.86%","5.29%","48.46%","(3.13)%",
"Cera Sanitaryware Ltd","CERA","3,315.00%","2,960.00","Yes","1,852.20%","2,579.00%","CONSTRUCTION","(1.60)%","(1.07)%","(5.22)%","0.41%","5.24%","1.37%","5.26%","59.81%","(10.71)%",
"ICICI Bank Ltd.","ICICIBANK","308.15%","296.95","No","217.70%","265.20%","BANK","(1.08)%","(1.69)%","6.85%","10.37%","5.10%","5.98%","5.19%","36.40%","(3.63)%",
"Johnson Controls - Hitachi Air Conditioning India Ltd.","JCHAC","1,889.95%","1,830.20","No","1,144.20%","1,550.00%","CONSUMER GOODS","0.57%","4.58%","1.85%","1.68%","(2.39)%","2.07%","5.18%","59.95%","(3.16)%",
"Amara Raja Batteries Ltd.","AMARAJABAT","1,079.70%","922.00","Yes","820.00%","866.80%","AUTOMOBILE","(0.16)%","4.76%","3.58%","5.53%","6.55%","2.22%","5.14%","12.44%","(14.61)%",
"MMTC Ltd.","MMTC","73.90%","64.10","No","35.30%","60.00%","SERVICES","(1.54)%","(1.84)%","(1.91)%","(4.40)%","1.18%","(1.31)%","5.08%","81.59%","(13.26)%",
"ICRA Ltd.","ICRA","4,550.00%","4,275.85","No","3,537.80%","4,100.05%","FINANCIAL SERVICES","(0.69)%","2.05%","1.81%","2.59%","3.47%","3.05%","5.05%","20.86%","(6.03)%",
"Marico Ltd.","MARICO","328.00%","314.00","Yes","234.80%","287.10%","CONSUMER GOODS","0.42%","3.22%","(0.10)%","4.49%","4.37%","5.02%","5.02%","33.73%","(4.27)%",
"HSIL Ltd.","HSIL","375.10%","341.00","No","255.50%","322.80%","CONSUMER GOODS","(1.30)%","(1.76)%","0.56%","(1.30)%","(0.97)%","(3.10)%","4.92%","33.46%","(9.09)%",
"Gujarat State Petronet Ltd.","GSPL","204.30%","173.25","No","127.05%","158.10%","ENERGY","(2.31)%","(0.57)%","(4.26)%","(10.70)%","0.79%","8.55%","4.78%","36.36%","(15.20)%",
"VST Industries Ltd.","VSTIND","3,239.00%","3,011.95","No","1,625.05%","2,792.00%","CONSUMER GOODS","0.46%","0.23%","(1.51)%","(1.69)%","(2.81)%","4.15%","4.76%","85.35%","(7.01)%",
"Bombay Burmah Trading Corporation Ltd.","BBTC","958.90%","882.00","No","352.80%","755.05%","CONSUMER GOODS","0.08%","0.15%","(6.02)%","(1.13)%","(0.07)%","4.58%","4.50%","150.00%","(8.02)%",
"BF Utilities Ltd.","BFUTILITIE","643.95%","451.40","No","355.55%","434.00%","CONSTRUCTION","(1.55)%","(0.35)%","(1.34)%","1.35%","0.61%","(2.58)%","4.49%","26.96%","(29.90)%",
"Voltas Ltd.","VOLTAS","446.00%","434.15","No","287.15%","384.75%","CONSTRUCTION","(1.25)%","2.38%","5.56%","5.12%","7.52%","5.16%","4.46%","51.19%","(2.66)%",
"Info Edge (India) Ltd.","NAUKRI","1,025.00%","839.75","No","731.05%","835.90%","IT","(0.55)%","0.03%","1.30%","3.29%","(0.11)%","(0.03)%","4.41%","14.87%","(18.07)%",
"BEML Ltd.","BEML","1,440.00%","1,363.00","No","771.00%","1,298.00%","INDUSTRIAL MANUFACTURING","(1.45)%","1.34%","(2.64)%","(0.22)%","(0.87)%","(1.73)%","4.36%","76.78%","(5.35)%",
"Balkrishna Industries Ltd.","BALKRISIND","1,583.30%","1,496.95","No","648.15%","1,428.90%","AUTOMOBILE","(0.21)%","(2.80)%","(1.83)%","6.54%","7.31%","6.17%","4.24%","130.96%","(5.45)%",
"Welspun Corp Ltd.","WELCORP","107.45%","84.40","No","55.05%","83.40%","METALS","0.48%","(3.04)%","2.18%","2.80%","2.43%","1.08%","4.20%","53.32%","(21.45)%",
"Jindal Poly Films Ltd.","JINDALPOLY","538.25%","409.40","No","299.00%","432.00%","INDUSTRIAL MANUFACTURING","(2.35)%","(2.35)%","(9.52)%","(2.52)%","(3.90)%","(1.11)%","4.16%","36.92%","(23.94)%",
"Capital First Ltd.","CAPF","814.00%","759.10","No","465.00%","709.00%","FINANCIAL SERVICES","(1.49)%","0.97%","(0.22)%","(0.91)%","(3.34)%","(0.18)%","4.13%","63.25%","(6.74)%",
"Thyrocare Technologies Ltd.","THYROCARE","780.00%","734.00","No","523.20%","702.05%","HEALTHCARE SERVICES","(0.06)%","2.26%","2.47%","0.82%","1.66%","(3.42)%","4.11%","40.29%","(5.90)%",
"Tata Elxsi Ltd.","TATAELXSI","1,941.75%","1,551.05","No","1,021.25%","1,477.60%","IT","0.88%","1.30%","2.33%","0.33%","0.89%","(0.32)%","4.10%","51.88%","(20.12)%",
"Bata India Ltd.","BATAINDIA","613.65%","568.00","No","399.20%","534.50%","CONSUMER GOODS","(0.90)%","(0.70)%","(2.39)%","(0.58)%","0.16%","1.54%","4.03%","42.28%","(7.44)%",
"Schneider Electric Infrastructure Ltd.","SCHNEIDER","173.75%","147.40","No","126.00%","135.60%","INDUSTRIAL MANUFACTURING","(0.81)%","0.14%","(2.09)%","(4.75)%","2.08%","2.18%","3.99%","16.98%","(15.17)%",
"Gujarat Fluorochemicals Ltd.","GUJFLUORO","816.00%","714.00","No","436.00%","604.00%","CHEMICALS","(1.79)%","(5.18)%","(7.49)%","(0.41)%","(2.46)%","(2.26)%","3.92%","63.76%","(12.50)%",
"Tata Coffee Ltd.","TATACOFFEE","150.00%","129.80","No","85.20%","121.40%","CONSUMER GOODS","(0.12)%","(2.41)%","2.65%","4.38%","3.02%","2.20%","3.88%","52.35%","(13.47)%",
"Idea Cellular Ltd.","IDEA","123.50%","92.15","No","65.80%","91.30%","TELECOM","1.49%","5.31%","7.46%","7.97%","7.28%","6.47%","3.71%","40.05%","(25.38)%",
"Muthoot Finance Ltd.","MUTHOOTFIN","419.40%","389.00","No","200.40%","347.00%","FINANCIAL SERVICES","(1.69)%","(1.43)%","(1.54)%","(4.40)%","(0.50)%","3.22%","3.71%","94.11%","(7.25)%",
"Granules India Ltd.","GRANULES","153.95%","142.95","No","91.45%","136.00%","PHARMA","(2.12)%","0.88%","(6.11)%","(4.54)%","2.80%","1.45%","3.66%","56.31%","(7.15)%",
"ITD Cementation India Ltd.","ITDCEM","193.90%","173.20","No","118.60%","157.00%","CONSTRUCTION","(4.91)%","(7.87)%","(8.91)%","(1.56)%","(2.70)%","(1.53)%","3.65%","46.04%","(10.68)%",
"Praj Industries Ltd.","PRAJIND","105.30%","83.25","No","70.10%","80.00%","INDUSTRIAL MANUFACTURING","(1.48)%","0.30%","(3.76)%","2.59%","3.54%","0.48%","3.54%","18.76%","(20.94)%",
"Bajaj Holdings & Investment Ltd.","BAJAJHLDNG","2,245.00%","2,179.95","No","1,465.00%","2,059.95%","FINANCIAL SERVICES","1.35%","4.91%","3.31%","3.26%","1.87%","2.49%","3.51%","48.80%","(2.90)%",
"Wonderla Holidays Ltd.","WONDERLA","419.50%","392.00","No","316.00%","379.00%","SERVICES","2.79%","4.09%","0.46%","1.03%","(1.01)%","1.23%","3.43%","24.05%","(6.56)%",
"Castrol India Ltd.","CASTROLIND","495.30%","437.30","No","353.20%","413.50%","ENERGY","(0.59)%","(0.96)%","(0.24)%","1.85%","1.43%","2.34%","3.38%","23.81%","(11.71)%",
"State Bank of India","SBIN","304.90%","297.85","No","166.40%","267.75%","BANK","(0.08)%","(0.32)%","2.92%","5.47%","2.00%","1.92%","3.17%","79.00%","(2.31)%",
"Mahindra & Mahindra Financial Services Ltd.","M&MFIN","404.90%","330.65","No","244.00%","309.50%","FINANCIAL SERVICES","(2.16)%","1.43%","(1.69)%","(4.35)%","(0.50)%","(1.06)%","3.17%","35.51%","(18.34)%",
"Carborundum Universal Ltd.","CARBORUNIV","307.30%","295.00","No","205.50%","272.50%","INDUSTRIAL MANUFACTURING","(0.39)%","1.20%","1.03%","0.20%","0.46%","(1.52)%","3.13%","43.55%","(4.00)%",
"BASF India Ltd.","BASF","1,398.50%","1,325.80","No","917.00%","1,219.00%","CHEMICALS","(0.83)%","0.78%","1.43%","2.62%","(1.35)%","1.84%","3.09%","44.58%","(5.20)%",
"TV Today Network Ltd.","TVTODAY","360.00%","271.00","No","249.10%","254.10%","MEDIA & ENTERTAINMENT","(1.38)%","1.48%","0.63%","(0.18)%","(3.90)%","(4.61)%","3.04%","8.79%","(24.72)%",
"Rolta India Ltd.","ROLTA","82.15%","59.55","No","51.00%","58.35%","IT","(1.00)%","","(1.65)%","(5.48)%","1.28%","(2.93)%","3.03%","16.76%","(27.51)%",
"Hindustan Petroleum Corporation Ltd.","HINDPETRO","583.00%","535.50","No","266.93%","511.55%","ENERGY","1.62%","0.75%","(0.09)%","(3.95)%","(4.14)%","2.04%","2.98%","100.61%","(8.15)%",
"Reliance Defence and Engineering Ltd.","RDEL","73.00%","65.75","No","48.30%","58.80%","INDUSTRIAL MANUFACTURING","(2.45)%","1.08%","1.00%","0.38%","1.86%","(4.36)%","2.90%","36.13%","(9.93)%",
"Century Plyboards (India) Ltd.","CENTURYPLY","270.70%","255.20","No","154.45%","241.80%","CONSUMER GOODS","(0.51)%","0.08%","(1.37)%","(1.47)%","(2.93)%","(1.83)%","2.86%","65.23%","(5.73)%",
"Deepak Fertilisers & Petrochemicals Corp. Ltd.","DEEPAKFERT","293.65%","260.50","No","149.10%","256.25%","CHEMICALS","0.56%","(1.68)%","(2.80)%","(7.36)%","(0.67)%","1.76%","2.76%","74.71%","(11.29)%",
"Unitech Ltd.","UNITECH","9.05%","5.60","No","3.65%","5.70%","CONSTRUCTION","0.90%","(1.75)%","(1.75)%","(4.27)%","(1.75)%","(7.44)%","2.75%","53.42%","(38.12)%",
"Max India Ltd.","MAXINDIA","180.00%","155.85","No","119.05%","151.50%","FINANCIAL SERVICES","0.19%","1.23%","(1.30)%","4.39%","5.16%","4.25%","2.60%","30.91%","(13.42)%",
"Trident Ltd.","TRIDENT","92.30%","86.90","No","42.00%","80.05%","TEXTILES","(1.08)%","(4.19)%","3.58%","3.08%","7.22%","5.08%","2.54%","106.90%","(5.85)%",
"Swan Energy Ltd.","SWANENERGY","213.85%","145.50","No","57.30%","155.85%","CONSTRUCTION","(3.10)%","(0.34)%","(6.19)%","(8.78)%","3.15%","3.08%","2.46%","153.93%","(31.96)%",
"Bosch Ltd.","BOSCHLTD","25,670.85%","23,450.00","No","17,671.60%","23,000.00%","AUTOMOBILE","(0.08)%","0.64%","2.40%","4.62%","1.06%","2.63%","2.40%","32.70%","(8.65)%",
"Blue Star Ltd.","BLUESTARCO","725.00%","664.50","No","401.50%","609.85%","CONSUMER GOODS","(1.50)%","(4.94)%","(4.22)%","(3.35)%","(0.76)%","(2.99)%","2.22%","65.50%","(8.34)%",
"Inox Leisure Ltd.","INOXLEISUR","308.80%","280.95","No","190.05%","246.85%","MEDIA & ENTERTAINMENT","(1.07)%","(0.58)%","(5.72)%","(5.40)%","(4.44)%","(5.72)%","2.16%","47.83%","(9.02)%",
"Ramkrishna Forgings Ltd.","RKFORGE","549.95%","471.95","No","255.00%","461.00%","INDUSTRIAL MANUFACTURING","(2.74)%","(2.49)%","(6.51)%","(4.12)%","(3.49)%","(8.40)%","2.15%","85.08%","(14.18)%",
"Navin Fluorine International Ltd.","NAVINFLUOR","3,240.00%","3,000.00","No","1,907.30%","2,897.00%","CHEMICALS","(1.46)%","(2.06)%","(4.46)%","(5.42)%","(3.85)%","(5.06)%","2.04%","57.29%","(7.41)%",
"Colgate Palmolive (India) Ltd.","COLPAL","1,049.00%","1,010.20","No","787.20%","977.85%","CONSUMER GOODS","0.05%","2.85%","(2.09)%","(2.93)%","(0.47)%","0.25%","2.04%","28.33%","(3.70)%",
"Page Industries Ltd.","PAGEIND","17,399.00%","15,050.00","Yes","12,387.35%","14,530.00%","TEXTILES","1.82%","4.04%","4.15%","8.09%","6.94%","4.05%","2.03%","21.49%","(13.50)%",
"Bharat Heavy Electricals Ltd.","BHEL","182.75%","170.95","No","113.75%","165.85%","INDUSTRIAL MANUFACTURING","(1.84)%","(2.68)%","(2.87)%","(2.26)%","(1.10)%","(4.74)%","2.00%","50.29%","(6.46)%",
"HT Media Ltd.","HTMEDIA","96.50%","83.30","No","68.90%","81.00%","MEDIA & ENTERTAINMENT","(0.54)%","0.66%","1.46%","0.48%","(3.20)%","(2.06)%","1.96%","20.90%","(13.68)%",
"CCL Products (I) Ltd.","CCL","372.00%","336.00","No","217.60%","338.50%","CONSUMER GOODS","(0.83)%","(1.47)%","(1.10)%","(3.60)%","(2.42)%","(2.88)%","1.82%","54.41%","(9.68)%",
"Cox & Kings Ltd.","COX&KINGS","241.80%","225.00","No","146.60%","208.50%","SERVICES","0.18%","1.40%","(0.88)%","1.81%","2.79%","1.72%","1.81%","53.48%","(6.95)%",
"Ashok Leyland Ltd.","ASHOKLEY","111.70%","85.50","No","73.50%","86.60%","AUTOMOBILE","(1.21)%","2.46%","(0.41)%","","3.20%","1.30%","1.79%","16.33%","(23.46)%",
"Ramco Systems Ltd.","RAMCOSYS","785.00%","378.10","No","285.00%","345.90%","IT","(1.74)%","(2.45)%","(6.18)%","(7.60)%","(2.30)%","(6.76)%","1.78%","32.67%","(51.83)%",
"Tata Global Beverages Ltd.","TATAGLOBAL","161.45%","152.60","No","114.25%","142.75%","CONSUMER GOODS","(0.91)%","0.10%","(0.13)%","0.93%","1.73%","0.03%","1.67%","33.57%","(5.48)%",
"Housing Development Finance Corporation Ltd.","HDFC","1,591.85%","1,549.00","No","1,158.40%","1,442.00%","FINANCIAL SERVICES","(1.04)%","1.31%","0.78%","3.05%","5.00%","4.55%","1.61%","33.72%","(2.69)%",
"Trent Ltd.","TRENT","276.60%","254.00","No","158.00%","246.00%","CONSUMER GOODS","(1.21)%","(1.36)%","0.51%","(4.13)%","(5.58)%","(5.75)%","1.46%","60.76%","(8.17)%",
"Alembic Pharmaceuticals Ltd.","APLLTD","699.00%","602.00","Yes","514.60%","592.00%","PHARMA","(1.20)%","2.90%","(1.35)%","(0.99)%","(3.99)%","(2.90)%","1.43%","16.98%","(13.88)%",
"Shree Renuka Sugars Ltd.","RENUKA","19.15%","14.40","No","11.25%","14.80%","CONSUMER GOODS","(0.69)%","0.70%","(2.37)%","(6.49)%","(1.71)%","(7.10)%","1.41%","28.00%","(24.80)%",
"GlaxoSmithkline Consumer Healthcare Ltd.","GSKCONS","6,600.00%","5,230.00","No","4,708.00%","5,435.00%","CONSUMER GOODS","(0.30)%","0.75%","1.97%","(0.35)%","(1.88)%","1.20%","1.36%","11.09%","(20.76)%",
"Equitas Holdings Ltd.","EQUITAS","206.25%","162.25","No","138.35%","156.75%","FINANCIAL SERVICES","(1.85)%","0.59%","(2.35)%","(5.56)%","(2.64)%","(3.51)%","1.31%","17.28%","(21.33)%",
"Vardhman Textiles Ltd.","VTL","1,404.00%","1,310.15","Yes","828.00%","1,334.70%","TEXTILES","(1.49)%","(1.34)%","0.94%","0.55%","(0.29)%","(2.95)%","1.27%","58.23%","(6.68)%",
"Manpasand Beverages Ltd.","MANPASAND","777.00%","735.00","No","492.05%","705.60%","CONSUMER GOODS","5.58%","6.37%","4.99%","2.65%","1.66%","3.67%","1.24%","49.38%","(5.41)%",
"GMR Infrastructure Ltd.","GMRINFRA","18.65%","16.60","No","10.20%","16.05%","CONSTRUCTION","(0.60)%","(2.35)%","(3.77)%","(5.95)%","6.41%","1.22%","1.22%","62.75%","(10.99)%",
"Kaveri Seed Company Ltd.","KSCL","589.60%","545.05","Yes","324.50%","538.00%","CONSUMER GOODS","(0.85)%","(2.69)%","(3.62)%","(3.70)%","0.17%","(0.92)%","1.20%","67.97%","(7.56)%",
"Relaxo Footwears Ltd.","RELAXO","528.00%","484.00","No","350.00%","466.00%","CONSUMER GOODS","(0.23)%","0.21%","(2.42)%","(1.01)%","(1.22)%","(1.43)%","1.16%","38.29%","(8.33)%",
"Jet Airways (India) Ltd.","JETAIRWAYS","669.90%","517.50","No","332.60%","460.00%","SERVICES","(2.69)%","(3.81)%","(0.48)%","2.68%","3.09%","(0.48)%","1.15%","55.59%","(22.75)%",
"Nitin Fire Protection Industries Ltd.","NITINFIRE","37.30%","22.15","No","21.20%","22.10%","INDUSTRIAL MANUFACTURING","(2.85)%","(4.11)%","(6.93)%","(8.85)%","(5.74)%","(13.98)%","1.14%","4.48%","(40.62)%",
"Kesoram Industries Ltd.","KESORAMIND","201.25%","143.70","No","105.40%","147.80%","AUTOMOBILE","(1.07)%","(1.91)%","(13.82)%","(13.75)%","(5.40)%","(3.82)%","1.13%","36.34%","(28.60)%",
"Mahanagar Telephone Nigam Ltd.","MTNL","27.45%","24.35","No","15.60%","24.10%","TELECOM","(0.81)%","1.46%","(6.70)%","(6.70)%","(6.35)%","(4.32)%","1.04%","56.09%","(11.29)%",
"Dabur India Ltd.","DABUR","320.00%","278.45","Yes","259.15%","284.00%","CONSUMER GOODS","0.07%","1.62%","(2.74)%","(4.36)%","(2.98)%","(2.32)%","0.98%","7.45%","(12.98)%",
"IndusInd Bank Ltd.","INDUSINDBK","1,483.45%","1,413.00","Yes","1,036.10%","1,379.60%","BANK","(0.93)%","(1.52)%","(2.54)%","(1.72)%","(1.64)%","(0.56)%","0.94%","36.38%","(4.75)%",
"KRBL Ltd.","KRBL","444.00%","409.10","No","217.50%","408.00%","CONSUMER GOODS","(1.59)%","(1.56)%","(7.02)%","(5.52)%","0.27%","0.20%","0.76%","88.09%","(7.86)%",
"Indo Count Industries Ltd.","ICIL","210.05%","197.95","No","135.00%","194.75%","TEXTILES","(2.97)%","(3.04)%","(4.09)%","2.51%","2.35%","0.23%","0.66%","46.63%","(5.76)%",
"Himatsingka Seide Ltd.","HIMATSEIDE","384.95%","347.15","No","211.00%","352.00%","TEXTILES","(0.09)%","2.10%","2.40%","1.21%","1.36%","(0.30)%","0.64%","64.53%","(9.82)%",
"CARE Ltd.","CARERATING","1,721.00%","1,590.00","No","951.00%","1,480.50%","FINANCIAL SERVICES","(0.29)%","2.32%","0.77%","1.99%","2.18%","(1.55)%","0.63%","67.19%","(7.61)%",
"PI Industries Ltd.","PIIND","963.95%","835.55","No","591.60%","849.00%","FERTILISERS & PESTICIDES","(2.97)%","(1.35)%","(3.85)%","(4.18)%","0.31%","(0.77)%","0.55%","41.24%","(13.32)%",
"WABCO India Ltd.","WABCOINDIA","6,525.00%","5,850.00","No","4,780.00%","5,436.00%","AUTOMOBILE","(2.30)%","(0.65)%","(2.26)%","(3.74)%","(3.88)%","1.69%","0.52%","22.38%","(10.34)%",
"Aban Offshore Ltd.","ABAN","285.95%","221.00","No","188.30%","218.50%","ENERGY","(1.34)%","0.64%","(1.65)%","(2.86)%","(5.27)%","(4.08)%","0.45%","17.37%","(22.71)%",
"L&T Technology Services Ltd.","LTTS","931.45%","764.95","No","729.00%","784.00%","IT","0.68%","(0.01)%","(0.13)%","4.08%","(1.55)%","(3.78)%","0.45%","4.93%","(17.88)%",
"Rallis India Ltd.","RALLIS","265.25%","248.10","No","180.40%","243.60%","FERTILISERS & PESTICIDES","(0.60)%","5.35%","2.52%","(2.51)%","(0.56)%","(2.44)%","0.45%","37.53%","(6.47)%",
"Tide Water Oil (India) Ltd.","TIDEWATER","6,595.00%","5,951.30","No","5,200.00%","6,012.00%","ENERGY","(0.19)%","(0.51)%","(2.12)%","(1.12)%","(2.50)%","(2.92)%","0.41%","14.45%","(9.76)%",
"Welspun India Ltd.","WELSPUNIND","119.90%","89.10","No","46.05%","80.75%","TEXTILES","(1.05)%","(5.51)%","(6.90)%","(5.31)%","1.02%","4.52%","0.39%","93.49%","(25.69)%",
"Oracle Financial Services Software Ltd.","OFSS","4,088.00%","3,770.00","No","2,808.40%","3,814.15%","IT","(0.46)%","0.67%","5.87%","5.37%","0.80%","(2.96)%","0.39%","34.24%","(7.78)%",
"Sundram Fasteners Ltd.","SUNDRMFAST","426.90%","392.35","No","156.80%","371.75%","AUTOMOBILE","(1.06)%","(3.36)%","(2.16)%","(1.17)%","(2.94)%","(1.15)%","0.37%","150.22%","(8.09)%",
"Arvind Ltd.","ARVIND","426.85%","396.00","No","282.85%","385.20%","TEXTILES","(2.93)%","(4.58)%","(0.75)%","(0.78)%","0.33%","(1.86)%","0.37%","40.00%","(7.23)%",
"Axis Bank Ltd.","AXISBANK","638.30%","503.90","No","424.40%","485.50%","BANK","(2.51)%","(1.29)%","(1.00)%","3.68%","(0.78)%","(0.81)%","0.27%","18.73%","(21.06)%",
"Bharat Financial Inclusion Ltd.","BHARATFIN","939.00%","799.90","No","465.10%","807.25%","FINANCIAL SERVICES","2.89%","3.77%","(0.49)%","7.23%","3.63%","3.89%","0.24%","71.98%","(14.81)%",
"Bombay Dyeing & Manufacturing Co. Ltd.","BOMDYEING","92.40%","82.90","No","41.60%","74.75%","TEXTILES","(1.84)%","(1.07)%","(4.33)%","(5.58)%","0.12%","(0.60)%","0.18%","99.28%","(10.28)%",
"Zensar Technolgies Ltd.","ZENSARTECH","1,136.00%","902.25","No","815.10%","927.00%","IT","0.97%","2.16%","4.31%","(0.30)%","(0.74)%","(1.64)%","0.14%","10.69%","(20.58)%",
"GVK Power & Infrastructures Ltd.","GVKPIL","7.70%","6.10","No","4.10%","5.85%","CONSTRUCTION","(1.61)%","1.67%","(2.40)%","(6.15)%","1.67%","(2.40)%","","48.78%","(20.78)%",
"Hindustan Media Vent Ltd.","HMVL","314.00%","278.10","No","252.20%","289.00%","MEDIA & ENTERTAINMENT","(0.86)%","(2.28)%","(4.07)%","(3.94)%","(3.79)%","(3.82)%","(0.14)%","10.27%","(11.43)%",
"NLC India Ltd.","NLCINDIA","122.90%","103.90","No","67.50%","117.25%","ENERGY","0.19%","1.81%","(1.24)%","(1.05)%","(3.97)%","(4.28)%","(0.24)%","53.93%","(15.46)%",
"Gateway Distriparks Ltd.","GDL","325.65%","253.75","No","210.35%","256.10%","SERVICES","1.56%","2.19%","(4.82)%","(6.64)%","(9.36)%","(2.40)%","(0.26)%","20.63%","(22.08)%",
"Orissa Min Dev Co Ltd.","ORISSAMINE","2,694.00%","2,063.20","No","1,800.00%","2,140.00%","METALS","(0.87)%","0.94%","(2.27)%","(3.18)%","(4.28)%","(4.62)%","(0.32)%","14.62%","(23.41)%",
"Divi's Laboratories Ltd.","DIVISLAB","1,381.60%","625.00","Yes","606.00%","626.05%","PHARMA","(1.61)%","(0.69)%","(0.45)%","(0.95)%","(3.70)%","(0.45)%","(0.36)%","3.14%","(54.76)%",
"IDBI Bank Ltd.","IDBI","86.40%","75.45","No","62.75%","75.60%","BANK","(3.08)%","(4.67)%","(3.27)%","4.57%","2.31%","(1.11)%","(0.40)%","20.24%","(12.67)%",
"Narayana Hrudayalaya Ltd.","NH","379.00%","305.50","No","281.00%","315.00%","HEALTHCARE SERVICES","(1.32)%","1.83%","(5.71)%","(3.63)%","(5.45)%","(4.13)%","(0.41)%","8.72%","(19.39)%",
"D.B.Corp Ltd.","DBCORP","447.70%","369.40","No","310.25%","379.00%","MEDIA & ENTERTAINMENT","(0.83)%","(2.60)%","(2.79)%","(2.96)%","(3.79)%","(5.98)%","(0.43)%","19.07%","(17.49)%",
"Hindalco Industries Ltd.","HINDALCO","203.90%","191.40","No","83.50%","193.25%","METALS","(1.16)%","3.71%","(3.82)%","1.86%","4.53%","(1.26)%","(0.57)%","129.22%","(6.13)%",
"Zee Entertainment Enterprises Ltd.","ZEEL","589.90%","527.10","Yes","419.00%","521.50%","MEDIA & ENTERTAINMENT","(3.24)%","4.95%","(0.26)%","(0.15)%","1.09%","(4.71)%","(0.61)%","25.80%","(10.65)%",
"Thomas Cook (India) Ltd.","THOMASCOOK","238.30%","218.80","No","165.00%","211.50%","SERVICES","1.30%","5.45%","7.20%","1.09%","0.55%","(2.43)%","(0.66)%","32.61%","(8.18)%",
"Wipro Ltd.","WIPRO","577.80%","507.00","No","408.10%","500.45%","IT","0.47%","0.90%","2.32%","4.00%","2.22%","(1.54)%","(0.78)%","24.23%","(12.25)%",
"Oil & Natural Gas Corporation Ltd.","ONGC","211.80%","185.00","No","133.33%","192.80%","ENERGY","0.76%","(0.46)%","(0.56)%","2.72%","0.05%","(1.57)%","(0.91)%","38.75%","(12.65)%",
"Whirlpool of India Ltd.","WHIRLPOOL","1,288.50%","1,176.05","No","717.00%","1,111.00%","CONSUMER GOODS","(2.55)%","(2.36)%","(3.13)%","(2.49)%","(3.38)%","(2.99)%","(0.92)%","64.02%","(8.73)%",
"Triveni Turbine Ltd.","TRITURBINE","148.00%","139.00","No","105.00%","126.65%","INDUSTRIAL MANUFACTURING","0.65%","0.76%","0.98%","(1.00)%","","(1.45)%","(0.93)%","32.38%","(6.08)%",
"8K Miles Soft Services Ltd.","8KMILES","839.90%","593.00","No","472.05%","592.65%","IT","(3.83)%","(1.82)%","6.80%","3.26%","(0.84)%","(1.82)%","(1.17)%","25.62%","(29.40)%",
"NHPC Ltd.","NHPC","33.20%","30.80","No","20.90%","29.75%","ENERGY","(0.96)%","(2.38)%","(3.45)%","(4.05)%","(5.38)%","(6.53)%","(1.28)%","47.37%","(7.23)%",
"United Spirits Ltd.","MCDOWELL-N","2,729.00%","2,175.00","No","1,773.45%","2,142.00%","CONSUMER GOODS","1.81%","14.17%","15.32%","14.41%","14.17%","6.88%","(1.33)%","22.64%","(20.30)%",
"CRISIL Ltd.","CRISIL","2,500.00%","1,876.25","No","1,811.55%","1,885.00%","FINANCIAL SERVICES","(0.13)%","(0.73)%","(4.33)%","(2.02)%","(6.19)%","(4.71)%","(1.51)%","3.57%","(24.95)%",
"Shriram City Union Finance Ltd.","SHRIRAMCIT","2,610.00%","2,135.00","No","1,504.00%","1,992.00%","FINANCIAL SERVICES","(1.48)%","(1.02)%","(3.96)%","(7.17)%","(5.16)%","(4.69)%","(1.57)%","41.95%","(18.20)%",
"TV18 Broadcast Ltd.","TV18BRDCST","50.00%","41.40","No","34.30%","43.05%","MEDIA & ENTERTAINMENT","(2.01)%","3.24%","(1.08)%","(1.43)%","(5.37)%","(7.17)%","(1.66)%","20.70%","(17.20)%",
"Steel Authority of India Ltd.","SAIL","68.60%","60.25","No","38.45%","61.45%","METALS","(1.23)%","(0.41)%","(0.25)%","0.08%","(2.98)%","(10.87)%","(1.87)%","56.70%","(12.17)%",
"Balmer Lawrie & Co. Ltd.","BALMLAWRIE","286.75%","231.05","No","140.24%","231.00%","SERVICES","(0.35)%","(0.41)%","(2.39)%","(3.33)%","(1.13)%","(5.27)%","(2.10)%","64.75%","(19.42)%",
"Dr. Reddy's Laboratories Ltd.","DRREDDY","3,689.85%","2,575.00","No","2,521.95%","2,636.25%","PHARMA","(0.73)%","(0.89)%","(0.89)%","(1.45)%","(2.55)%","(4.98)%","(2.17)%","2.10%","(30.21)%",
"Indraprastha Gas Ltd.","IGL","1,084.40%","992.60","No","555.10%","1,002.50%","ENERGY","(1.91)%","(2.21)%","(6.07)%","(6.35)%","(3.54)%","(0.12)%","(2.33)%","78.81%","(8.47)%",
"Persistent Systems Ltd.","PERSISTENT","742.40%","585.80","No","559.00%","612.95%","IT","0.25%","0.14%","(0.20)%","3.68%","3.65%","1.53%","(2.37)%","4.79%","(21.09)%",
"Hindustan Copper Ltd.","HINDCOPPER","73.80%","63.50","No","42.00%","66.00%","METALS","(0.31)%","(0.63)%","(3.50)%","(4.08)%","(3.64)%","(7.90)%","(2.46)%","51.19%","(13.96)%",
"I T C Ltd.","ITC","292.90%","275.90","No","210.07%","279.40%","CONSUMER GOODS","(0.27)%","0.95%","(0.68)%","0.27%","(0.81)%","0.69%","(2.51)%","31.34%","(5.80)%",
"KPIT Technologies Ltd.","KPIT","196.85%","128.10","No","121.05%","131.25%","IT","(0.54)%","(0.19)%","(0.19)%","(2.88)%","(0.70)%","(1.61)%","(2.51)%","5.82%","(34.93)%",
"Reliance Power Ltd.","RPOWER","56.45%","46.65","No","38.05%","47.30%","ENERGY","(0.85)%","(0.21)%","(4.60)%","(1.27)%","(1.58)%","(6.51)%","(2.71)%","22.60%","(17.36)%",
"Sun Pharma Advanced Research Company Ltd.","SPARC","414.90%","312.00","No","270.00%","324.90%","PHARMA","(1.17)%","(0.61)%","(1.58)%","(5.68)%","(6.92)%","(9.60)%","(2.79)%","15.56%","(24.80)%",
"Tata Consultancy Services Ltd.","TCS","2,744.80%","2,369.90","No","2,051.90%","2,472.30%","IT","0.87%","1.19%","4.17%","2.50%","1.49%","(1.05)%","(3.00)%","15.50%","(13.66)%",
"HCL Technologies Ltd.","HCLTECH","890.15%","847.50","No","706.40%","870.00%","IT","1.05%","0.65%","3.84%","4.50%","4.37%","(0.53)%","(3.03)%","19.97%","(4.79)%",
"GHCL Ltd.","GHCL","299.00%","251.00","No","137.80%","263.00%","CHEMICALS","(1.99)%","(0.02)%","(3.65)%","(4.38)%","(6.97)%","(8.89)%","(3.13)%","82.15%","(16.05)%",
"NTPC Ltd.","NTPC","178.25%","159.00","No","133.40%","161.00%","ENERGY","(0.78)%","(1.24)%","(3.34)%","(4.79)%","(3.37)%","(5.22)%","(3.37)%","19.19%","(10.80)%",
"Dredging Corporation of India Ltd.","DREDGECORP","720.00%","652.75","No","351.60%","679.00%","SERVICES","(2.06)%","1.99%","1.99%","(3.67)%","(3.02)%","(4.15)%","(3.38)%","85.65%","(9.34)%",
"Yes Bank Ltd.","YESBANK","1,651.90%","1,491.00","No","928.00%","1,465.05%","BANK","(5.47)%","(7.75)%","(8.86)%","(3.37)%","(7.85)%","(4.50)%","(3.43)%","60.67%","(9.74)%",
"Oil India Ltd.","OIL","371.26%","319.50","No","241.51%","329.00%","ENERGY","0.74%","(1.57)%","(2.19)%","(1.42)%","(4.60)%","(4.38)%","(3.47)%","32.29%","(13.94)%",
"Jubilant Life Sciences Ltd.","JUBILANT","878.00%","773.10","No","285.00%","790.35%","PHARMA","(0.86)%","1.19%","0.53%","(4.02)%","(7.63)%","(7.09)%","(3.48)%","171.26%","(11.95)%",
"Tech Mahindra Ltd.","TECHM","564.00%","441.00","No","405.50%","474.50%","IT","1.44%","4.75%","5.69%","3.17%","2.81%","(1.57)%","(3.61)%","8.75%","(21.81)%",
"Videocon Industries Ltd.","VIDEOIND","115.00%","99.75","No","94.95%","103.45%","CONSUMER GOODS","(0.84)%","(3.81)%","(3.90)%","(3.95)%","(4.04)%","(4.09)%","(3.67)%","5.06%","(13.26)%",
"Gujarat Gas Ltd.","GUJGASLTD","881.00%","770.00","No","470.00%","728.50%","ENERGY","(0.72)%","(2.56)%","(8.65)%","(7.31)%","(5.29)%","(0.68)%","(3.69)%","63.83%","(12.60)%",
"Gujarat Pipavav Port Ltd.","GPPL","197.80%","159.80","No","121.00%","165.00%","SERVICES","(2.80)%","0.92%","(0.13)%","(0.19)%","(1.96)%","(3.79)%","(3.73)%","32.07%","(19.21)%",
"Dr. Lal Path Labs Ltd.","LALPATHLAB","1,280.00%","901.00","No","770.00%","937.00%","HEALTHCARE SERVICES","(6.54)%","(6.14)%","(6.54)%","(5.55)%","(7.02)%","(6.83)%","(3.74)%","17.01%","(29.61)%",
"J.B. Chemicals & Pharmaceuticals Ltd.","JBCHEPHARM","403.90%","336.60","No","231.30%","338.75%","PHARMA","2.19%","3.57%","1.57%","(0.01)%","0.73%","(5.82)%","(3.75)%","45.53%","(16.66)%",
"Symphony Ltd.","SYMPHONY","1,570.00%","1,455.00","No","1,071.05%","1,525.00%","CONSUMER GOODS","(1.63)%","(1.15)%","1.46%","(1.02)%","(2.48)%","(3.94)%","(3.83)%","35.85%","(7.32)%",
"SJVN Ltd.","SJVN","36.60%","32.85","No","25.95%","32.60%","ENERGY","1.39%","(6.14)%","(6.01)%","(6.28)%","(6.41)%","(6.54)%","(3.95)%","26.59%","(10.25)%",
"Pfizer Ltd.","PFIZER","2,049.50%","1,746.00","No","1,656.60%","1,789.00%","PHARMA","1.80%","2.22%","0.92%","(4.07)%","(7.81)%","(7.19)%","(4.07)%","5.40%","(14.81)%",
"Radico Khaitan Ltd","RADICO","150.40%","127.20","No","83.55%","122.75%","CONSUMER GOODS","(0.86)%","5.12%","3.79%","0.83%","11.09%","(0.39)%","(4.07)%","52.24%","(15.43)%",
"Kolte-Patil Developers Ltd.","KOLTEPATIL","204.05%","181.35","No","78.40%","159.25%","CONSTRUCTION","(2.32)%","(3.13)%","(2.71)%","(0.90)%","2.52%","(1.71)%","(4.07)%","131.31%","(11.12)%",
"Zydus Wellness Ltd.","ZYDUSWELL","928.00%","841.90","No","701.00%","856.80%","CONSUMER GOODS","(1.56)%","(3.12)%","(3.22)%","(2.87)%","(2.68)%","(2.68)%","(4.17)%","20.10%","(9.28)%",
"eClerx Services Ltd.","ECLERX","1,784.40%","1,319.00","No","1,275.00%","1,390.50%","IT","(1.10)%","0.38%","0.46%","0.08%","(3.37)%","(5.11)%","(4.35)%","3.45%","(26.08)%",
"Kitex Garments Ltd.","KITEX","543.00%","399.70","No","352.70%","420.00%","TEXTILES","(0.25)%","(1.06)%","(18.43)%","(21.80)%","(6.83)%","(9.83)%","(4.38)%","13.33%","(26.39)%",
"AIA Engineering Ltd.","AIAENG","1,675.00%","1,485.00","No","914.05%","1,486.00%","INDUSTRIAL MANUFACTURING","(1.58)%","(0.92)%","(2.43)%","(2.80)%","(2.58)%","(5.15)%","(4.38)%","62.46%","(11.34)%",
"Aegis Logistics Ltd.","AEGISCHEM","214.00%","191.00","No","107.05%","202.00%","ENERGY","(1.32)%","(2.03)%","(1.16)%","2.74%","2.25%","(2.05)%","(4.50)%","78.42%","(10.75)%",
"Sun Pharmaceutical Industries Ltd.","SUNPHARMA","854.95%","655.00","No","571.90%","699.90%","PHARMA","1.01%","2.66%","1.88%","2.58%","(5.28)%","(4.48)%","(4.52)%","14.53%","(23.39)%",
"Sonata Software Ltd.","SONATSOFTW","224.00%","163.25","No","137.90%","168.00%","IT","(0.91)%","0.46%","(3.66)%","(2.25)%","(4.53)%","(6.10)%","(4.53)%","18.38%","(27.12)%",
"Rain Industries Ltd","RAIN","122.80%","104.30","No","30.30%","99.90%","CHEMICALS","(1.79)%","(3.96)%","(7.41)%","0.29%","(1.79)%","(3.07)%","(4.75)%","244.22%","(15.07)%",
"MphasiS Ltd.","MPHASIS","624.00%","570.05","No","458.00%","592.25%","IT","(0.73)%","(2.73)%","6.01%","6.36%","5.37%","1.77%","(4.75)%","24.47%","(8.65)%",
"Sundaram Finance Ltd.","SUNDARMFIN","1,740.10%","1,509.00","No","1,102.00%","1,577.00%","FINANCIAL SERVICES","(0.69)%","(0.74)%","(5.69)%","(6.39)%","(8.21)%","(10.18)%","(4.91)%","36.93%","(13.28)%",
"Va Tech Wabag Ltd.","WABAG","736.90%","660.00","No","449.95%","589.50%","SERVICES","(1.17)%","(1.23)%","(1.93)%","(5.65)%","0.28%","(5.64)%","(5.02)%","46.68%","(10.44)%",
"Cipla Ltd.","CIPLA","621.25%","565.05","No","457.45%","595.50%","PHARMA","0.55%","2.55%","1.61%","0.01%","(2.31)%","(4.29)%","(5.03)%","23.52%","(9.05)%",
"Delta Corp Ltd.","DELTACORP","218.30%","168.90","No","78.20%","177.10%","CONSTRUCTION","(2.54)%","4.78%","4.68%","(0.76)%","(0.03)%","(9.10)%","(5.11)%","115.98%","(22.63)%",
"Jindal Steel & Power Ltd.","JINDALSTEL","135.25%","111.80","No","57.85%","124.45%","METALS","(2.32)%","0.49%","(1.84)%","(0.27)%","(8.66)%","(16.16)%","(5.49)%","93.26%","(17.34)%",
"Zee Learn Ltd.","ZEELEARN","51.10%","46.25","No","26.50%","48.00%","MEDIA & ENTERTAINMENT","(1.70)%","(1.70)%","(2.53)%","(0.32)%","(0.32)%","(3.95)%","(5.61)%","74.53%","(9.49)%",
"Manappuram Finance Ltd.","MANAPPURAM","106.90%","94.00","No","39.80%","89.00%","FINANCIAL SERVICES","(1.78)%","4.44%","0.64%","(1.83)%","0.53%","(1.00)%","(5.62)%","136.18%","(12.07)%",
"Ruchi Soya Industries Ltd.","RUCHISOYA","31.80%","26.00","No","17.80%","27.00%","CONSUMER GOODS","(0.76)%","0.39%","2.56%","0.39%","3.79%","(1.70)%","(5.63)%","46.07%","(18.24)%",
"NMDC Ltd.","NMDC","152.40%","125.95","No","85.20%","133.55%","METALS","1.25%","1.45%","(1.22)%","(2.67)%","(2.70)%","(8.00)%","(5.66)%","47.83%","(17.36)%",
"Container Corporation of India Ltd.","CONCOR","1,240.00%","1,180.00","No","844.44%","1,241.30%","SERVICES","1.38%","(0.41)%","(3.04)%","(0.86)%","(0.42)%","11.66%","(5.76)%","39.74%","(4.84)%",
"Gati Ltd.","GATI","189.35%","134.00","No","106.90%","138.55%","SERVICES","(1.18)%","2.10%","(0.92)%","(2.37)%","(2.37)%","(5.57)%","(5.77)%","25.35%","(29.23)%",
"Bajaj Corp Ltd.","BAJAJCORP","435.70%","365.00","No","324.50%","374.00%","CONSUMER GOODS","(2.41)%","(1.88)%","(7.36)%","(8.04)%","(13.30)%","(9.77)%","(5.81)%","12.48%","(16.23)%",
"Coal India Ltd.","COALINDIA","349.95%","276.70","No","273.10%","292.65%","METALS","0.91%","(0.88)%","(0.04)%","(0.11)%","(5.08)%","(3.37)%","(5.82)%","1.32%","(20.93)%",
"Strides Shasun Ltd.","STAR","1,274.70%","1,043.00","No","918.00%","1,145.60%","PHARMA","(2.75)%","(0.95)%","(3.03)%","(4.05)%","(5.61)%","(6.78)%","(6.12)%","13.62%","(18.18)%",
"Kwality Ltd.","KWALITY","168.80%","145.50","No","98.65%","156.00%","CONSUMER GOODS","(0.31)%","(2.02)%","(3.64)%","(10.41)%","(7.91)%","(10.68)%","(6.13)%","47.49%","(13.80)%",
"Unichem Laboratories Ltd.","UNICHEMLAB","328.00%","263.55","No","233.25%","281.20%","PHARMA","0.09%","(0.64)%","(3.99)%","(7.75)%","(7.91)%","(6.21)%","(6.54)%","12.99%","(19.65)%",
"Infosys Ltd.","INFY","1,279.30%","965.45","No","901.00%","1,027.50%","IT","2.26%","2.37%","4.83%","4.66%","3.49%","(3.21)%","(6.61)%","7.15%","(24.53)%",
"Shriram Transport Finance Co. Ltd.","SRTRANSFIN","1,324.40%","986.00","No","778.05%","1,025.90%","FINANCIAL SERVICES","(2.83)%","(1.11)%","(5.19)%","(6.28)%","(6.24)%","(9.68)%","(6.70)%","26.73%","(25.55)%",
"Torrent Power Ltd.","TORNTPOWER","241.95%","212.40","No","159.30%","215.00%","ENERGY","(4.97)%","(6.37)%","(6.47)%","(2.79)%","(1.53)%","(8.29)%","(6.72)%","33.33%","(12.21)%",
"Tata Motors Ltd DVR","TATAMTRDVR","378.15%","264.00","No","257.45%","277.40%","AUTOMOBILE","(0.34)%","1.09%","(5.65)%","(2.48)%","(4.68)%","(7.69)%","(6.81)%","2.54%","(30.19)%",
"Wockhardt Ltd.","WOCKPHARMA","1,129.05%","675.30","No","627.20%","729.00%","PHARMA","(1.35)%","(0.35)%","(5.95)%","(8.84)%","(11.27)%","(11.52)%","(6.86)%","7.67%","(40.19)%",
"Advanced Enzyme Tech Ltd.","ADVENZYMES","2,375.50%","1,895.00","No","1,168.00%","2,110.65%","CONSUMER GOODS","(2.29)%","(6.54)%","(8.01)%","(12.89)%","(7.92)%","(10.61)%","(6.88)%","62.24%","(20.23)%",
"Tata Communications Ltd.","TATACOMM","783.90%","673.10","No","425.05%","726.25%","TELECOM","1.02%","3.23%","(6.70)%","(4.59)%","(5.33)%","(6.25)%","(6.97)%","58.36%","(14.13)%",
"Aurobindo Pharma Ltd.","AUROPHARMA","895.00%","623.10","No","581.60%","678.95%","PHARMA","(0.07)%","3.13%","2.48%","(1.61)%","(5.25)%","(7.10)%","(7.00)%","7.14%","(30.38)%",
"Greaves Cotton Ltd.","GREAVESCOT","178.55%","158.60","No","115.35%","164.35%","INDUSTRIAL MANUFACTURING","(1.03)%","(4.34)%","(8.30)%","(4.97)%","(2.40)%","(6.46)%","(7.47)%","37.49%","(11.17)%",
"Dish TV India Ltd.","DISHTV","111.00%","98.15","No","76.05%","106.00%","MEDIA & ENTERTAINMENT","2.45%","1.87%","3.75%","(0.36)%","(3.40)%","(4.75)%","(7.62)%","29.06%","(11.58)%",
"Bliss GVS Pharma Ltd.","BLISSGVS","187.70%","164.05","No","79.05%","173.65%","PHARMA","(1.12)%","(2.58)%","(3.24)%","(2.93)%","(4.87)%","(1.77)%","(7.63)%","107.53%","(12.60)%",
"Snowman Logistics Ltd.","SNOWMAN","93.95%","60.25","No","48.10%","63.00%","SERVICES","(0.74)%","","(1.07)%","(2.98)%","(3.45)%","(6.66)%","(7.66)%","25.26%","(35.87)%",
"Tata Motors Ltd.","TATAMOTORS","598.40%","432.00","No","376.10%","460.50%","AUTOMOBILE","1.06%","2.22%","(5.95)%","(1.86)%","(5.10)%","(8.47)%","(7.94)%","14.86%","(27.81)%",
"Firstsource Solutions Ltd.","FSL","53.65%","38.40","No","30.85%","41.10%","IT","(1.03)%","(1.29)%","(11.42)%","(11.93)%","(5.54)%","(8.90)%","(8.13)%","24.47%","(28.42)%",
"National Aluminium Co. Ltd.","NATIONALUM","79.95%","66.40","No","40.25%","74.35%","METALS","(1.12)%","1.07%","(3.63)%","(0.75)%","(8.41)%","(10.39)%","(8.29)%","64.97%","(16.95)%",
"Ipca Laboratories Ltd.","IPCALAB","657.60%","550.00","No","404.00%","554.90%","PHARMA","(1.82)%","1.66%","(7.52)%","(8.03)%","(9.54)%","(13.93)%","(8.52)%","36.14%","(16.36)%",
"Tata Power Co. Ltd.","TATAPOWER","91.15%","82.25","No","67.00%","87.00%","ENERGY","(0.42)%","(1.14)%","(2.95)%","(2.43)%","(3.24)%","(5.78)%","(8.66)%","22.76%","(9.76)%",
"Jaiprakash Associates Ltd.","JPASSOCIAT","16.80%","12.65","No","5.30%","13.30%","CEMENT & CEMENT PRODUCTS","(2.32)%","(1.94)%","(8.33)%","(0.39)%","(1.17)%","(9.32)%","(8.66)%","138.68%","(24.70)%",
"Ajanta Pharmaceuticals Ltd.","AJANTPHARM","2,125.00%","1,615.00","Yes","1,399.30%","1,835.65%","PHARMA","1.60%","2.22%","(1.81)%","(5.83)%","(9.13)%","(7.24)%","(9.18)%","15.41%","(24.00)%",
"FDC Ltd.","FDC","244.00%","183.85","No","165.00%","205.20%","PHARMA","(1.87)%","(3.52)%","(7.50)%","(10.32)%","(8.65)%","(11.40)%","(9.43)%","11.42%","(24.65)%",
"Tata Steel Ltd.","TATASTEEL","508.75%","436.90","No","296.30%","487.10%","METALS","(0.96)%","1.32%","(2.56)%","(2.97)%","(5.61)%","(13.21)%","(9.90)%","47.45%","(14.12)%",
"Justdial Ltd.","JUSTDIAL","808.00%","499.90","No","318.05%","563.00%","IT","(1.69)%","0.16%","(0.42)%","(4.23)%","(4.05)%","(5.60)%","(10.11)%","57.18%","(38.13)%",
"Jubilant Foodworks Ltd.","JUBLFOOD","1,298.80%","988.50","No","760.50%","1,078.90%","CONSUMER GOODS","(0.17)%","(1.94)%","(5.33)%","(3.75)%","(1.60)%","(5.96)%","(10.11)%","29.98%","(23.89)%",
"Glaxosmithkline Pharmaceuticals Ltd.","GLAXO","3,620.00%","2,411.60","No","2,396.55%","2,747.50%","PHARMA","(1.35)%","(0.76)%","(3.44)%","(6.71)%","(9.76)%","(11.57)%","(10.37)%","0.63%","(33.38)%",
"Religare Enterprises Ltd.","RELIGARE","294.00%","192.00","No","176.20%","216.50%","FINANCIAL SERVICES","4.04%","8.47%","(4.69)%","(8.35)%","(6.11)%","(16.16)%","(10.74)%","8.97%","(34.69)%",
"Blue Dart Express Ltd.","BLUEDART","6,169.95%","4,499.50","No","4,160.65%","5,184.00%","SERVICES","(2.17)%","(3.75)%","(8.51)%","(6.84)%","(9.83)%","(12.38)%","(10.90)%","8.14%","(27.07)%",
"Torrent Pharmaceuticals Ltd.","TORNTPHARM","1,769.50%","1,298.95","No","1,194.10%","1,433.00%","PHARMA","(1.54)%","1.40%","(8.14)%","(9.15)%","(10.61)%","(12.32)%","(10.97)%","8.78%","(26.59)%",
"Alkem Laboratories Ltd.","ALKEM","2,400.00%","1,882.30","No","1,182.00%","2,160.80%","PHARMA","(2.16)%","(0.93)%","(4.21)%","(8.74)%","(11.00)%","(13.86)%","(11.08)%","59.25%","(21.57)%",
"Indoco Remedies Ltd.","INDOCO","362.00%","222.75","No","208.50%","257.60%","PHARMA","(1.00)%","(1.00)%","(1.87)%","(4.40)%","(7.19)%","(7.19)%","(11.62)%","6.83%","(38.47)%",
"Sanofi India Ltd.","SANOFI","4,950.00%","4,181.00","Yes","4,011.10%","4,646.00%","PHARMA","(0.52)%","0.97%","(0.36)%","(6.07)%","(9.89)%","(10.59)%","(11.98)%","4.24%","(15.54)%",
"Hindustan Zinc Ltd.","HINDZINC","333.20%","254.55","No","160.85%","311.00%","METALS","(1.79)%","2.64%","(5.02)%","(6.76)%","(9.70)%","(11.60)%","(12.18)%","58.25%","(23.60)%",
"Vedanta Ltd.","VEDL","278.10%","235.80","No","94.05%","260.70%","METALS","(0.08)%","6.65%","(3.12)%","1.97%","(3.34)%","(12.59)%","(12.37)%","150.72%","(15.21)%",
"JMT Auto Ltd.","JMTAUTOLTD","30.90%","8.70","No","8.55%","11.90%","AUTOMOBILE","(2.79)%","(6.45)%","(14.71)%","(13.86)%","(11.22)%","(13.43)%","(12.56)%","1.75%","(71.84)%",
"Glenmark Pharmaceuticals Ltd.","GLENMARK","994.00%","756.95","No","730.00%","887.00%","PHARMA","(16.47)%","(11.57)%","(15.33)%","(16.08)%","(14.57)%","(12.94)%","(12.79)%","3.69%","(23.85)%",
"Lupin Ltd.","LUPIN","1,750.00%","1,254.00","No","1,243.10%","1,472.90%","PHARMA","(0.45)%","(1.93)%","(6.21)%","(10.89)%","(12.31)%","(13.34)%","(13.74)%","0.88%","(28.34)%",
"Biocon Ltd.","BIOCON","1,188.00%","983.00","No","612.50%","1,134.75%","PHARMA","(1.76)%","(6.82)%","(11.60)%","(9.85)%","(10.47)%","(11.48)%","(14.30)%","60.49%","(17.26)%",
"Syngene International Ltd.","SYNGENE","663.20%","448.55","No","360.00%","526.10%","PHARMA","1.13%","(4.38)%","(13.74)%","(15.69)%","(14.40)%","(17.41)%","(14.40)%","24.60%","(32.37)%",
"Reliance Communications Ltd.","RCOM","57.30%","32.30","No","30.60%","37.30%","TELECOM","(1.97)%","(0.15)%","(6.10)%","(4.30)%","(9.52)%","(19.45)%","(14.89)%","5.56%","(43.63)%",
"Infibeam Incorporation Ltd.","INFIBEAM","1,448.80%","995.00","No","480.20%","1,320.05%","IT","(1.05)%","(1.00)%","(5.33)%","(9.36)%","(2.43)%","4.22%","(14.96)%","107.21%","(31.32)%",
"Ujjivan Financial Services Ltd.","UJJIVAN","547.50%","348.65","No","227.10%","422.65%","FINANCIAL SERVICES","(2.13)%","2.57%","(8.44)%","(13.11)%","(13.27)%","(12.61)%","(17.19)%","53.52%","(36.32)%",
"Eros Intl Media Ltd.","EROSMEDIA","308.45%","236.10","No","142.00%","249.25%","MEDIA & ENTERTAINMENT","(1.93)%","2.32%","8.80%","(6.42)%","(4.22)%","(5.67)%","(17.86)%","66.27%","(23.46)%",
"Adani Power Ltd.","ADANIPOWER","46.35%","30.20","No","23.15%","39.30%","ENERGY","(2.11)%","(2.58)%","(8.90)%","(7.50)%","(7.93)%","(31.98)%","(24.69)%","30.45%","(34.84)%",
"Shilpi Cable Tech Ltd.","SHILPI","252.00%","67.70","No","67.15%","213.25%","TELECOM","(4.98)%","(18.48)%","(43.35)%","(69.11)%","(71.00)%","(68.83)%","(69.30)%","0.82%","(73.13)%",
