"Company","Symbol","LTP","Week 52 High","Week 52 Low","Mark","35 Days","Category","Change %","5 Days %","10 Days %","15 Days %","20 Days %","25 Days %","30 Days %","Week 52 Low %","Week 52 High %",
"Videocon Industries Ltd.","VIDEOIND","59.05","115.00%","59.05%","No","103.05%","CONSUMER GOODS","(9.98)%","(40.95)%","(41.21)%","(42.89)%","(43.17)%","(42.92)%","(42.92)%","","(48.65)%",
"JMT Auto Ltd.","JMTAUTOLTD","7.25","58.25%","6.75%","No","10.50%","AUTOMOBILE","(8.81)%","(20.33)%","(21.20)%","(25.26)%","(26.40)%","(26.02)%","(28.92)%","7.41%","(87.55)%",
"Tata Elxsi Ltd.","TATAELXSI","1,328.00","1,863.75%","1,021.25%","No","1,463.90%","IT","(8.75)%","(15.14)%","(13.66)%","(13.19)%","(16.39)%","(13.15)%","(15.26)%","30.04%","(28.75)%",
"GMR Infrastructure Ltd.","GMRINFRA","14.60","18.65%","10.20%","Yes","15.95%","CONSTRUCTION,NIFTY MIDCAP 50","(8.18)%","(15.36)%","(14.12)%","(13.10)%","(17.98)%","(7.01)%","(7.89)%","43.14%","(21.72)%",
"Reliance Defence and Engineering Ltd.","RDEL","55.95","73.00%","48.30%","No","67.30%","INDUSTRIAL MANUFACTURING","(7.98)%","(15.10)%","(16.62)%","(15.67)%","(14.78)%","(12.58)%","(18.14)%","15.84%","(23.36)%",
"NCC Ltd.","NCC","83.95","103.65%","68.35%","No","81.90%","CONSTRUCTION","(7.70)%","(17.17)%","(11.77)%","(14.42)%","(15.67)%","(8.55)%","(2.44)%","22.82%","(19.01)%",
"Reliance Communications Ltd.","RCOM","25.90","55.35%","25.30%","Yes","38.20%","NIFTY INFRA,TELECOM","(7.50)%","(18.81)%","(21.75)%","(21.16)%","(24.93)%","(23.94)%","(30.75)%","2.37%","(53.21)%",
"Century Textile & Industries Ltd.","CENTURYTEX","1,037.50","1,218.80%","580.00%","No","1,052.80%","CEMENT & CEMENT PRODUCTS","(7.49)%","(12.91)%","(12.04)%","(11.02)%","(9.23)%","(5.00)%","(2.58)%","78.88%","(14.88)%",
"Jaiprakash Associates Ltd.","JPASSOCIAT","9.50","16.80%","5.30%","No","13.80%","CEMENT & CEMENT PRODUCTS,NIFTY INFRA,NIFTY MIDCAP 50","(7.32)%","(23.69)%","(26.92)%","(27.20)%","(26.64)%","(24.30)%","(26.07)%","79.25%","(43.45)%",
"Reliance Capital Ltd.","RELCAPITAL","576.00","692.50%","365.15%","Yes","615.00%","FINANCIAL SERVICES,NIFTY MIDCAP 50","(7.27)%","(14.96)%","(15.73)%","(14.07)%","(8.43)%","(4.08)%","(4.92)%","57.74%","(16.82)%",
"State Trading Corporation of India Ltd.","STCINDIA","139.80","251.40%","81.20%","No","158.90%","SERVICES","(6.99)%","(15.83)%","(18.44)%","(19.52)%","(21.42)%","(20.07)%","(17.72)%","72.17%","(44.39)%",
"TV18 Broadcast Ltd.","TV18BRDCST","33.50","50.00%","33.05%","Yes","41.95%","MEDIA & ENTERTAINMENT","(6.94)%","(18.29)%","(19.57)%","(18.89)%","(19.66)%","(21.91)%","(23.17)%","1.36%","(33.00)%",
"Jammu & Kashmir Bank Ltd.","J&KBANK","76.50","92.20%","56.40%","No","75.60%","BANK","(6.88)%","(12.12)%","(8.16)%","(4.49)%","(3.35)%","(1.92)%","(5.44)%","35.64%","(17.03)%",
"CCL Products (I) Ltd.","CCL","290.00","372.00%","218.15%","No","342.00%","CONSUMER GOODS","(6.60)%","(14.71)%","(14.33)%","(14.74)%","(14.71)%","(15.16)%","(16.91)%","32.94%","(22.04)%",
"Reliance Infrastructure Ltd.","RELINFRA","492.00","635.70%","426.65%","Yes","567.05%","ENERGY,NIFTY INFRA,NIFTY MIDCAP 50","(6.51)%","(18.68)%","(17.12)%","(18.32)%","(15.21)%","(11.62)%","(12.87)%","15.32%","(22.61)%",
"Adani Power Ltd.","ADANIPOWER","28.00","46.35%","23.15%","Yes","39.90%","ENERGY,NIFTY INFRA","(6.20)%","(15.15)%","(9.97)%","(9.53)%","(15.02)%","(15.28)%","(36.79)%","20.95%","(39.59)%",
"Chambal Fertilizers & Chemicals Ltd.","CHAMBLFERT","105.75","138.30%","53.55%","No","86.55%","FERTILISERS & PESTICIDES","(6.04)%","(13.36)%","(18.02)%","4.44%","10.16%","24.34%","21.90%","97.48%","(23.54)%",
"IDBI Bank Ltd.","IDBI","61.00","86.40%","60.25%","No","75.20%","BANK,NIFTY MIDCAP 50","(6.01)%","(19.47)%","(21.79)%","(22.93)%","(17.57)%","(17.46)%","(18.77)%","1.24%","(29.40)%",
"GVK Power & Infrastructures Ltd.","GVKPIL","5.50","7.70%","4.10%","No","6.00%","CONSTRUCTION","(5.98)%","(12.00)%","(14.06)%","(10.57)%","(14.06)%","(10.57)%","(9.84)%","34.15%","(28.57)%",
"Hindustan Construction Co. Ltd.","HCC","38.65","48.10%","18.00%","No","39.50%","CONSTRUCTION","(5.96)%","(17.24)%","(11.05)%","(16.34)%","(18.11)%","(6.42)%","(6.53)%","114.72%","(19.65)%",
"Biocon Ltd.","BIOCON","890.00","1,188.00%","637.80%","No","1,131.00%","NIFTY MIDCAP 50,PHARMA","(5.95)%","(10.42)%","(11.53)%","(14.03)%","(22.79)%","(20.18)%","(19.21)%","39.54%","(25.08)%",
"Inox Wind Ltd.","INOXWIND","133.45","253.00%","131.60%","No","170.50%","INDUSTRIAL MANUFACTURING","(5.92)%","(15.27)%","(32.77)%","(33.28)%","(32.91)%","(27.96)%","(29.32)%","1.41%","(47.25)%",
"Idea Cellular Ltd.","IDEA","79.55","123.50%","65.80%","Yes","86.10%","LARGECAP,NIFTY INFRA,TELECOM","(5.91)%","(8.77)%","(12.53)%","(5.41)%","(6.69)%","(7.61)%","(9.76)%","20.90%","(35.59)%",
"Swan Energy Ltd.","SWANENERGY","129.50","213.85%","58.00%","No","141.30%","CONSTRUCTION","(5.85)%","(11.30)%","(18.40)%","(15.80)%","(18.60)%","(11.00)%","(7.96)%","123.28%","(39.44)%",
"Kolte-Patil Developers Ltd.","KOLTEPATIL","154.20","204.05%","78.40%","No","181.00%","CONSTRUCTION","(5.57)%","(15.23)%","(16.87)%","(18.99)%","(19.14)%","(17.54)%","(17.69)%","96.68%","(24.43)%",
"Central Bank of India","CENTRALBK","103.60","123.25%","74.70%","No","105.00%","BANK","(5.43)%","(14.06)%","(11.83)%","(0.81)%","1.37%","1.42%","(0.29)%","38.69%","(15.94)%",
"Caplin Point Laboratories Ltd.","CAPLIPOINT","533.00","1,472.00%","290.90%","No","389.00%","PHARMA","(5.31)%","(0.74)%","31.22%","35.16%","36.47%","34.89%","37.37%","83.22%","(63.79)%",
"Jai Corp Ltd.","JAICORPLTD","74.15","92.45%","52.30%","No","74.00%","INDUSTRIAL MANUFACTURING","(5.30)%","(14.72)%","(17.01)%","(15.06)%","(14.38)%","(10.82)%","(5.18)%","41.78%","(19.79)%",
"Wockhardt Ltd.","WOCKPHARMA","582.85","1,129.05%","580.10%","No","718.00%","PHARMA","(5.27)%","(14.22)%","(14.26)%","(17.38)%","(20.65)%","(21.97)%","(23.56)%","0.47%","(48.38)%",
"BEML Ltd.","BEML","1,130.05","1,440.00%","771.00%","No","1,363.20%","INDUSTRIAL MANUFACTURING","(5.25)%","(18.49)%","(17.33)%","(17.35)%","(18.47)%","(16.52)%","(18.29)%","46.57%","(21.52)%",
"V-Guard Industries Ltd.","VGUARD","179.95","942.71%","77.60%","No","173.00%","INDUSTRIAL MANUFACTURING","(5.24)%","(16.50)%","(15.12)%","(4.33)%","(5.09)%","(1.91)%","(2.47)%","131.89%","(80.91)%",
"Reliance Power Ltd.","RPOWER","41.90","56.45%","38.05%","Yes","48.00%","ENERGY,NIFTY INFRA,NIFTY MIDCAP 50","(5.20)%","(11.70)%","(12.07)%","(12.71)%","(14.58)%","(10.57)%","(14.31)%","10.12%","(25.78)%",
"Gayatri Projects Ltd.","GAYAPROJ","141.25","732.00%","131.30%","No","143.15%","CONSTRUCTION","(5.20)%","(12.89)%","(16.15)%","(12.21)%","(13.40)%","(11.25)%","(2.18)%","7.58%","(80.70)%",
"Oriental Bank of Commerce","ORIENTBANK","142.95","191.00%","76.75%","No","140.75%","BANK,NIFTY MIDCAP 50","(5.08)%","(12.30)%","(17.49)%","(18.38)%","(7.71)%","(6.42)%","(5.64)%","86.25%","(25.16)%",
"Amara Raja Batteries Ltd.","AMARAJABAT","830.15","1,079.70%","805.70%","Yes","894.00%","AUTOMOBILE","(5.04)%","(11.23)%","(7.94)%","(5.02)%","(5.33)%","(2.91)%","(6.41)%","3.03%","(23.11)%",
"Dredging Corporation of India Ltd.","DREDGECORP","555.00","720.00%","351.60%","No","686.00%","SERVICES","(5.00)%","(14.93)%","(16.04)%","(16.05)%","(17.11)%","(17.59)%","(18.07)%","57.85%","(22.92)%",
"Allahabad Bank","ALBK","71.75","92.40%","49.10%","No","73.40%","BANK,NIFTY MIDCAP 50","(4.97)%","(17.05)%","(17.48)%","(15.69)%","(5.03)%","(1.24)%","(2.84)%","46.13%","(22.35)%",
"Shilpi Cable Tech Ltd.","SHILPI","45.05","252.00%","45.05%","No","218.95%","TELECOM","(4.96)%","(22.46)%","(39.93)%","(53.46)%","(78.09)%","(79.87)%","(79.33)%","","(82.12)%",
"Dish TV India Ltd.","DISHTV","90.70","111.00%","76.05%","Yes","107.25%","MEDIA & ENTERTAINMENT","(4.93)%","(10.99)%","(1.52)%","(3.97)%","(5.08)%","(8.29)%","(11.51)%","19.26%","(18.29)%",
"APL Apollo Tubes Ltd.","APLAPOLLO","1,323.20","1,505.00%","811.00%","Yes","1,171.50%","METALS","(4.93)%","(6.42)%","(8.75)%","(10.78)%","(3.06)%","8.28%","9.81%","63.16%","(12.08)%",
"India Cements Ltd.","INDIACEM","184.25","226.25%","83.10%","No","163.10%","CEMENT & CEMENT PRODUCTS,NIFTY MIDCAP 50","(4.88)%","(15.11)%","(13.90)%","(12.55)%","(9.37)%","15.30%","12.62%","121.72%","(18.56)%",
"Shipping Corporation of India Ltd.","SCI","68.45","85.85%","55.50%","No","76.85%","SERVICES","(4.86)%","(16.01)%","(13.90)%","(12.36)%","(16.12)%","(4.67)%","(10.87)%","23.33%","(20.27)%",
"Finolex Cables Ltd.","FINCABLES","485.70","572.80%","284.00%","No","520.00%","INDUSTRIAL MANUFACTURING","(4.76)%","(10.63)%","(9.26)%","(7.84)%","(9.89)%","(10.39)%","(8.53)%","71.02%","(15.21)%",
"Engineers India Ltd.","ENGINERSIN","154.50","175.70%","85.55%","Yes","144.10%","CONSTRUCTION,NIFTY INFRA","(4.72)%","(10.77)%","(8.15)%","(9.01)%","(9.54)%","(3.80)%","3.03%","80.60%","(12.07)%",
"Rashtriya Chemicals & Fertilizers Ltd.","RCF","76.20","99.80%","40.60%","No","81.60%","FERTILISERS & PESTICIDES","(4.69)%","(16.68)%","(21.44)%","(9.55)%","(10.19)%","(6.33)%","(10.09)%","87.68%","(23.65)%",
"Great Eastern Shipping Co. Ltd.","GESHIP","383.20","477.50%","297.50%","No","418.25%","SERVICES","(4.66)%","(8.82)%","(8.76)%","(12.24)%","(14.39)%","(9.56)%","(12.27)%","28.81%","(19.75)%",
"Raymond Ltd.","RAYMOND","667.00","807.30%","397.75%","Yes","633.85%","TEXTILES","(4.65)%","(15.09)%","(13.26)%","(15.31)%","(12.38)%","(9.00)%","3.09%","67.69%","(17.38)%",
"MMTC Ltd.","MMTC","56.75","73.90%","35.30%","No","61.95%","SERVICES","(4.62)%","(12.69)%","(14.21)%","(16.79)%","(16.30)%","(11.26)%","(10.35)%","60.76%","(23.21)%",
"HeidelbergCement India Ltd.","HEIDELBERG","120.65","150.50%","93.00%","No","124.90%","CEMENT & CEMENT PRODUCTS","(4.55)%","(9.22)%","(9.52)%","(8.74)%","(10.26)%","(5.48)%","(4.25)%","29.73%","(19.83)%",
"BGR Energy Systems Ltd","BGRENERGY","150.20","184.80%","99.20%","No","138.40%","CONSTRUCTION","(4.54)%","(13.68)%","(17.40)%","(6.39)%","(10.78)%","(8.94)%","(13.10)%","51.41%","(18.72)%",
"RattanIndia Power Ltd.","RTNPOWER","7.40","12.30%","6.30%","No","8.15%","ENERGY","(4.52)%","(15.43)%","(14.94)%","(11.38)%","(18.23)%","(14.94)%","(10.84)%","17.46%","(39.84)%",
"Nitin Fire Protection Industries Ltd.","NITINFIRE","19.10","37.30%","19.00%","No","22.55%","INDUSTRIAL MANUFACTURING","(4.50)%","(12.18)%","(18.03)%","(19.24)%","(21.07)%","(19.58)%","(23.45)%","0.53%","(48.79)%",
"Bombay Dyeing & Manufacturing Co. Ltd.","BOMDYEING","67.30","92.40%","41.60%","No","82.90%","TEXTILES","(4.47)%","(18.18)%","(20.82)%","(24.08)%","(24.85)%","(18.87)%","(15.88)%","61.78%","(27.16)%",
"Kaveri Seed Company Ltd.","KSCL","498.85","589.60%","324.50%","Yes","560.70%","CONSUMER GOODS","(4.44)%","(6.71)%","(10.24)%","(11.90)%","(13.29)%","(8.16)%","(10.84)%","53.73%","(15.39)%",
"Indiabulls Real Estate Ltd.","IBREALEST","158.70","179.50%","57.00%","Yes","87.55%","CONSTRUCTION","(4.43)%","(8.00)%","(4.86)%","2.32%","0.47%","19.10%","76.63%","178.42%","(11.59)%",
"Suzlon Energy Ltd.","SUZLON","18.90","22.25%","12.00%","No","19.10%","INDUSTRIAL MANUFACTURING","(4.30)%","(5.03)%","(10.85)%","(7.80)%","(9.57)%","(3.57)%","(2.07)%","57.50%","(15.06)%",
"Steel Authority of India Ltd.","SAIL","56.85","68.60%","38.45%","Yes","61.20%","LARGECAP,METALS,NIFTY MIDCAP 50","(4.29)%","(8.82)%","(7.03)%","(7.71)%","(6.03)%","(5.80)%","(14.77)%","47.85%","(17.13)%",
"Aban Offshore Ltd.","ABAN","195.30","285.95%","188.30%","No","225.00%","ENERGY","(4.24)%","(11.43)%","(10.76)%","(12.03)%","(14.34)%","(13.77)%","(16.14)%","3.72%","(31.70)%",
"Jindal Poly Films Ltd.","JINDALPOLY","372.00","488.95%","299.00%","No","395.00%","INDUSTRIAL MANUFACTURING","(4.23)%","(12.47)%","(12.46)%","(13.90)%","(15.54)%","(11.03)%","(12.06)%","24.41%","(23.92)%",
"Andhra Bank","ANDHRABANK","58.30","76.10%","44.70%","No","58.10%","BANK,NIFTY MIDCAP 50","(4.19)%","(14.01)%","(18.00)%","(17.48)%","(5.74)%","(1.02)%","(1.10)%","30.43%","(23.39)%",
"Greaves Cotton Ltd.","GREAVESCOT","149.00","178.55%","115.35%","No","174.50%","INDUSTRIAL MANUFACTURING","(4.15)%","(5.79)%","(8.31)%","(12.94)%","(11.65)%","(9.81)%","(10.24)%","29.17%","(16.55)%",
"Kwality Ltd.","KWALITY","135.00","168.80%","98.65%","No","155.50%","CONSUMER GOODS","(4.12)%","(8.75)%","(8.04)%","(10.00)%","(15.73)%","(9.64)%","(16.87)%","36.85%","(20.02)%",
"Sobha Ltd.","SOBHA","372.50","450.00%","216.05%","Yes","342.30%","CONSTRUCTION","(4.12)%","(11.54)%","(9.15)%","(11.90)%","(4.73)%","(1.26)%","(1.51)%","72.41%","(17.22)%",
"IRB Infrastructure Developers Ltd.","IRB","215.50","272.65%","177.45%","Yes","236.20%","CONSTRUCTION,NIFTY INFRA,NIFTY MIDCAP 50","(4.12)%","(15.97)%","(18.31)%","(18.36)%","(15.24)%","(13.14)%","(9.17)%","21.44%","(20.96)%",
"Reliance Industrial Infrastructure Ltd.","RIIL","418.90","523.00%","336.50%","No","457.10%","INDUSTRIAL MANUFACTURING","(4.10)%","(13.78)%","(16.07)%","(15.80)%","(17.05)%","(13.09)%","(12.82)%","24.49%","(19.90)%",
"IFCI Ltd.","IFCI","25.80","33.45%","21.25%","No","29.75%","FINANCIAL SERVICES,NIFTY MIDCAP 50","(4.09)%","(18.23)%","(20.49)%","(20.00)%","(13.42)%","(8.83)%","(13.57)%","21.41%","(22.87)%",
"Radico Khaitan Ltd","RADICO","120.80","150.40%","83.55%","No","138.00%","CONSUMER GOODS","(4.09)%","(6.10)%","(2.97)%","(2.38)%","(2.15)%","10.83%","5.83%","44.58%","(19.68)%",
"Ballarpur Industries Ltd.","BALLARPUR","18.80","22.85%","12.65%","No","19.45%","PAPER","(4.08)%","(14.93)%","(9.18)%","(9.40)%","(2.84)%","(2.84)%","(0.53)%","48.62%","(17.72)%",
"SREI Infrastructure Finance Ltd.","SREINFRA","98.00","116.40%","51.25%","No","83.25%","FINANCIAL SERVICES","(4.06)%","(10.38)%","(12.89)%","(6.00)%","7.16%","18.64%","16.81%","91.22%","(15.81)%",
"Network18 Media & Investments Ltd.","NETWORK18","45.45","54.80%","27.45%","Yes","35.45%","MEDIA & ENTERTAINMENT","(4.01)%","(11.83)%","(12.00)%","(2.99)%","(4.32)%","13.63%","14.77%","65.57%","(17.06)%",
"Syngene International Ltd.","SYNGENE","447.50","663.20%","367.10%","No","522.25%","PHARMA","(3.96)%","(8.88)%","(3.38)%","(9.60)%","(17.81)%","(14.04)%","(16.50)%","21.90%","(32.52)%",
"Monsanto India Ltd.","MONSANTO","2,690.00","2,950.00%","2,075.10%","No","2,546.35%","FERTILISERS & PESTICIDES","(3.96)%","(6.00)%","1.05%","5.49%","3.98%","7.60%","7.60%","29.63%","(8.81)%",
"Ipca Laboratories Ltd.","IPCALAB","490.00","657.60%","404.00%","No","620.00%","PHARMA","(3.91)%","(9.93)%","(10.09)%","(12.82)%","(19.41)%","(20.29)%","(22.88)%","21.29%","(25.49)%",
"D B Realty Ltd.","DBREALTY","40.75","62.40%","35.00%","No","41.70%","CONSTRUCTION","(3.89)%","(15.19)%","(17.68)%","(15.89)%","(20.10)%","(14.57)%","(11.03)%","16.43%","(34.70)%",
"Granules India Ltd.","GRANULES","134.85","157.25%","91.45%","No","138.65%","PHARMA","(3.85)%","(10.34)%","(5.34)%","(6.48)%","(10.46)%","(1.57)%","(2.85)%","47.46%","(14.24)%",
"JK Tyre & Industries Ltd.","JKTYRE","162.00","184.80%","79.20%","No","132.60%","AUTOMOBILE","(3.83)%","(9.65)%","(7.98)%","(9.12)%","1.69%","16.93%","15.76%","104.55%","(12.34)%",
"GE Power India Ltd.","GEPIL","626.00","695.00%","435.50%","No","585.00%","INDUSTRIAL MANUFACTURING","(3.82)%","(4.43)%","(6.57)%","(3.54)%","(9.01)%","2.29%","3.78%","43.74%","(9.93)%",
"Syndicate Bank","SYNDIBANK","75.45","95.00%","59.20%","No","71.05%","BANK,NIFTY MIDCAP 50","(3.76)%","(18.34)%","(16.72)%","(13.43)%","1.62%","5.97%","5.67%","27.45%","(20.58)%",
"Sun TV Network Ltd.","SUNTV","782.95","946.00%","335.10%","Yes","790.05%","LARGECAP,MEDIA & ENTERTAINMENT,NIFTY MIDCAP 50","(3.76)%","(11.93)%","(9.29)%","(11.35)%","(15.72)%","(2.31)%","(0.70)%","133.65%","(17.24)%",
"MOIL Ltd.","MOIL","295.80","428.90%","211.60%","Yes","313.45%","METALS","(3.74)%","(9.79)%","(11.17)%","(10.04)%","(7.24)%","(8.42)%","(11.89)%","39.79%","(31.03)%",
"Honeywell Automation India Ltd.","HONAUT","10,805.10","11,650.00%","7,577.90%","No","10,340.00%","INDUSTRIAL MANUFACTURING","(3.74)%","(7.13)%","(5.22)%","(2.74)%","(1.32)%","(0.84)%","(3.05)%","42.59%","(7.25)%",
"Mahindra & Mahindra Financial Services Ltd.","M&MFIN","293.75","404.90%","244.00%","Yes","315.10%","FINANCIAL SERVICES","(3.72)%","(11.79)%","(11.37)%","(10.35)%","(13.26)%","(12.31)%","(12.96)%","20.39%","(27.45)%",
"3M India Ltd.","3MINDIA","12,801.00","15,250.00%","10,008.80%","No","11,460.25%","SERVICES","(3.71)%","(8.92)%","4.74%","13.47%","11.80%","7.23%","7.29%","27.90%","(16.06)%",
"Orient Cement Ltd.","ORIENTCEM","145.95","232.00%","114.80%","No","131.55%","CEMENT & CEMENT PRODUCTS","(3.66)%","(8.90)%","(11.25)%","(12.63)%","(11.28)%","(0.55)%","1.00%","27.13%","(37.09)%",
"PTC India Fin Serv Ltd.","PFS","43.45","50.75%","33.00%","No","41.40%","FINANCIAL SERVICES","(3.66)%","(10.50)%","(9.57)%","(7.75)%","(6.96)%","(4.61)%","(7.36)%","31.67%","(14.38)%",
"JBF Industries Ltd.","JBFIND","257.50","305.00%","185.00%","No","278.25%","TEXTILES","(3.63)%","(11.82)%","(8.18)%","(9.63)%","(8.87)%","(5.69)%","(5.68)%","39.19%","(15.57)%",
"Bank of India","BANKINDIA","141.15","197.20%","78.40%","Yes","139.60%","BANK,NIFTY MIDCAP 50","(3.62)%","(23.45)%","(22.15)%","(23.62)%","(10.92)%","(7.50)%","(3.32)%","80.04%","(28.42)%",
"Tata Coffee Ltd.","TATACOFFEE","124.15","150.00%","85.20%","No","125.70%","CONSUMER GOODS","(3.61)%","(4.76)%","(5.88)%","(3.01)%","0.12%","(1.35)%","(1.62)%","45.72%","(17.23)%",
"DLF Ltd.","DLF","190.00","216.00%","101.00%","Yes","148.80%","CONSTRUCTION,LARGECAP","(3.60)%","(11.44)%","(4.55)%","","(2.16)%","15.85%","21.48%","88.12%","(12.04)%",
"Ramco Systems Ltd.","RAMCOSYS","329.00","738.00%","285.00%","No","383.85%","IT","(3.58)%","(10.23)%","(14.43)%","(16.71)%","(18.32)%","(18.36)%","(18.35)%","15.44%","(55.42)%",
"Punj Lloyd Ltd.","PUNJLLOYD","20.50","28.30%","16.95%","No","19.30%","CONSTRUCTION","(3.53)%","(10.87)%","(17.17)%","(6.39)%","(10.28)%","(9.69)%","(6.82)%","20.94%","(27.56)%",
"ITD Cementation India Ltd.","ITDCEM","172.95","193.90%","118.60%","No","170.55%","CONSTRUCTION","(3.51)%","0.70%","(8.05)%","(7.44)%","(5.77)%","(1.71)%","1.50%","45.83%","(10.80)%",
"Apollo Tyres Ltd.","APOLLOTYRE","222.40","254.25%","139.35%","Yes","208.40%","AUTOMOBILE,NIFTY MIDCAP 50","(3.51)%","(6.40)%","(4.71)%","(8.96)%","(8.08)%","(1.88)%","2.49%","59.60%","(12.53)%",
"Divi's Laboratories Ltd.","DIVISLAB","556.00","1,381.60%","553.00%","Yes","623.10%","PHARMA","(3.47)%","(10.32)%","(12.76)%","(10.90)%","(13.93)%","(12.03)%","(15.18)%","0.54%","(59.76)%",
"Himatsingka Seide Ltd.","HIMATSEIDE","318.00","384.95%","211.00%","No","346.00%","TEXTILES","(3.46)%","(11.27)%","(6.69)%","(6.50)%","(12.06)%","(7.03)%","(6.33)%","50.71%","(17.39)%",
"Firstsource Solutions Ltd.","FSL","32.40","53.65%","30.85%","No","41.70%","IT","(3.43)%","(14.85)%","(17.14)%","(24.91)%","(24.03)%","(18.90)%","(20.20)%","5.02%","(39.61)%",
"Bank of Baroda","BANKBARODA","175.85","202.50%","128.25%","Yes","173.30%","BANK,LARGECAP","(3.38)%","(8.34)%","(5.30)%","(7.11)%","(3.11)%","(0.71)%","2.69%","37.12%","(13.16)%",
"Symphony Ltd.","SYMPHONY","1,309.90","1,570.00%","1,071.05%","No","1,521.00%","CONSUMER GOODS","(3.38)%","(8.14)%","(10.40)%","(8.28)%","(9.41)%","(11.18)%","(12.98)%","22.30%","(16.57)%",
"Container Corporation of India Ltd.","CONCOR","1,179.90","1,251.60%","675.55%","Yes","1,269.00%","LARGECAP,SERVICES","(3.37)%","(1.25)%","(0.84)%","0.48%","(2.89)%","(0.85)%","4.14%","74.66%","(5.73)%",
"Dena Bank","DENABANK","34.50","50.10%","28.00%","No","38.25%","BANK","(3.36)%","(11.54)%","(18.05)%","(24.59)%","(15.02)%","(10.85)%","(13.10)%","23.21%","(31.14)%",
"Hindustan Zinc Ltd.","HINDZINC","232.00","333.20%","164.25%","Yes","289.00%","LARGECAP,METALS,NIFTY MIDCAP 50","(3.33)%","(7.94)%","(8.93)%","(12.30)%","(14.72)%","(14.66)%","(19.30)%","41.25%","(30.37)%",
"Capital First Ltd.","CAPF","670.00","814.00%","465.00%","No","783.15%","FINANCIAL SERVICES","(3.26)%","(7.93)%","(14.97)%","(12.07)%","(14.65)%","(11.00)%","(13.88)%","44.09%","(17.69)%",
"Glenmark Pharmaceuticals Ltd.","GLENMARK","629.95","994.00%","628.25%","Yes","840.25%","PHARMA","(3.26)%","(9.61)%","(29.22)%","(28.74)%","(29.85)%","(29.22)%","(27.76)%","0.27%","(36.62)%",
"Bharat Heavy Electricals Ltd.","BHEL","150.85","182.75%","113.75%","Yes","163.00%","INDUSTRIAL MANUFACTURING,LARGECAP,NIFTY INFRA","(3.24)%","(11.40)%","(14.68)%","(13.23)%","(15.13)%","(10.90)%","(13.55)%","32.62%","(17.46)%",
"Tata Communications Ltd.","TATACOMM","648.45","783.90%","425.05%","Yes","722.50%","NIFTY INFRA,TELECOM","(3.21)%","(3.65)%","(2.34)%","(8.01)%","(9.08)%","(8.87)%","(8.02)%","52.56%","(17.28)%",
"Hindustan Copper Ltd.","HINDCOPPER","62.00","73.80%","42.00%","No","66.50%","METALS","(3.20)%","(6.84)%","(2.90)%","(5.85)%","(6.63)%","(4.54)%","(8.55)%","47.62%","(15.99)%",
"Motilal Oswal Financial Services Ltd.","MOTILALOFS","934.95","1,122.00%","293.95%","No","728.00%","FINANCIAL SERVICES","(3.18)%","(15.00)%","(8.02)%","6.85%","6.24%","20.64%","16.87%","218.06%","(16.67)%",
"Manpasand Beverages Ltd.","MANPASAND","732.00","817.90%","495.00%","No","705.00%","CONSUMER GOODS","(3.17)%","(7.34)%","3.66%","4.59%","3.10%","2.09%","3.98%","47.88%","(10.50)%",
"HSIL Ltd.","HSIL","336.70","375.10%","255.50%","No","349.90%","CONSUMER GOODS","(3.15)%","(1.55)%","(2.95)%","(2.46)%","(2.97)%","(1.35)%","(5.10)%","31.78%","(10.24)%",
"Redington (India) Ltd.","REDINGTON","121.60","137.85%","82.05%","No","110.00%","SERVICES","(3.15)%","(5.30)%","(5.37)%","(4.55)%","(4.25)%","6.43%","5.97%","48.20%","(11.79)%",
"Equitas Holdings Ltd.","EQUITAS","146.55","206.25%","138.35%","No","169.80%","FINANCIAL SERVICES","(3.11)%","(11.50)%","(11.29)%","(9.37)%","(12.92)%","(10.48)%","(9.43)%","5.93%","(28.95)%",
"TVS Srichakra Ltd.","TVSSRICHAK","3,801.55","4,340.00%","2,241.00%","No","3,485.00%","AUTOMOBILE","(3.10)%","(6.59)%","(5.79)%","(7.84)%","(2.03)%","5.16%","4.96%","69.64%","(12.41)%",
"Aarti Industries Ltd.","AARTIIND","823.00","977.95%","481.05%","No","766.35%","CHEMICALS","(3.10)%","(11.63)%","(4.91)%","(3.29)%","1.98%","4.18%","5.66%","71.08%","(15.84)%",
"Sterlite Technologies Ltd.","STRTECH","153.30","170.60%","73.00%","No","126.00%","INDUSTRIAL MANUFACTURING","(3.10)%","(9.16)%","(0.45)%","(3.95)%","0.33%","7.65%","16.27%","110.00%","(10.14)%",
"MphasiS Ltd.","MPHASIS","567.00","624.00%","461.00%","No","580.00%","IT","(3.07)%","(2.60)%","(1.92)%","0.18%","5.98%","1.20%","1.96%","22.99%","(9.13)%",
"Trent Ltd.","TRENT","238.05","2,444.00%","175.00%","No","266.00%","CONSUMER GOODS","(3.03)%","(5.16)%","(6.33)%","(5.91)%","(7.39)%","(9.14)%","(12.16)%","36.03%","(90.26)%",
"Indoco Remedies Ltd.","INDOCO","192.95","362.00%","191.00%","No","249.00%","PHARMA","(3.02)%","(11.04)%","(16.11)%","(13.42)%","(15.56)%","(20.10)%","(17.28)%","1.02%","(46.70)%",
"PC Jeweller Ltd.","PCJEWELLER","430.00","531.00%","287.95%","No","417.00%","CONSUMER GOODS","(3.01)%","(5.91)%","(4.07)%","1.15%","1.65%","3.66%","0.05%","49.33%","(19.02)%",
"Century Plyboards (India) Ltd.","CENTURYPLY","240.50","271.00%","154.45%","No","260.00%","CONSUMER GOODS","(3.00)%","(8.90)%","(6.27)%","(6.16)%","(9.48)%","(4.54)%","(8.75)%","55.71%","(11.25)%",
"Bharti Infratel Ltd.","INFRATEL","368.45","413.70%","281.75%","Yes","324.80%","LARGECAP,TELECOM","(3.00)%","(5.27)%","0.56%","1.52%","(1.83)%","10.07%","3.50%","30.77%","(10.94)%",
"DCB Bank Ltd.","DCBBANK","184.30","200.50%","87.60%","No","170.55%","BANK","(3.00)%","(6.28)%","(3.51)%","(4.71)%","0.71%","3.25%","7.43%","110.39%","(8.08)%",
"VRL Logistics Ltd.","VRLLOG","306.15","377.00%","225.00%","No","313.00%","SERVICES","(2.99)%","(10.40)%","(6.60)%","(10.14)%","(10.74)%","(9.80)%","(11.49)%","36.07%","(18.79)%",
"PVR Ltd.","PVR","1,452.00","1,655.00%","822.60%","Yes","1,428.90%","MEDIA & ENTERTAINMENT","(2.97)%","(4.91)%","(5.66)%","(6.93)%","(9.02)%","(6.62)%","(5.53)%","76.51%","(12.27)%",
"Triveni Turbine Ltd.","TRITURBINE","131.20","149.00%","105.00%","No","144.90%","INDUSTRIAL MANUFACTURING","(2.96)%","(5.20)%","(4.69)%","(5.27)%","(6.62)%","(4.23)%","(5.61)%","24.95%","(11.95)%",
"Piramal Enterprises Ltd.","PEL","2,647.00","2,949.90%","1,320.15%","Yes","1,904.00%","LARGECAP,PHARMA","(2.96)%","(6.59)%","4.79%","2.80%","5.25%","18.43%","35.40%","100.51%","(10.27)%",
"HCL Infosystems Ltd.","HCL-INSYS","47.60","50.60%","19.65%","Yes","52.25%","IT","(2.96)%","(11.77)%","(14.70)%","(14.70)%","(18.63)%","(15.68)%","(15.68)%","142.24%","(5.93)%",
"Larsen & Toubro Ltd.","LT","1,689.45","1,774.00%","1,223.30%","Yes","1,571.20%","CONSTRUCTION,LARGECAP,NIFTY INFRA","(2.95)%","(3.70)%","(2.99)%","(1.80)%","(3.13)%","1.23%","0.75%","38.11%","(4.77)%",
"Shree Renuka Sugars Ltd.","RENUKA","13.20","19.15%","11.25%","No","14.55%","CONSUMER GOODS","(2.94)%","(8.97)%","(9.28)%","(8.97)%","(12.29)%","(7.37)%","(10.81)%","17.33%","(31.07)%",
"NMDC Ltd.","NMDC","115.60","152.40%","85.20%","Yes","132.85%","LARGECAP,METALS","(2.94)%","(9.55)%","(8.25)%","(9.97)%","(11.69)%","(8.44)%","(14.18)%","35.68%","(24.15)%",
"Bharat Electronics Ltd.","BEL","167.00","1,625.00%","153.05%","No","156.20%","INDUSTRIAL MANUFACTURING,LARGECAP","(2.94)%","(7.04)%","(9.26)%","(6.65)%","(7.45)%","(2.82)%","(3.24)%","9.11%","(89.72)%",
"Vedanta Ltd.","VEDL","224.05","278.10%","94.05%","Yes","275.70%","LARGECAP,METALS","(2.90)%","(7.65)%","(2.48)%","(6.72)%","(4.84)%","(2.59)%","(18.02)%","138.22%","(19.44)%",
"Edelweiss Financial Services Ltd.","EDELWEISS","168.00","192.05%","64.85%","No","157.20%","FINANCIAL SERVICES","(2.89)%","(6.67)%","(7.28)%","1.94%","(6.09)%","(2.38)%","(6.59)%","159.06%","(12.52)%",
"Corporation Bank","CORPBANK","49.25","64.75%","33.10%","No","53.00%","BANK","(2.86)%","(17.09)%","(18.33)%","(19.79)%","(12.44)%","(10.29)%","(16.88)%","48.79%","(23.94)%",
"NHPC Ltd.","NHPC","28.90","33.20%","21.75%","Yes","32.20%","ENERGY,LARGECAP,NIFTY INFRA","(2.86)%","(6.77)%","(7.22)%","(8.83)%","(8.40)%","(7.22)%","(9.69)%","32.87%","(12.95)%",
"S H Kelkar and Company Ltd.","SHK","275.80","362.90%","208.00%","No","296.10%","CONSUMER GOODS","(2.85)%","(3.35)%","(12.94)%","(11.43)%","(14.67)%","(11.33)%","(10.45)%","32.60%","(24.00)%",
"Bhushan Steel Ltd.","BHUSANSTL","81.90","102.70%","34.50%","No","57.20%","METALS","(2.85)%","(17.65)%","(7.04)%","3.67%","9.42%","25.90%","20.26%","137.39%","(20.25)%",
"GHCL Ltd.","GHCL","236.90","299.00%","156.50%","No","265.50%","CHEMICALS","(2.81)%","(9.87)%","(8.00)%","(8.81)%","(9.86)%","(10.20)%","(12.58)%","51.37%","(20.77)%",
"Sharda Cropchem Ltd.","SHARDACROP","481.05","570.00%","276.00%","No","493.35%","FERTILISERS & PESTICIDES","(2.78)%","(13.01)%","(10.42)%","(6.95)%","(6.82)%","(2.82)%","(0.92)%","74.29%","(15.61)%",
"UCO Bank","UCOBANK","35.10","46.50%","26.80%","No","36.15%","BANK","(2.77)%","(10.46)%","(16.23)%","(16.23)%","(11.48)%","(6.40)%","(6.90)%","30.97%","(24.52)%",
"NLC India Ltd.","NLCINDIA","98.50","122.90%","67.80%","No","107.90%","ENERGY","(2.76)%","(6.64)%","(6.99)%","(5.29)%","(7.51)%","(5.47)%","(7.25)%","45.28%","(19.85)%",
"Aurobindo Pharma Ltd.","AUROPHARMA","526.75","895.00%","521.00%","Yes","675.00%","LARGECAP,PHARMA","(2.76)%","(13.31)%","(14.90)%","(10.10)%","(15.44)%","(20.78)%","(19.62)%","1.10%","(41.15)%",
"Magma Fincorp Ltd.","MAGMA","119.90","137.80%","85.50%","No","105.50%","FINANCIAL SERVICES","(2.76)%","(8.47)%","(6.33)%","0.55%","(0.33)%","3.85%","(1.88)%","40.23%","(12.99)%",
"D.B.Corp Ltd.","DBCORP","357.50","447.70%","322.00%","Yes","378.75%","MEDIA & ENTERTAINMENT","(2.75)%","(2.85)%","(4.65)%","(3.90)%","(6.41)%","(5.92)%","(5.69)%","11.02%","(20.15)%",
"IDFC Bank Ltd.","IDFCBANK","56.80","83.40%","44.00%","No","59.55%","BANK","(2.74)%","(10.48)%","(12.75)%","(12.75)%","(4.38)%","(3.57)%","(5.88)%","29.09%","(31.89)%",
"Amtek Auto Ltd.","AMTEKAUTO","33.95","56.25%","31.00%","No","33.10%","AUTOMOBILE","(2.72)%","(12.05)%","(12.95)%","(11.82)%","0.30%","2.88%","1.49%","9.52%","(39.64)%",
"Polaris Consulting & Services Ltd.","POLARIS","211.85","231.80%","140.95%","No","181.70%","IT","(2.71)%","(2.60)%","0.36%","4.77%","(0.54)%","(5.84)%","18.19%","50.30%","(8.61)%",
"Power Finance Corporation Ltd.","PFC","146.00","168.90%","78.25%","Yes","146.00%","FINANCIAL SERVICES,LARGECAP,NIFTY MIDCAP 50","(2.70)%","(9.57)%","(12.21)%","(9.26)%","(8.89)%","(6.26)%","(4.23)%","86.58%","(13.56)%",
"Strides Shasun Ltd.","STAR","883.05","1,274.70%","848.00%","No","1,098.20%","NIFTY MIDCAP 50,PHARMA","(2.69)%","(16.14)%","(17.50)%","(15.09)%","(19.43)%","(19.10)%","(19.64)%","4.13%","(30.72)%",
"KPIT Technologies Ltd.","KPIT","112.65","196.85%","110.00%","No","129.90%","IT","(2.68)%","(12.50)%","(12.81)%","(14.37)%","(14.11)%","(12.16)%","(12.81)%","2.41%","(42.77)%",
"Hindalco Industries Ltd.","HINDALCO","186.90","203.90%","83.50%","Yes","194.55%","LARGECAP,METALS","(2.66)%","(5.73)%","(0.19)%","(5.22)%","(2.27)%","1.69%","(4.20)%","123.83%","(8.34)%",
"Ramkrishna Forgings Ltd.","RKFORGE","446.00","549.95%","255.00%","No","478.45%","INDUSTRIAL MANUFACTURING","(2.64)%","(8.98)%","(8.21)%","(9.88)%","(9.68)%","(7.47)%","(11.78)%","74.90%","(18.90)%",
"Dr. Reddy's Laboratories Ltd.","DRREDDY","2,513.00","3,689.85%","2,510.00%","Yes","2,632.00%","LARGECAP,PHARMA","(2.58)%","(8.22)%","(3.23)%","(3.27)%","(5.06)%","(4.63)%","(4.71)%","0.12%","(31.89)%",
"IDFC Ltd.","IDFC","56.75","71.30%","46.25%","No","54.50%","FINANCIAL SERVICES","(2.58)%","(10.28)%","(11.74)%","(6.51)%","(2.16)%","(2.16)%","(3.24)%","22.70%","(20.41)%",
"Arvind Ltd.","ARVIND","367.00","426.85%","286.55%","No","395.40%","TEXTILES","(2.57)%","(8.25)%","(12.63)%","(12.41)%","(10.27)%","(5.17)%","(7.84)%","28.08%","(14.02)%",
"Karnataka Bank Ltd.","KTKBANK","157.60","176.20%","100.10%","No","140.40%","BANK,NIFTY MIDCAP 50","(2.57)%","(7.48)%","(6.41)%","(6.99)%","0.86%","4.79%","7.58%","57.44%","(10.56)%",
"McLeod Russel India Ltd.","MCLEODRUSS","165.40","219.50%","137.15%","No","165.85%","CONSUMER GOODS,NIFTY MIDCAP 50","(2.53)%","(8.47)%","(10.74)%","(12.56)%","(8.62)%","(7.88)%","(10.55)%","20.60%","(24.65)%",
"Kesoram Industries Ltd.","KESORAMIND","136.75","201.25%","105.40%","No","143.10%","AUTOMOBILE","(2.53)%","(10.91)%","(5.43)%","(9.29)%","(18.43)%","(13.50)%","(7.60)%","29.74%","(32.05)%",
"ACC Ltd.","ACC","1,586.35","1,756.70%","1,256.55%","Yes","1,450.00%","CEMENT & CEMENT PRODUCTS,LARGECAP","(2.53)%","(6.14)%","(6.27)%","(1.35)%","(1.35)%","6.11%","7.90%","26.25%","(9.70)%",
"KRBL Ltd.","KRBL","401.00","451.70%","217.50%","No","412.00%","CONSUMER GOODS","(2.52)%","(8.73)%","(4.34)%","(8.24)%","(7.81)%","(3.51)%","(1.86)%","84.37%","(11.22)%",
"Deepak Fertilisers & Petrochemicals Corp. Ltd.","DEEPAKFERT","236.40","293.65%","149.10%","No","258.00%","CHEMICALS","(2.52)%","(8.23)%","(8.37)%","(9.79)%","(15.65)%","(11.68)%","(8.55)%","58.55%","(19.50)%",
"Cera Sanitaryware Ltd","CERA","2,830.00","3,315.00%","1,852.20%","No","3,025.00%","CONSTRUCTION","(2.51)%","(6.51)%","(7.24)%","(7.06)%","(6.91)%","0.86%","(0.18)%","52.79%","(14.63)%",
"Shree Cement Ltd.","SHREECEM","17,400.00","20,538.00%","12,810.00%","No","16,980.15%","CEMENT & CEMENT PRODUCTS,LARGECAP","(2.50)%","(7.79)%","(11.22)%","(11.36)%","(10.77)%","(1.58)%","(1.42)%","35.83%","(15.28)%",
"Indian Overseas Bank","IOB","25.35","32.20%","20.50%","No","26.55%","BANK","(2.50)%","(14.79)%","(17.43)%","(12.13)%","(9.95)%","(9.30)%","(9.14)%","23.66%","(21.27)%",
"Welspun Corp Ltd.","WELCORP","84.45","96.80%","55.05%","Yes","82.50%","METALS","(2.48)%","(10.35)%","(3.15)%","3.05%","(0.18)%","2.43%","0.72%","53.41%","(12.76)%",
"Ceat Ltd.","CEATLTD","1,702.50","1,897.45%","730.00%","No","1,327.50%","AUTOMOBILE","(2.47)%","(9.15)%","3.68%","2.19%","16.53%","18.81%","22.59%","133.22%","(10.27)%",
"SML Isuzu Ltd.","SMLISUZU","1,250.00","1,433.80%","892.00%","No","1,288.90%","AUTOMOBILE","(2.43)%","(4.42)%","(7.75)%","(5.30)%","(7.05)%","(3.85)%","(5.70)%","40.13%","(12.82)%",
"Gati Ltd.","GATI","123.00","189.35%","106.90%","No","140.05%","SERVICES","(2.38)%","(10.87)%","(9.46)%","(10.09)%","(10.38)%","(9.19)%","(11.95)%","15.06%","(35.04)%",
"Nava Bharat Ventures Ltd.","NBVENTURES","135.50","155.00%","76.60%","No","125.45%","ENERGY","(2.31)%","(4.17)%","(8.72)%","(7.51)%","(9.09)%","(2.52)%","4.88%","76.89%","(12.58)%",
"MRF Ltd.","MRF","62,501.00","70,500.00%","30,101.00%","Yes","61,160.00%","AUTOMOBILE,LARGECAP","(2.31)%","(8.32)%","(5.40)%","(8.78)%","(6.00)%","(0.16)%","2.63%","107.64%","(11.35)%",
"Rolta India Ltd.","ROLTA","55.20","79.90%","51.00%","No","58.10%","IT","(2.30)%","(6.76)%","(8.15)%","(9.51)%","(10.97)%","(6.52)%","(8.76)%","8.24%","(30.91)%",
"Ajanta Pharmaceuticals Ltd.","AJANTPHARM","1,638.50","2,125.00%","1,399.30%","No","1,760.00%","PHARMA","(2.28)%","(1.00)%","2.29%","(1.41)%","(0.70)%","(6.02)%","(5.32)%","17.09%","(22.89)%",
"JSW Energy Ltd.","JSWENERGY","62.10","86.50%","53.05%","Yes","62.60%","ENERGY,NIFTY INFRA,NIFTY MIDCAP 50","(2.28)%","(8.41)%","(11.60)%","(2.36)%","(2.97)%","(2.36)%","(4.90)%","17.06%","(28.21)%",
"Dilip Buildcon Ltd.","DBL","425.10","529.70%","177.90%","No","350.50%","CONSTRUCTION","(2.28)%","(13.95)%","(9.17)%","0.89%","(2.07)%","7.89%","17.43%","138.95%","(19.75)%",
"Prism Cement Ltd.","PRISMCEM","116.20","129.20%","72.90%","No","98.00%","CEMENT & CEMENT PRODUCTS","(2.27)%","(7.04)%","(4.75)%","(2.96)%","1.48%","17.08%","10.98%","59.40%","(10.06)%",
"NIIT Technologies Ltd.","NIITTECH","479.90","587.00%","366.55%","No","435.75%","IT","(2.25)%","(8.21)%","(9.11)%","1.91%","9.08%","12.64%","12.06%","30.92%","(18.25)%",
"Cipla Ltd.","CIPLA","521.30","621.25%","457.45%","Yes","595.00%","LARGECAP,PHARMA","(2.23)%","(7.08)%","(7.19)%","(6.17)%","(5.53)%","(9.56)%","(11.69)%","13.96%","(16.09)%",
"Coal India Ltd.","COALINDIA","261.90","349.95%","261.00%","Yes","293.00%","LARGECAP,METALS","(2.22)%","(5.09)%","(6.03)%","(6.46)%","(5.93)%","(6.20)%","(8.49)%","0.34%","(25.16)%",
"Dhanuka Agritech Ltd.","DHANUKA","765.00","929.80%","553.20%","No","789.00%","FERTILISERS & PESTICIDES","(2.22)%","(15.62)%","(14.83)%","(14.53)%","(12.96)%","(7.83)%","(1.80)%","38.29%","(17.72)%",
"Alembic Pharmaceuticals Ltd.","APLLTD","580.00","699.00%","514.60%","No","626.00%","PHARMA","(2.19)%","(4.79)%","(3.97)%","(4.84)%","(4.93)%","(5.35)%","(6.01)%","12.71%","(17.02)%",
"Vinati Organics Ltd.","VINATIORGA","821.50","892.85%","456.00%","No","760.00%","CHEMICALS","(2.17)%","(5.79)%","(3.13)%","(1.73)%","(0.94)%","9.53%","10.86%","80.15%","(7.99)%",
"JSW Steel Ltd.","JSWSTEEL","189.40","1,885.95%","160.60%","Yes","187.90%","LARGECAP,METALS","(2.14)%","(8.48)%","(4.46)%","(2.32)%","(2.77)%","1.42%","(7.38)%","17.93%","(89.96)%",
"Take Solutions Ltd.","TAKE","122.60","189.70%","121.00%","No","126.95%","IT","(2.12)%","(11.48)%","(12.18)%","(8.16)%","(7.58)%","(3.65)%","(9.02)%","1.32%","(35.37)%",
"Zee Learn Ltd.","ZEELEARN","43.10","51.10%","26.50%","Yes","48.20%","MEDIA & ENTERTAINMENT","(2.05)%","(5.79)%","(8.59)%","(7.71)%","(8.10)%","(6.10)%","(8.78)%","62.64%","(15.66)%",
"Carborundum Universal Ltd.","CARBORUNIV","288.00","317.00%","208.00%","No","290.20%","INDUSTRIAL MANUFACTURING","(2.02)%","(7.54)%","(2.57)%","(1.54)%","(1.71)%","(1.71)%","(3.84)%","38.46%","(9.15)%",
"Sunteck Realty Ltd.","SUNTECK","436.50","480.80%","174.60%","No","380.40%","CONSTRUCTION","(2.02)%","(0.34)%","(2.94)%","(7.96)%","(1.91)%","2.28%","7.00%","150.00%","(9.21)%",
"Shriram Transport Finance Co. Ltd.","SRTRANSFIN","940.10","1,324.40%","778.05%","Yes","1,078.00%","FINANCIAL SERVICES","(1.99)%","(7.32)%","(6.87)%","(7.48)%","(13.68)%","(11.23)%","(13.45)%","20.83%","(29.02)%",
"IL&FS Transportation Networks Ltd.","IL&FSTRANS","100.00","124.80%","65.80%","No","109.50%","SERVICES","(1.96)%","(11.50)%","(13.42)%","(12.01)%","(14.53)%","(9.09)%","(11.50)%","51.98%","(19.87)%",
"Ashok Leyland Ltd.","ASHOKLEY","82.75","111.70%","73.50%","Yes","84.75%","AUTOMOBILE,LARGECAP,NIFTY MIDCAP 50","(1.95)%","(5.97)%","(3.44)%","","(6.07)%","1.53%","0.42%","12.59%","(25.92)%",
"Welspun India Ltd.","WELSPUNIND","83.10","119.90%","46.05%","Yes","87.15%","TEXTILES","(1.95)%","(6.00)%","(8.68)%","(13.98)%","(11.74)%","(11.83)%","(4.37)%","80.46%","(30.69)%",
"State Bank of India","SBIN","283.25","315.30%","166.40%","Yes","293.30%","BANK,LARGECAP","(1.94)%","(7.75)%","(3.93)%","(2.13)%","(0.93)%","(2.85)%","(2.33)%","70.22%","(10.16)%",
"Suven Life Sciences Ltd.","SUVEN","174.95","227.00%","149.00%","No","165.00%","PHARMA","(1.93)%","(6.99)%","(6.39)%","(0.91)%","(5.92)%","(0.60)%","(2.97)%","17.42%","(22.93)%",
"UltraTech Cement Ltd.","ULTRACEMCO","4,184.95","4,533.10%","3,050.00%","Yes","3,968.45%","CEMENT & CEMENT PRODUCTS,LARGECAP","(1.93)%","(6.40)%","(4.13)%","(2.68)%","(1.26)%","5.39%","3.34%","37.21%","(7.68)%",
"Gujarat Gas Ltd.","GUJGASLTD","750.00","881.00%","470.00%","No","767.20%","ENERGY","(1.92)%","(4.82)%","(5.06)%","(8.09)%","(10.82)%","(10.93)%","(3.47)%","59.57%","(14.87)%",
"Himachal Fut Com Ltd.","HFCL","12.90","20.25%","11.00%","No","12.70%","TELECOM","(1.90)%","(12.84)%","(15.96)%","(15.96)%","(21.82)%","(12.84)%","(6.86)%","17.27%","(36.30)%",
"Tata Global Beverages Ltd.","TATAGLOBAL","142.00","161.45%","114.25%","Yes","150.50%","NIFTY FMGC,NIFTY MIDCAP 50","(1.90)%","(6.89)%","(8.18)%","(9.12)%","(6.33)%","(3.86)%","(5.68)%","24.29%","(12.05)%",
"Jagran Prakashan Ltd.","JAGRAN","175.85","213.05%","162.30%","Yes","192.00%","MEDIA & ENTERTAINMENT","(1.90)%","(7.06)%","(9.98)%","(10.01)%","(9.54)%","(10.74)%","(5.15)%","8.35%","(17.46)%",
"Jubilant Foodworks Ltd.","JUBLFOOD","974.45","1,298.80%","760.50%","Yes","1,106.95%","NIFTY FMGC,NIFTY MIDCAP 50","(1.88)%","(6.93)%","(0.05)%","(7.72)%","(8.50)%","(3.40)%","(5.12)%","28.13%","(24.97)%",
"Parag Milk Foods Ltd.","PARAGMILK","237.25","357.00%","201.75%","No","228.15%","CONSUMER GOODS","(1.88)%","(5.10)%","(4.72)%","0.06%","(3.95)%","(2.51)%","(4.95)%","17.60%","(33.54)%",
"Torrent Pharmaceuticals Ltd.","TORNTPHARM","1,239.85","1,769.50%","1,194.10%","Yes","1,548.80%","PHARMA","(1.88)%","(6.82)%","(7.75)%","(7.67)%","(14.20)%","(14.55)%","(15.40)%","3.83%","(29.93)%",
"Texmaco Rail & Eng. Ltd.","TEXRAIL","90.00","117.85%","84.90%","No","92.70%","INDUSTRIAL MANUFACTURING","(1.85)%","(8.77)%","(7.98)%","(11.20)%","(10.58)%","(6.35)%","(6.54)%","6.01%","(23.63)%",
"Havells India Ltd.","HAVELLS","441.80","526.30%","302.80%","No","464.00%","CONSUMER GOODS,LARGECAP,NIFTY MIDCAP 50","(1.84)%","(13.12)%","(12.34)%","(6.91)%","(8.91)%","(8.82)%","(6.44)%","45.90%","(16.06)%",
"Unitech Ltd.","UNITECH","5.35","9.05%","3.65%","Yes","5.60%","CONSTRUCTION","(1.83)%","(10.83)%","(5.31)%","(4.46)%","(7.76)%","(6.14)%","(5.31)%","46.58%","(40.88)%",
"Page Industries Ltd.","PAGEIND","14,150.00","17,399.00%","12,387.35%","No","14,577.25%","TEXTILES","(1.83)%","(6.27)%","(4.34)%","(4.52)%","(0.25)%","2.09%","0.50%","14.23%","(18.67)%",
"Bliss GVS Pharma Ltd.","BLISSGVS","184.60","198.80%","79.05%","No","176.40%","PHARMA","(1.81)%","3.88%","10.01%","7.89%","8.37%","9.43%","8.27%","133.52%","(7.14)%",
"Balmer Lawrie & Co. Ltd.","BALMLAWRIE","218.00","225.00%","140.24%","No","235.20%","SERVICES","(1.80)%","(9.54)%","(6.80)%","(6.84)%","(7.82)%","(7.43)%","(10.60)%","55.45%","(3.11)%",
"Siemens Ltd.","SIEMENS","1,335.00","1,471.35%","1,012.00%","Yes","1,255.00%","INDUSTRIAL MANUFACTURING,LARGECAP,NIFTY INFRA,NIFTY MIDCAP 50","(1.79)%","(4.72)%","(8.32)%","(0.41)%","(0.43)%","2.85%","1.56%","31.92%","(9.27)%",
"Mahindra & Mahindra Ltd.","M&M","1,308.00","1,508.95%","1,141.40%","Yes","1,292.00%","AUTOMOBILE,LARGECAP","(1.78)%","(5.15)%","(4.80)%","(2.18)%","0.08%","3.82%","2.41%","14.60%","(13.32)%",
"Exide Industries Ltd.","EXIDEIND","223.05","250.00%","150.85%","Yes","225.30%","AUTOMOBILE","(1.76)%","(8.17)%","(9.79)%","0.34%","(5.35)%","(0.62)%","(1.96)%","47.86%","(10.78)%",
"CARE Ltd.","CARERATING","1,412.10","1,721.00%","951.00%","No","1,680.00%","FINANCIAL SERVICES","(1.75)%","(8.02)%","(9.77)%","(10.06)%","(10.63)%","(8.96)%","(8.90)%","48.49%","(17.95)%",
"Pidilite Industries Ltd.","PIDILITIND","723.00","782.80%","567.75%","Yes","697.10%","CHEMICALS,LARGECAP","(1.71)%","(6.71)%","(3.21)%","(0.78)%","(0.43)%","1.19%","2.81%","27.34%","(7.64)%",
"ICICI Prudential Life Insurance Company Ltd.","ICICIPRULI","403.00","424.00%","271.00%","No","384.10%","FINANCIAL SERVICES,LARGECAP","(1.71)%","(3.13)%","(1.71)%","1.21%","(3.78)%","0.24%","2.03%","48.71%","(4.95)%",
"Kansai Nerolac Paints Ltd.","KANSAINER","393.10","437.15%","285.35%","No","381.00%","CONSUMER GOODS","(1.70)%","(6.98)%","(3.18)%","(2.01)%","2.80%","1.58%","1.31%","37.76%","(10.08)%",
"Oil India Ltd.","OIL","305.50","313.50%","253.70%","Yes","334.40%","ENERGY,LARGECAP","(1.67)%","(4.70)%","(5.97)%","(7.70)%","(6.63)%","(8.38)%","(9.75)%","20.42%","(2.55)%",
"BF Utilities Ltd.","BFUTILITIE","380.00","643.95%","355.55%","No","445.50%","CONSTRUCTION","(1.67)%","(15.18)%","(18.30)%","(19.31)%","(19.66)%","(13.02)%","(16.38)%","6.88%","(40.99)%",
"Titan Company Ltd.","TITAN","470.45","506.15%","296.15%","No","458.60%","CONSUMER GOODS,LARGECAP","(1.65)%","(2.19)%","(2.72)%","(2.50)%","(2.50)%","(0.11)%","(2.90)%","58.86%","(7.05)%",
"Canara Bank","CANBK","351.45","416.00%","178.10%","Yes","303.65%","BANK,NIFTY MIDCAP 50","(1.65)%","(6.08)%","(4.73)%","(4.28)%","6.27%","12.55%","13.50%","97.33%","(15.52)%",
"Punjab National Bank","PNB","147.30","185.80%","71.05%","Yes","149.90%","BANK,LARGECAP","(1.64)%","(10.62)%","(14.31)%","(15.83)%","(9.02)%","(5.97)%","(3.66)%","107.32%","(20.72)%",
"Orissa Min Dev Co Ltd.","ORISSAMINE","1,909.75","2,694.00%","1,800.00%","Yes","2,089.00%","METALS","(1.62)%","(6.15)%","(9.49)%","(9.96)%","(10.34)%","(9.87)%","(10.00)%","6.10%","(29.11)%",
"Bajaj Auto Ltd.","BAJAJ-AUTO","2,780.00","2,866.35%","1,656.00%","Yes","2,806.00%","AUTOMOBILE,LARGECAP","(1.59)%","(8.58)%","(4.30)%","(5.06)%","(3.56)%","(1.07)%","(1.94)%","67.87%","(3.01)%",
"Ambuja Cements Ltd.","AMBUJACEM","236.00","281.70%","191.00%","Yes","237.20%","CEMENT & CEMENT PRODUCTS,LARGECAP","(1.58)%","(8.53)%","(8.95)%","(2.70)%","(4.34)%","(1.69)%","(3.10)%","23.56%","(16.22)%",
"Procter & Gamble Hygiene & Health Care Ltd.","PGHH","7,351.00","8,199.00%","6,001.00%","No","7,625.00%","LARGECAP,NIFTY FMGC","(1.58)%","(4.12)%","(7.18)%","(0.19)%","0.01%","0.36%","(0.66)%","22.50%","(10.34)%",
"JK Lakshmi Cement Ltd.","JKLAKSHMI","478.00","536.95%","329.30%","No","460.00%","CEMENT & CEMENT PRODUCTS","(1.57)%","(6.99)%","(6.09)%","1.49%","(0.83)%","6.10%","6.70%","45.16%","(10.98)%",
"Britannia Industries Ltd.","BRITANNIA","3,538.00","3,799.50%","2,519.10%","Yes","3,360.00%","LARGECAP,NIFTY FMGC","(1.56)%","(3.47)%","(4.43)%","(0.74)%","1.40%","5.17%","3.54%","40.45%","(6.88)%",
"Tata Steel Ltd.","TATASTEEL","482.75","508.75%","296.30%","Yes","481.75%","LARGECAP,METALS","(1.56)%","(2.16)%","10.22%","9.57%","6.17%","7.64%","(2.53)%","62.93%","(5.11)%",
"Sanofi India Ltd.","SANOFI","4,030.00","4,950.00%","4,011.10%","No","4,721.00%","PHARMA","(1.53)%","(3.04)%","(4.95)%","(4.71)%","(5.13)%","(10.94)%","(11.82)%","0.47%","(18.59)%",
"Vakrangee Ltd.","VAKRANGEE","349.95","361.00%","162.00%","No","329.00%","IT","(1.52)%","0.49%","(0.51)%","2.38%","0.37%","1.32%","4.40%","116.02%","(3.06)%",
"L&T Finance Holdings Ltd.","L&TFH","124.80","140.40%","70.10%","No","123.90%","FINANCIAL SERVICES,NIFTY MIDCAP 50","(1.50)%","(5.81)%","(7.04)%","(6.69)%","(2.69)%","1.01%","2.13%","78.03%","(11.11)%",
"Ujjivan Financial Services Ltd.","UJJIVAN","300.90","547.50%","253.10%","No","423.60%","FINANCIAL SERVICES","(1.49)%","(14.19)%","(13.45)%","(16.25)%","(25.15)%","(24.03)%","(22.64)%","18.89%","(45.04)%",
"Oracle Financial Services Software Ltd.","OFSS","3,550.00","4,088.00%","2,808.40%","Yes","3,838.90%","IT,LARGECAP,NIFTY MIDCAP 50","(1.46)%","(5.84)%","(5.38)%","(3.17)%","(2.36)%","(5.68)%","(4.44)%","26.41%","(13.16)%",
"HCL Technologies Ltd.","HCLTECH","852.25","890.15%","708.00%","Yes","876.00%","IT,LARGECAP","(1.46)%","(0.20)%","1.33%","1.94%","4.19%","5.88%","2.28%","20.37%","(4.26)%",
"Jet Airways (India) Ltd.","JETAIRWAYS","466.00","638.00%","332.60%","Yes","527.35%","SERVICES","(1.45)%","(12.08)%","(13.57)%","(11.91)%","(9.72)%","(3.22)%","(8.90)%","40.11%","(26.96)%",
"Advanced Enzyme Tech Ltd.","ADVENZYMES","1,865.00","2,375.50%","1,168.00%","No","2,060.00%","CONSUMER GOODS","(1.45)%","(5.11)%","(4.90)%","(8.98)%","(14.37)%","(10.94)%","(9.47)%","59.67%","(21.49)%",
"Bata India Ltd.","BATAINDIA","518.00","613.65%","399.20%","No","569.55%","CONSUMER GOODS,NIFTY MIDCAP 50","(1.43)%","(6.73)%","(9.81)%","(10.30)%","(10.83)%","(9.28)%","(9.35)%","29.76%","(15.59)%",
"SRF Ltd.","SRF","1,589.00","1,970.00%","1,165.35%","No","1,629.90%","TEXTILES","(1.42)%","(13.31)%","(10.64)%","(9.99)%","(8.68)%","(3.81)%","(2.59)%","36.35%","(19.34)%",
"Sonata Software Ltd.","SONATSOFTW","144.00","224.00%","137.90%","No","171.10%","IT","(1.40)%","(8.86)%","(11.82)%","(12.57)%","(15.02)%","(12.91)%","(16.28)%","4.42%","(35.71)%",
"Dalmia Bharat Ltd.","DALMIABHA","2,333.30","2,624.45%","846.50%","No","1,952.10%","CEMENT & CEMENT PRODUCTS","(1.38)%","(7.99)%","(1.47)%","6.69%","11.75%","12.99%","10.32%","175.64%","(11.09)%",
"J.Kumar Infraprojects Ltd.","JKIL","282.50","321.50%","105.40%","No","257.20%","CONSTRUCTION","(1.38)%","(9.74)%","(7.35)%","(1.91)%","3.92%","10.24%","14.37%","168.03%","(12.13)%",
"eClerx Services Ltd.","ECLERX","1,276.00","1,784.40%","1,275.00%","No","1,420.00%","IT","(1.37)%","(3.19)%","(4.92)%","(1.41)%","(3.55)%","(4.06)%","(7.67)%","0.08%","(28.49)%",
"Bajaj Hindusthan Sugar Ltd.","BAJAJHIND","14.45","24.20%","12.90%","No","13.35%","CONSUMER GOODS","(1.37)%","(12.42)%","(12.69)%","(10.25)%","(15.74)%","3.21%","2.85%","12.02%","(40.29)%",
"Dabur India Ltd.","DABUR","270.00","320.00%","259.15%","Yes","277.35%","LARGECAP,NIFTY FMGC","(1.35)%","(2.24)%","(4.75)%","(2.07)%","(8.16)%","(6.93)%","(5.92)%","4.19%","(15.63)%",
"Max India Ltd.","MAXINDIA","147.00","180.00%","119.05%","No","151.50%","FINANCIAL SERVICES","(1.34)%","(5.53)%","(6.19)%","(5.37)%","(2.00)%","(0.34)%","(1.34)%","23.48%","(18.33)%",
"Cholamandalam Investment and Finance Company Ltd.","CHOLAFIN","1,007.00","1,243.00%","804.05%","No","964.85%","FINANCIAL SERVICES","(1.34)%","(2.89)%","(7.36)%","(7.48)%","(8.77)%","(3.89)%","(2.45)%","25.24%","(18.99)%",
"Merck Ltd.","MERCK","1,015.95","1,199.00%","686.00%","No","1,040.40%","PHARMA","(1.33)%","(6.19)%","(6.19)%","(5.06)%","(7.32)%","(11.18)%","(12.79)%","48.10%","(15.27)%",
"Sun Pharmaceutical Industries Ltd.","SUNPHARMA","606.00","854.95%","571.90%","Yes","686.00%","LARGECAP,PHARMA","(1.32)%","(7.06)%","(5.39)%","(3.56)%","(5.68)%","(8.99)%","(9.28)%","5.96%","(29.12)%",
"Anant Raj Ltd.","ANANTRAJ","60.35","71.00%","32.65%","No","47.80%","CONSTRUCTION","(1.31)%","(12.98)%","(10.99)%","(5.26)%","(2.03)%","6.81%","15.83%","84.84%","(15.00)%",
"Glaxosmithkline Pharmaceuticals Ltd.","GLAXO","2,390.45","3,620.00%","2,381.00%","Yes","2,778.00%","PHARMA","(1.30)%","(1.05)%","(2.34)%","(1.30)%","(6.88)%","(9.11)%","(11.95)%","0.40%","(33.97)%",
"Bosch Ltd.","BOSCHLTD","22,840.00","25,670.85%","17,671.60%","Yes","22,681.05%","AUTOMOBILE,LARGECAP","(1.30)%","(5.61)%","(1.55)%","(1.93)%","1.33%","1.17%","0.70%","29.25%","(11.03)%",
"AIA Engineering Ltd.","AIAENG","1,396.00","1,675.00%","914.05%","No","1,550.00%","INDUSTRIAL MANUFACTURING","(1.27)%","(5.93)%","(8.04)%","(8.46)%","(9.06)%","(5.85)%","(8.78)%","52.73%","(16.66)%",
"Lupin Ltd.","LUPIN","1,235.15","1,750.00%","1,167.60%","Yes","1,441.50%","LARGECAP,PHARMA","(1.24)%","(4.77)%","(1.91)%","(2.51)%","(10.30)%","(12.70)%","(12.73)%","5.79%","(29.42)%",
"Coromandel International Ltd.","COROMANDEL","379.05","436.00%","215.00%","No","311.80%","FERTILISERS & PESTICIDES","(1.21)%","(10.81)%","(7.77)%","1.91%","3.26%","10.22%","16.27%","76.30%","(13.06)%",
"Bharti Airtel Ltd.","BHARTIARTL","367.40","401.00%","283.05%","Yes","348.25%","LARGECAP,NIFTY INFRA,TELECOM","(1.21)%","(1.92)%","(1.45)%","6.02%","3.98%","8.28%","6.43%","29.80%","(8.38)%",
"Allcargo Logistics Ltd.","ALLCARGO","173.75","221.50%","150.70%","No","167.00%","SERVICES","(1.19)%","(5.05)%","(5.57)%","(5.29)%","(3.42)%","2.66%","(1.50)%","15.30%","(21.56)%",
"PI Industries Ltd.","PIIND","805.10","963.95%","591.60%","No","833.00%","FERTILISERS & PESTICIDES","(1.17)%","(4.27)%","(5.39)%","(6.49)%","(8.26)%","(2.65)%","(3.19)%","36.09%","(16.48)%",
"South Indian Bank Ltd.","SOUTHBANK","25.30","27.10%","18.00%","No","21.40%","BANK","(1.17)%","(3.44)%","(3.44)%","(0.98)%","1.61%","12.95%","16.06%","40.56%","(6.64)%",
"Mangalore Refinery & Petrochemicals Ltd.","MRPL","123.25","142.80%","63.00%","No","105.70%","ENERGY","(1.16)%","(8.36)%","(7.85)%","(6.88)%","(4.31)%","6.76%","11.14%","95.63%","(13.69)%",
"Union Bank of India","UNIONBANK","161.90","205.10%","105.40%","No","156.10%","BANK,NIFTY MIDCAP 50","(1.16)%","(10.13)%","(8.48)%","(9.30)%","(0.71)%","5.75%","3.85%","53.61%","(21.06)%",
"Tata Chemicals Ltd.","TATACHEM","595.00","666.50%","400.25%","Yes","599.70%","CHEMICALS,NIFTY MIDCAP 50","(1.15)%","(6.46)%","(7.60)%","(8.04)%","(6.60)%","(4.34)%","(3.39)%","48.66%","(10.73)%",
"SKF India Ltd.","SKFINDIA","1,555.40","1,748.50%","1,189.80%","No","1,595.00%","INDUSTRIAL MANUFACTURING","(1.12)%","(3.10)%","(2.78)%","(8.51)%","(3.33)%","(0.01)%","(0.80)%","30.73%","(11.04)%",
"Dewan Housing Finance Corporation Ltd.","DHFL","397.50","454.90%","183.00%","No","367.00%","FINANCIAL SERVICES","(1.12)%","(7.19)%","(10.00)%","(10.45)%","(7.84)%","0.79%","3.34%","117.21%","(12.62)%",
"NATCO Pharma Ltd.","NATCOPHARM","890.00","1,015.95%","442.80%","No","849.00%","PHARMA","(1.11)%","(6.99)%","(0.89)%","0.30%","(3.58)%","(10.01)%","4.09%","100.99%","(12.40)%",
"PNC Infratech Ltd.","PNCINFRA","143.15","612.65%","90.45%","No","117.45%","CONSTRUCTION","(1.11)%","(5.32)%","(12.18)%","(10.31)%","(12.71)%","4.60%","10.12%","58.26%","(76.63)%",
"Mahanagar Gas Ltd.","MGL","940.10","1,054.95%","492.65%","No","896.00%","ENERGY","(1.10)%","(7.10)%","(6.48)%","(5.99)%","(7.20)%","(3.39)%","4.57%","90.83%","(10.89)%",
"J.B. Chemicals & Pharmaceuticals Ltd.","JBCHEPHARM","340.50","403.90%","231.30%","No","346.00%","PHARMA","(1.09)%","(3.27)%","2.87%","3.50%","3.53%","4.77%","(0.32)%","47.21%","(15.70)%",
"Godrej Properties Ltd.","GODREJPROP","496.00","586.00%","286.35%","Yes","386.50%","CONSTRUCTION","(1.08)%","(5.97)%","(5.76)%","(8.06)%","5.89%","12.47%","15.89%","73.21%","(15.36)%",
"E.I.D. Parry (India) Ltd.","EIDPARRY","307.90","354.00%","217.55%","No","284.00%","FERTILISERS & PESTICIDES","(1.08)%","(7.70)%","(11.78)%","3.50%","(0.65)%","6.80%","11.16%","41.53%","(13.02)%",
"Gujarat Fluorochemicals Ltd.","GUJFLUORO","647.00","816.00%","436.00%","No","755.00%","CHEMICALS","(1.07)%","(7.17)%","(12.79)%","(14.64)%","(9.26)%","(2.63)%","(13.04)%","48.39%","(20.71)%",
"Apollo Hospitals Enterprises Ltd.","APOLLOHOSP","1,219.10","1,443.00%","1,111.60%","Yes","1,165.30%","HEALTHCARE SERVICES","(1.06)%","(4.08)%","(6.87)%","(0.26)%","4.30%","5.00%","3.45%","9.67%","(15.52)%",
"Inox Leisure Ltd.","INOXLEISUR","280.55","308.80%","190.05%","Yes","286.50%","MEDIA & ENTERTAINMENT","(1.06)%","(2.25)%","0.16%","(4.43)%","(5.01)%","(2.92)%","(5.06)%","47.62%","(9.15)%",
"Ruchi Soya Industries Ltd.","RUCHISOYA","23.70","31.80%","17.80%","No","27.05%","CONSUMER GOODS","(1.04)%","(7.96)%","(8.49)%","(4.44)%","(8.14)%","(3.85)%","(8.49)%","33.15%","(25.47)%",
"Fortis Healthcare Ltd.","FORTIS","194.50","228.95%","142.25%","No","180.50%","HEALTHCARE SERVICES","(1.04)%","(5.26)%","(7.29)%","(12.29)%","(9.95)%","(0.15)%","4.82%","36.73%","(15.05)%",
"Rural Electrification Corporation Ltd.","RECLTD","211.20","223.90%","76.40%","Yes","181.05%","FINANCIAL SERVICES,LARGECAP","(1.03)%","(3.96)%","(3.56)%","0.28%","2.23%","8.22%","15.22%","176.44%","(5.67)%",
"Info Edge (India) Ltd.","NAUKRI","845.75","1,025.00%","732.00%","Yes","799.95%","IT","(1.02)%","(3.34)%","(0.04)%","(0.27)%","4.16%","0.49%","(1.08)%","15.54%","(17.49)%",
"Techno Elt & Eng Co. Ltd.","TECHNO","391.25","414.90%","127.60%","No","397.00%","CONSTRUCTION","(1.00)%","(3.41)%","(3.87)%","(1.77)%","(0.45)%","2.26%","1.01%","206.62%","(5.70)%",
"HT Media Ltd.","HTMEDIA","80.05","96.50%","68.90%","Yes","84.15%","MEDIA & ENTERTAINMENT","(0.99)%","(11.06)%","(5.49)%","(2.38)%","(3.96)%","(4.70)%","(7.30)%","16.18%","(17.05)%",
"Indiabulls Housing Finance Ltd.","IBULHSGFIN","1,040.00","1,135.00%","616.00%","Yes","998.40%","FINANCIAL SERVICES,LARGECAP","(0.99)%","(4.15)%","(4.19)%","(3.63)%","1.96%","8.51%","11.13%","68.83%","(8.37)%",
"ICRA Ltd.","ICRA","4,080.00","4,550.00%","3,537.80%","No","4,114.95%","FINANCIAL SERVICES","(0.97)%","(4.00)%","(2.77)%","(2.81)%","(2.72)%","(2.69)%","(1.21)%","15.33%","(10.33)%",
"Gillette India Ltd.","GILLETTE","4,570.50","5,074.00%","4,022.20%","No","4,270.00%","CONSUMER GOODS","(0.96)%","(4.12)%","(9.14)%","3.64%","9.84%","10.00%","9.60%","13.63%","(9.92)%",
"Gujarat Narmada Valley Fertilizers and Chemicals Ltd.","GNFC","274.75","322.70%","118.65%","No","287.50%","CHEMICALS","(0.96)%","(8.80)%","(13.52)%","(12.92)%","(8.17)%","(3.26)%","0.40%","131.56%","(14.86)%",
"Alkem Laboratories Ltd.","ALKEM","1,818.00","2,400.00%","1,201.00%","No","2,190.00%","PHARMA","(0.95)%","(4.20)%","(4.82)%","(8.64)%","(8.18)%","(12.17)%","(15.36)%","51.37%","(24.25)%",
"Berger Paints India Ltd.","BERGEPAINT","241.80","276.80%","177.95%","No","242.40%","CONSUMER GOODS,LARGECAP","(0.94)%","(7.39)%","(6.82)%","(4.09)%","(5.88)%","0.96%","2.96%","35.88%","(12.64)%",
"Eveready Industries India Ltd.","EVEREADY","317.00","330.10%","199.55%","No","261.05%","CONSUMER GOODS","(0.91)%","(1.14)%","0.28%","4.97%","4.45%","10.05%","13.30%","58.86%","(3.97)%",
"Sudarshan Chemical Industries Ltd.","SUDARSCHEM","354.10","455.35%","114.00%","No","346.00%","CHEMICALS","(0.85)%","(10.39)%","(12.46)%","(2.75)%","(4.41)%","(0.67)%","(1.91)%","210.61%","(22.24)%",
"Bajaj Holdings & Investment Ltd.","BAJAJHLDNG","2,032.00","2,259.00%","1,468.50%","No","2,170.00%","FINANCIAL SERVICES,LARGECAP","(0.83)%","(8.53)%","(4.11)%","(1.45)%","(6.27)%","(4.45)%","(4.87)%","38.37%","(10.05)%",
"Bajaj Finserv Ltd.","BAJAJFINSV","3,950.00","4,750.00%","1,725.55%","Yes","4,080.00%","FINANCIAL SERVICES,LARGECAP","(0.83)%","(11.71)%","(9.40)%","(13.47)%","(12.82)%","(9.36)%","(9.36)%","128.91%","(16.84)%",
"Shilpa Medicare Ltd.","SHILPAMED","690.30","786.90%","435.05%","No","637.50%","PHARMA","(0.82)%","(1.28)%","(1.22)%","(1.46)%","(2.22)%","(1.95)%","3.51%","58.67%","(12.28)%",
"CRISIL Ltd.","CRISIL","1,861.35","2,500.00%","1,811.55%","No","1,905.00%","FINANCIAL SERVICES","(0.81)%","(0.57)%","(1.47)%","(2.55)%","(2.73)%","(6.48)%","(6.04)%","2.75%","(25.55)%",
"Karur Vysya Bank Ltd.","KARURVYSYA","117.85","542.60%","80.00%","No","111.75%","BANK","(0.80)%","0.73%","(1.13)%","(2.20)%","(0.04)%","(0.46)%","0.99%","47.31%","(78.28)%",
"PTC India Ltd.","PTC","91.30","105.25%","65.75%","Yes","92.65%","ENERGY,NIFTY INFRA","(0.76)%","(11.36)%","(11.23)%","(12.00)%","(6.31)%","(4.50)%","(3.89)%","38.86%","(13.25)%",
"Rallis India Ltd.","RALLIS","235.55","265.25%","180.40%","No","259.90%","FERTILISERS & PESTICIDES","(0.76)%","(4.21)%","(5.19)%","(1.26)%","(2.24)%","(4.62)%","(4.94)%","30.57%","(11.20)%",
"Aegis Logistics Ltd.","AEGISCHEM","184.30","214.00%","107.05%","No","192.85%","ENERGY","(0.75)%","(3.43)%","(0.65)%","(5.49)%","(4.71)%","(0.94)%","(3.63)%","72.16%","(13.88)%",
"National Aluminium Co. Ltd.","NATIONALUM","65.85","79.95%","40.55%","No","76.50%","METALS","(0.75)%","(2.73)%","(3.02)%","(3.87)%","(2.01)%","(11.13)%","(10.77)%","62.39%","(17.64)%",
"Tata Investment Corporation Ltd.","TATAINVEST","649.50","701.00%","490.10%","No","634.50%","FINANCIAL SERVICES","(0.75)%","(5.58)%","(2.77)%","(4.48)%","(3.35)%","(1.45)%","(2.33)%","32.52%","(7.35)%",
"Kajaria Ceramics Ltd.","KAJARIACER","663.00","1,427.00%","437.35%","No","584.00%","CONSTRUCTION","(0.74)%","(3.77)%","(7.92)%","2.14%","(0.15)%","(1.34)%","6.22%","51.59%","(53.54)%",
"Kalpataru Power Transmission Ltd.","KALPATPOWR","342.65","367.90%","207.00%","No","323.00%","ENERGY","(0.74)%","(3.48)%","(4.06)%","(3.21)%","(1.82)%","2.27%","3.83%","65.53%","(6.86)%",
"Apar Industries Ltd.","APARINDS","825.00","883.30%","481.05%","No","750.00%","INDUSTRIAL MANUFACTURING","(0.73)%","(1.43)%","(0.60)%","0.73%","6.25%","6.73%","3.77%","71.50%","(6.60)%",
"Eicher Motors Ltd.","EICHERMOT","27,400.00","30,051.00%","18,000.00%","Yes","25,470.00%","AUTOMOBILE,LARGECAP","(0.72)%","(5.46)%","(1.79)%","5.91%","5.15%","7.58%","7.34%","52.22%","(8.82)%",
"Bajaj Finance Ltd.","BAJFINANCE","1,225.00","5,885.00%","760.50%","Yes","1,173.95%","FINANCIAL SERVICES,LARGECAP","(0.71)%","(7.20)%","(7.76)%","(3.60)%","(8.71)%","(1.13)%","(1.69)%","61.08%","(79.18)%",
"Thyrocare Technologies Ltd.","THYROCARE","690.00","780.00%","523.20%","No","725.00%","HEALTHCARE SERVICES","(0.71)%","(6.76)%","(4.96)%","(4.17)%","(4.80)%","(5.48)%","(7.38)%","31.88%","(11.54)%",
"IIFL Holdings Ltd.","IIFL","469.00","524.80%","197.00%","No","400.50%","FINANCIAL SERVICES","(0.70)%","(1.04)%","(9.28)%","(3.52)%","(5.06)%","3.76%","0.85%","138.07%","(10.63)%",
"Hero MotoCorp Ltd.","HEROMOTOCO","3,560.00","3,740.00%","2,849.50%","Yes","3,221.50%","AUTOMOBILE,LARGECAP","(0.70)%","(2.04)%","6.91%","5.64%","7.88%","10.39%","11.25%","24.93%","(4.81)%",
"Federal Bank Ltd.","FEDERALBNK","107.10","120.00%","49.25%","Yes","90.95%","BANK","(0.70)%","(6.46)%","(8.58)%","(4.25)%","13.94%","16.29%","18.74%","117.46%","(10.75)%",
"Future Consumer Ltd.","FCONSUMER","29.30","35.85%","18.05%","No","29.05%","CONSUMER GOODS","(0.68)%","(10.81)%","(11.21)%","(10.12)%","(12.93)%","(8.44)%","(17.58)%","62.33%","(18.27)%",
"Nestle India","NESTLEIND","6,540.00","7,369.00%","5,656.05%","No","6,670.00%","CONSUMER GOODS,LARGECAP","(0.68)%","(0.46)%","(5.63)%","(2.24)%","3.65%","3.15%","(0.91)%","15.63%","(11.25)%",
"Pfizer Ltd.","PFIZER","1,695.00","2,049.50%","1,656.60%","No","1,945.40%","PHARMA","(0.67)%","(3.42)%","(1.39)%","(0.94)%","(5.78)%","(8.39)%","(9.60)%","2.32%","(17.30)%",
"Astral Poly Technik Ltd.","ASTRAL","541.00","614.00%","367.05%","No","543.00%","INDUSTRIAL MANUFACTURING","(0.67)%","(7.74)%","(8.52)%","(0.28)%","(3.37)%","(4.42)%","(3.39)%","47.39%","(11.89)%",
"Cummins India Ltd.","CUMMINSIND","920.00","1,096.80%","746.15%","Yes","944.80%","INDUSTRIAL MANUFACTURING,LARGECAP","(0.67)%","(9.45)%","(13.13)%","(12.81)%","(4.86)%","(2.18)%","(5.65)%","23.30%","(16.12)%",
"Indian Bank","INDIANB","322.65","365.00%","88.25%","No","278.80%","BANK","(0.66)%","(10.00)%","(8.33)%","(4.09)%","4.55%","24.67%","19.90%","265.61%","(11.60)%",
"UFLEX Ltd.","UFLEX","341.00","393.80%","181.50%","No","278.50%","INDUSTRIAL MANUFACTURING","(0.66)%","(10.63)%","(8.95)%","(7.49)%","6.00%","11.44%","9.61%","87.88%","(13.41)%",
"Marico Ltd.","MARICO","311.50","328.00%","234.80%","Yes","295.30%","LARGECAP,NIFTY FMGC","(0.65)%","1.27%","(1.67)%","(1.11)%","","4.36%","4.11%","32.67%","(5.03)%",
"Thomas Cook (India) Ltd.","THOMASCOOK","209.00","238.30%","173.25%","No","232.65%","SERVICES","(0.64)%","(6.86)%","(3.46)%","2.63%","(1.88)%","(3.78)%","(5.13)%","20.63%","(12.30)%",
"Kotak Mahindra Bank Ltd.","KOTAKBANK","934.25","981.45%","692.50%","Yes","871.85%","BANK,LARGECAP","(0.64)%","(1.72)%","0.57%","1.99%","3.82%","6.01%","6.61%","34.91%","(4.81)%",
"BASF India Ltd.","BASF","1,301.50","1,398.50%","917.00%","No","1,391.00%","CHEMICALS","(0.64)%","(4.75)%","(3.16)%","(1.77)%","0.12%","0.12%","(1.25)%","41.93%","(6.94)%",
"Zee Entertainment Enterprises Ltd.","ZEEL","509.00","589.90%","427.65%","Yes","535.50%","LARGECAP,MEDIA & ENTERTAINMENT","(0.63)%","(2.68)%","(2.13)%","(3.42)%","(3.44)%","(1.67)%","(7.63)%","19.02%","(13.71)%",
"TV Today Network Ltd.","TVTODAY","253.00","360.00%","248.00%","Yes","259.25%","MEDIA & ENTERTAINMENT","(0.63)%","(5.70)%","(6.78)%","(4.53)%","(7.09)%","(8.00)%","(10.60)%","2.02%","(29.72)%",
"Snowman Logistics Ltd.","SNOWMAN","55.35","93.95%","48.10%","No","63.35%","SERVICES","(0.63)%","(10.73)%","(8.59)%","(8.96)%","(11.79)%","(9.78)%","(12.70)%","15.07%","(41.09)%",
"Whirlpool of India Ltd.","WHIRLPOOL","1,150.75","1,288.50%","740.50%","No","1,221.00%","CONSUMER GOODS","(0.62)%","(3.30)%","(4.74)%","(5.68)%","(6.07)%","(5.04)%","(5.68)%","55.40%","(10.69)%",
"Thermax Ltd.","THERMAX","987.00","1,070.00%","690.00%","No","984.00%","INDUSTRIAL MANUFACTURING","(0.61)%","(2.51)%","(5.69)%","(4.55)%","(7.13)%","","0.41%","43.04%","(7.76)%",
"NTPC Ltd.","NTPC","156.00","178.25%","136.00%","Yes","165.85%","ENERGY,LARGECAP,NIFTY INFRA","(0.61)%","(1.83)%","(3.79)%","(3.79)%","(5.65)%","(3.50)%","(6.47)%","14.71%","(12.48)%",
"Zydus Wellness Ltd.","ZYDUSWELL","825.00","928.00%","701.00%","No","873.00%","CONSUMER GOODS","(0.60)%","(2.14)%","(4.41)%","(4.29)%","(4.68)%","(4.62)%","(5.71)%","17.69%","(11.10)%",
"Atul Ltd.","ATUL","2,400.00","2,585.00%","1,795.40%","No","2,360.00%","CHEMICALS","(0.59)%","(6.00)%","(4.57)%","1.44%","(4.76)%","(0.66)%","(2.48)%","33.67%","(7.16)%",
"Va Tech Wabag Ltd.","WABAG","677.00","1,603.00%","320.10%","No","678.00%","SERVICES","(0.58)%","1.32%","1.36%","(0.88)%","(2.02)%","3.20%","(0.15)%","111.50%","(57.77)%",
"K.P.R. Mill Ltd.","KPRMILL","724.60","1,271.55%","530.15%","No","659.00%","TEXTILES","(0.54)%","(4.14)%","(4.15)%","(2.48)%","1.34%","4.26%","5.01%","36.68%","(43.01)%",
"United Breweries Ltd.","UBL","773.50","977.45%","690.00%","Yes","767.75%","NIFTY FMGC","(0.53)%","(3.92)%","(3.91)%","(0.48)%","1.78%","5.96%","3.13%","12.10%","(20.87)%",
"Minda Corporation Ltd.","MINDACORP","103.70","143.30%","85.00%","No","94.35%","AUTOMOBILE","(0.53)%","(11.14)%","(8.43)%","(10.99)%","(12.38)%","(8.71)%","(0.19)%","22.00%","(27.63)%",
"Godfrey Phillips India Ltd.","GODFRYPHLP","1,175.00","1,542.50%","804.25%","No","1,139.95%","CONSUMER GOODS","(0.51)%","(8.56)%","(2.33)%","(5.19)%","(2.89)%","7.80%","3.43%","46.10%","(23.82)%",
"Reliance Industries Ltd.","RELIANCE","1,299.00","1,467.75%","928.05%","Yes","1,320.60%","ENERGY,LARGECAP","(0.50)%","(3.78)%","(4.43)%","(5.20)%","(9.22)%","(5.11)%","(6.19)%","39.97%","(11.50)%",
"Asahi India Glass Ltd.","ASAHIINDIA","242.00","259.00%","145.80%","No","217.00%","AUTOMOBILE","(0.47)%","(1.57)%","3.88%","6.63%","10.76%","11.39%","9.03%","65.98%","(6.56)%",
"FDC Ltd.","FDC","173.50","244.00%","165.00%","No","203.40%","PHARMA","(0.46)%","(5.71)%","(7.74)%","(11.03)%","(13.08)%","(15.98)%","(13.81)%","5.15%","(28.89)%",
"Motherson Sumi Systems Ltd.","MOTHERSUMI","420.50","441.50%","255.15%","Yes","372.00%","AUTOMOBILE,LARGECAP","(0.45)%","1.26%","2.56%","3.69%","9.81%","13.62%","10.88%","64.81%","(4.76)%",
"Tata Sponge Iron Ltd.","TATASPONGE","802.95","900.50%","486.20%","No","698.50%","METALS","(0.44)%","(8.50)%","(9.34)%","(2.89)%","(3.38)%","(2.08)%","(2.91)%","65.15%","(10.83)%",
"The Ramco Cements Ltd.","RAMCOCEM","679.50","729.75%","472.80%","No","678.50%","CEMENT & CEMENT PRODUCTS","(0.44)%","(4.03)%","(4.92)%","(0.80)%","(2.44)%","1.72%","0.44%","43.72%","(6.89)%",
"Oil & Natural Gas Corporation Ltd.","ONGC","173.90","211.80%","136.37%","Yes","185.00%","ENERGY,LARGECAP","(0.43)%","(5.64)%","(7.48)%","(9.02)%","(4.08)%","(3.79)%","(6.76)%","27.52%","(17.89)%",
"Indo Count Industries Ltd.","ICIL","169.50","1,013.00%","135.00%","No","197.00%","TEXTILES","(0.41)%","(12.63)%","(16.58)%","(17.62)%","(12.99)%","(9.77)%","(14.18)%","25.56%","(83.27)%",
"Indian Hotels Co. Ltd.","INDHOTEL","136.35","145.50%","88.70%","No","127.40%","SERVICES","(0.40)%","(5.08)%","3.14%","6.52%","7.87%","5.94%","5.62%","53.72%","(6.29)%",
"L&T Technology Services Ltd.","LTTS","732.35","931.45%","729.00%","No","781.00%","IT","(0.40)%","(4.30)%","(2.61)%","(6.59)%","(0.95)%","(3.45)%","(7.53)%","0.46%","(21.38)%",
"Vijaya Bank","VIJAYABANK","76.00","97.40%","29.60%","No","68.50%","BANK","(0.39)%","(13.34)%","(18.10)%","(6.92)%","(1.55)%","8.42%","8.65%","156.76%","(21.97)%",
"Lakshmi Machine Works Ltd.","LAXMIMACH","4,355.00","4,747.00%","3,333.20%","No","4,220.00%","INDUSTRIAL MANUFACTURING","(0.38)%","(5.53)%","(3.69)%","(4.50)%","(5.33)%","(2.81)%","1.56%","30.66%","(8.26)%",
"Schneider Electric Infrastructure Ltd.","SCHNEIDER","134.00","173.75%","126.00%","No","142.00%","INDUSTRIAL MANUFACTURING","(0.37)%","(9.86)%","(11.26)%","(9.49)%","(14.89)%","(8.47)%","(8.84)%","6.35%","(22.88)%",
"Lakshmi Vilas Bank Ltd.","LAKSHVILAS","181.40","202.75%","80.80%","No","166.40%","BANK","(0.36)%","(3.61)%","0.47%","1.03%","(8.61)%","6.08%","8.43%","124.50%","(10.53)%",
"Asian Paints Ltd.","ASIANPAINT","1,095.00","1,227.30%","851.10%","Yes","1,070.00%","CONSUMER GOODS,LARGECAP","(0.35)%","(5.34)%","(4.78)%","(2.06)%","0.36%","5.02%","3.40%","28.66%","(10.78)%",
"Power Grid Corporation of India Ltd.","POWERGRID","200.70","213.80%","146.20%","Yes","197.25%","ENERGY,LARGECAP,NIFTY INFRA","(0.35)%","(3.86)%","(4.38)%","(4.88)%","(3.63)%","(0.72)%","3.06%","37.28%","(6.13)%",
"Tata Power Co. Ltd.","TATAPOWER","80.25","91.15%","67.00%","Yes","90.30%","ENERGY,NIFTY INFRA","(0.31)%","(5.75)%","(1.77)%","(2.37)%","(5.64)%","(3.89)%","(7.76)%","19.78%","(11.96)%",
"Cyient Ltd.","CYIENT","505.20","564.90%","405.00%","Yes","466.10%","IT","(0.31)%","(4.14)%","(5.55)%","(7.20)%","(5.79)%","3.52%","6.58%","24.74%","(10.57)%",
"Intellect Design Arena Ltd.","INTELLECT","115.80","232.80%","107.80%","No","115.20%","IT","(0.30)%","(6.73)%","(9.32)%","(16.00)%","(7.66)%","(5.70)%","(3.54)%","7.42%","(50.26)%",
"Omaxe Ltd.","OMAXE","198.70","215.70%","150.15%","No","170.00%","CONSTRUCTION","(0.28)%","(1.46)%","(1.56)%","1.90%","1.38%","5.05%","11.98%","32.33%","(7.88)%",
"Bajaj Corp Ltd.","BAJAJCORP","359.05","435.70%","324.50%","No","394.10%","CONSUMER GOODS","(0.26)%","(1.83)%","(5.26)%","(5.20)%","(11.08)%","(8.87)%","(12.27)%","10.65%","(17.59)%",
"Akzo Nobel India Ltd.","AKZOINDIA","1,769.00","2,089.00%","1,328.25%","No","1,920.00%","CONSUMER GOODS","(0.25)%","(9.19)%","(9.29)%","(11.55)%","(12.86)%","(6.90)%","(5.75)%","33.18%","(15.32)%",
"Trident Ltd.","TRIDENT","78.85","92.30%","42.00%","No","86.30%","TEXTILES","(0.25)%","(6.47)%","(8.47)%","(6.02)%","(6.58)%","(3.84)%","(3.90)%","87.74%","(14.57)%",
"GlaxoSmithkline Consumer Healthcare Ltd.","GSKCONS","5,270.00","6,600.00%","4,708.00%","Yes","5,150.00%","NIFTY FMGC","(0.23)%","(1.22)%","(1.16)%","2.11%","1.30%","1.74%","1.93%","11.94%","(20.15)%",
"Maruti Suzuki India Ltd.","MARUTI","6,865.00","6,979.00%","3,866.60%","Yes","6,035.00%","AUTOMOBILE,LARGECAP","(0.20)%","(1.15)%","1.75%","3.14%","8.45%","12.06%","9.58%","77.55%","(1.63)%",
"Axis Bank Ltd.","AXISBANK","499.65","638.30%","424.40%","Yes","490.80%","BANK,LARGECAP","(0.19)%","(0.47)%","(4.94)%","(0.17)%","(3.56)%","0.27%","(2.07)%","17.73%","(21.72)%",
"Can Fin Homes Ltd.","CANFINHOME","2,584.65","2,899.95%","1,082.00%","No","2,113.00%","FINANCIAL SERVICES","(0.19)%","(6.08)%","(7.86)%","(7.92)%","0.14%","5.20%","10.46%","138.88%","(10.87)%",
"Greenply Industries Ltd.","GREENPLY","275.00","308.00%","194.30%","No","284.00%","CONSUMER GOODS","(0.18)%","(5.34)%","(4.48)%","(3.08)%","(4.01)%","(4.18)%","(1.75)%","41.53%","(10.71)%",
"Sun Pharma Advanced Research Company Ltd.","SPARC","285.00","414.90%","270.00%","Yes","316.05%","PHARMA","(0.18)%","(7.77)%","(9.67)%","(10.80)%","(11.78)%","(13.18)%","(15.08)%","5.56%","(31.31)%",
"Wipro Ltd.","WIPRO","525.50","577.80%","408.10%","Yes","515.20%","IT,LARGECAP","(0.17)%","3.02%","5.14%","6.05%","6.16%","6.38%","4.30%","28.77%","(9.05)%",
"City Union Bank Ltd.","CUB","167.90","184.00%","101.20%","No","151.50%","BANK","(0.15)%","(5.41)%","(0.39)%","1.63%","9.88%","12.99%","9.45%","65.91%","(8.75)%",
"DCM Shriram Ltd.","DCMSHRIRAM","370.65","398.70%","167.10%","No","296.00%","CONSUMER GOODS","(0.15)%","(5.66)%","(1.79)%","0.45%","8.38%","14.40%","12.39%","121.81%","(7.04)%",
"Indraprastha Gas Ltd.","IGL","980.00","1,084.40%","555.10%","No","1,017.45%","ENERGY,NIFTY MIDCAP 50","(0.15)%","(3.89)%","(4.19)%","(6.92)%","(7.47)%","(6.28)%","(2.29)%","76.54%","(9.63)%",
"Grindwell Norton Ltd.","GRINDWELL","380.00","405.95%","288.00%","No","349.00%","INDUSTRIAL MANUFACTURING","(0.14)%","(1.75)%","(1.55)%","(2.56)%","(1.38)%","(1.30)%","5.85%","31.94%","(6.39)%",
"HDFC Bank Ltd.","HDFCBANK","1,567.00","1,583.55%","1,135.55%","Yes","1,440.00%","BANK,LARGECAP","(0.13)%","0.61%","0.84%","1.68%","1.80%","8.58%","9.20%","37.99%","(1.05)%",
"Vardhman Textiles Ltd.","VTL","1,300.25","1,404.00%","828.00%","No","1,305.05%","TEXTILES","(0.11)%","2.14%","(2.62)%","(2.38)%","(1.47)%","(0.20)%","(2.24)%","57.04%","(7.39)%",
"Marksans Pharma Ltd.","MARKSANS","46.40","58.30%","36.80%","No","47.25%","PHARMA","(0.11)%","(9.20)%","(14.55)%","(7.85)%","(11.20)%","(12.12)%","(17.29)%","26.09%","(20.41)%",
"Cox & Kings Ltd.","COX&KINGS","207.20","243.00%","146.60%","No","231.20%","SERVICES","(0.10)%","(9.02)%","(6.33)%","(7.15)%","(8.54)%","(6.67)%","(3.52)%","41.34%","(14.73)%",
"Igarashi Motors India Ltd.","IGARASHI","826.00","943.60%","581.00%","No","801.05%","AUTOMOBILE","(0.08)%","(3.73)%","(10.04)%","(3.50)%","3.51%","6.99%","3.83%","42.17%","(12.46)%",
"Zensar Technolgies Ltd.","ZENSARTECH","891.40","1,136.00%","815.10%","No","925.50%","IT","(0.08)%","(0.55)%","0.26%","(0.40)%","(2.37)%","(1.02)%","(3.60)%","9.36%","(21.53)%",
"Crompton Greaves Consumer Electricals Ltd.","CROMPTON","217.15","246.00%","126.50%","No","215.30%","CONSUMER GOODS","(0.07)%","(11.00)%","(9.05)%","0.46%","(1.39)%","3.63%","2.94%","71.66%","(11.73)%",
"Den Networks Ltd.","DEN","89.50","105.00%","59.60%","Yes","83.00%","MEDIA & ENTERTAINMENT","(0.06)%","(11.74)%","(12.73)%","(10.95)%","(6.96)%","(6.28)%","(0.67)%","50.17%","(14.76)%",
"Gujarat State Fertilizers & Chemicals Ltd.","GSFC","118.50","148.50%","66.85%","No","131.40%","FERTILISERS & PESTICIDES","(0.04)%","(14.25)%","(18.22)%","(11.57)%","(2.15)%","3.04%","0.81%","77.26%","(20.20)%",
"Infosys Ltd.","INFY","957.00","1,279.30%","901.00%","Yes","1,022.50%","IT,LARGECAP","(0.03)%","0.43%","1.24%","2.46%","2.95%","3.68%","0.63%","6.22%","(25.19)%",
"Federal-Mogul Goetze (India) Ltd.","FMGOETZE","592.90","651.00%","305.20%","No","545.00%","AUTOMOBILE","(0.02)%","1.01%","(0.84)%","(3.52)%","(4.52)%","(3.59)%","2.58%","94.27%","(8.92)%",
"I T C Ltd.","ITC","300.10","304.80%","222.00%","Yes","280.75%","LARGECAP,NIFTY FMGC","(0.02)%","6.61%","9.33%","8.42%","6.57%","7.29%","9.93%","35.18%","(1.54)%",
"Sundaram Finance Ltd.","SUNDARMFIN","1,499.95","1,740.10%","1,102.00%","Yes","1,615.00%","FINANCIAL SERVICES","(0.01)%","(1.64)%","(1.31)%","(5.99)%","(6.31)%","(7.22)%","(6.02)%","36.11%","(13.80)%",
"V.I.P. Industries Ltd.","VIPIND","183.20","217.00%","103.00%","No","197.00%","CONSUMER GOODS","","(7.94)%","(6.72)%","(12.45)%","(8.70)%","(3.07)%","(8.92)%","77.86%","(15.58)%",
"CG Power and Industrial Solutions Ltd.","CGPOWER","88.25","96.80%","55.60%","Yes","77.80%","INDUSTRIAL MANUFACTURING,NIFTY INFRA,NIFTY MIDCAP 50","","(5.82)%","(0.68)%","14.24%","11.15%","12.64%","10.38%","58.72%","(8.83)%",
"Rajesh Exports Ltd.","RAJESHEXPO","648.00","654.00%","421.05%","No","603.20%","CONSUMER GOODS","0.01%","1.01%","3.57%","4.85%","7.00%","7.28%","8.19%","53.90%","(0.92)%",
"Shriram City Union Finance Ltd.","SHRIRAMCIT","2,160.00","2,610.00%","1,510.00%","No","2,360.00%","FINANCIAL SERVICES","0.01%","(4.64)%","2.61%","0.51%","(5.55)%","(4.30)%","(3.14)%","43.05%","(17.24)%",
"Blue Star Ltd.","BLUESTARCO","637.00","725.00%","401.50%","No","692.00%","CONSUMER GOODS","0.02%","(4.64)%","(8.60)%","(6.73)%","(5.77)%","(7.95)%","(4.93)%","58.66%","(12.14)%",
"AstraZenca Pharma India Ltd.","ASTRAZEN","940.00","1,145.00%","908.00%","No","935.00%","PHARMA","0.02%","(3.79)%","(2.93)%","(1.18)%","(6.47)%","(8.56)%","(2.19)%","3.52%","(17.90)%",
"Infibeam Incorporation Ltd.","INFIBEAM","1,013.00","1,448.80%","504.65%","No","944.00%","IT","0.04%","0.94%","0.80%","(2.31)%","(8.08)%","(5.33)%","4.00%","100.73%","(30.08)%",
"Jyothy Laboratories Ltd.","JYOTHYLAB","373.90","427.00%","279.00%","No","349.00%","CONSUMER GOODS","0.04%","(1.35)%","(0.61)%","(0.33)%","(5.49)%","(4.79)%","9.04%","34.01%","(12.44)%",
"Birla Corporation Ltd.","BIRLACORPN","758.30","803.95%","372.00%","No","735.00%","CEMENT & CEMENT PRODUCTS","0.08%","(2.15)%","(2.15)%","(0.89)%","(1.77)%","1.11%","3.03%","103.84%","(5.68)%",
"J.K. Cement Ltd.","JKCEMENT","1,098.00","1,196.00%","572.00%","No","936.50%","CEMENT & CEMENT PRODUCTS","0.10%","(1.26)%","7.12%","11.69%","12.27%","18.70%","18.06%","91.96%","(8.19)%",
"Grasim Industries Ltd.","GRASIM","1,098.40","5,361.05%","781.90%","Yes","1,050.20%","CEMENT & CEMENT PRODUCTS,LARGECAP","0.14%","(6.14)%","(5.88)%","(5.44)%","(7.05)%","3.03%","0.75%","40.48%","(79.51)%",
"Aditya Birla Nuvo Ltd.","ABIRLANUVO","1,599.15","1,744.85%","981.85%","No","1,521.50%","NIFTY MIDCAP 50,SERVICES","0.14%","(6.20)%","(5.65)%","(4.18)%","(5.71)%","4.34%","2.51%","62.87%","(8.35)%",
"Ahluwalia Contracts (India) Ltd.","AHLUCONT","356.00","410.00%","235.00%","No","310.50%","CONSTRUCTION","0.14%","(9.87)%","(8.13)%","(1.11)%","(1.11)%","6.25%","4.83%","51.49%","(13.17)%",
"Finolex Industries Ltd.","FINPIPE","587.00","615.90%","381.00%","No","580.00%","INDUSTRIAL MANUFACTURING","0.15%","(4.08)%","(0.51)%","5.92%","1.03%","5.08%","2.62%","54.07%","(4.69)%",
"Coffee Day Enterprises Ltd.","COFFEEDAY","251.00","277.00%","190.20%","No","232.60%","CONSUMER GOODS","0.16%","(6.34)%","0.30%","(1.76)%","0.68%","0.48%","7.29%","31.97%","(9.39)%",
"Jain Irrigation Systems Ltd.","JISLJALEQS","87.45","119.70%","62.50%","No","93.65%","INDUSTRIAL MANUFACTURING,NIFTY MIDCAP 50","0.17%","(10.58)%","(16.67)%","(20.03)%","(24.74)%","(11.44)%","(13.97)%","39.92%","(26.94)%",
"Wonderla Holidays Ltd.","WONDERLA","375.00","419.50%","316.00%","No","386.00%","SERVICES","0.17%","(3.26)%","(2.52)%","(1.57)%","(4.69)%","(1.83)%","(5.23)%","18.67%","(10.61)%",
"Bombay Burmah Trading Corporation Ltd.","BBTC","880.20","958.90%","352.80%","No","854.00%","CONSUMER GOODS","0.18%","(0.07)%","(1.09)%","(4.48)%","(3.59)%","(0.57)%","6.83%","149.49%","(8.21)%",
"Ashoka Buildcon Ltd.","ASHOKA","198.00","230.90%","126.10%","No","197.00%","CONSTRUCTION","0.18%","(8.57)%","(4.56)%","(5.71)%","(0.90)%","(6.38)%","(5.26)%","57.02%","(14.25)%",
"Gujarat Mineral Development Corporation Ltd.","GMDCLTD","133.45","144.95%","65.25%","No","122.15%","METALS","0.19%","2.65%","0.57%","7.62%","4.75%","8.67%","6.29%","104.52%","(7.93)%",
"Hexaware Technologies Ltd.","HEXAWARE","246.00","261.45%","177.95%","No","214.80%","IT","0.20%","(2.77)%","(0.73)%","4.95%","9.43%","23.00%","16.70%","38.24%","(5.91)%",
"TTK Prestige Ltd.","TTKPRESTIG","6,515.00","6,984.45%","4,365.90%","No","5,831.00%","CONSUMER GOODS","0.21%","(0.53)%","1.57%","4.22%","(0.69)%","(1.27)%","4.83%","49.22%","(6.72)%",
"ICICI Bank Ltd.","ICICIBANK","306.70","312.85%","221.10%","Yes","276.35%","BANK,LARGECAP","0.21%","(0.89)%","2.61%","12.32%","12.53%","8.32%","10.44%","38.72%","(1.97)%",
"Emami Ltd.","EMAMILTD","1,087.50","1,260.00%","935.40%","Yes","1,076.00%","LARGECAP,NIFTY FMGC","0.22%","0.28%","(1.63)%","1.64%","6.41%","7.14%","5.07%","16.26%","(13.69)%",
"GE T&D India Ltd.","GET&D","343.00","384.20%","277.85%","No","326.00%","INDUSTRIAL MANUFACTURING","0.22%","(8.29)%","(7.81)%","0.59%","(0.55)%","1.18%","(0.84)%","23.45%","(10.72)%",
"United Spirits Ltd.","MCDOWELL-N","2,019.00","2,810.00%","1,707.70%","Yes","2,175.00%","LARGECAP,NIFTY FMGC","0.23%","(4.85)%","2.96%","4.34%","5.10%","6.83%","7.00%","18.23%","(28.15)%",
"Hindustan Petroleum Corporation Ltd.","HINDPETRO","500.85","583.00%","266.90%","No","526.00%","ENERGY,LARGECAP,NIFTY MIDCAP 50","0.25%","(7.78)%","(5.44)%","(5.59)%","(10.16)%","(9.28)%","(7.76)%","87.65%","(14.09)%",
"Praj Industries Ltd.","PRAJIND","78.00","105.30%","70.10%","No","80.10%","INDUSTRIAL MANUFACTURING","0.26%","(4.88)%","(8.93)%","(6.64)%","(5.63)%","(0.83)%","(4.47)%","11.27%","(25.93)%",
"Cadila Healthcare Ltd.","CADILAHC","442.00","497.00%","305.00%","Yes","442.50%","LARGECAP,PHARMA","0.26%","(6.84)%","(6.16)%","(2.21)%","(2.90)%","(0.45)%","(2.10)%","44.92%","(11.07)%",
"Rain Industries Ltd","RAIN","94.45","122.80%","30.30%","No","109.65%","CHEMICALS","0.27%","(13.47)%","(11.31)%","(19.27)%","(15.48)%","(7.90)%","(11.61)%","211.72%","(23.09)%",
"Tamil Nadu Newsprint & Papers Ltd.","TNPL","330.00","392.35%","240.10%","No","314.00%","PAPER","0.27%","(6.22)%","11.30%","13.01%","10.37%","7.86%","3.86%","37.44%","(15.89)%",
"Navin Fluorine International Ltd.","NAVINFLUOR","2,900.00","3,240.00%","1,907.30%","No","3,059.00%","CHEMICALS","0.29%","(3.11)%","(5.69)%","(4.61)%","(9.94)%","(8.69)%","(4.10)%","52.05%","(10.49)%",
"Colgate Palmolive (India) Ltd.","COLPAL","990.00","1,049.00%","787.20%","Yes","992.50%","LARGECAP,NIFTY FMGC","0.29%","1.41%","(2.48)%","(4.10)%","(5.26)%","(0.10)%","(2.48)%","25.76%","(5.62)%",
"UPL Ltd.","UPL","787.90","864.95%","490.00%","Yes","728.50%","FERTILISERS & PESTICIDES,LARGECAP","0.30%","(5.19)%","(4.28)%","(2.91)%","(2.37)%","3.13%","7.45%","60.80%","(8.91)%",
"Tech Mahindra Ltd.","TECHM","417.00","564.00%","405.50%","Yes","457.50%","IT,LARGECAP","0.30%","(3.16)%","(3.09)%","(0.51)%","(4.69)%","(0.08)%","(5.66)%","2.84%","(26.06)%",
"RBL Bank Ltd.","RBLBANK","526.30","600.90%","274.20%","No","495.25%","BANK","0.34%","(6.80)%","(6.44)%","(10.34)%","(7.13)%","(4.62)%","(10.52)%","91.94%","(12.41)%",
"Relaxo Footwears Ltd.","RELAXO","473.00","528.00%","350.00%","No","498.00%","CONSUMER GOODS","0.35%","1.94%","(3.86)%","(3.80)%","(4.25)%","(3.47)%","(4.06)%","35.14%","(10.42)%",
"LIC Housing Finance Ltd.","LICHSGFIN","672.95","727.50%","431.10%","Yes","617.05%","FINANCIAL SERVICES,LARGECAP","0.37%","(2.47)%","(3.27)%","(4.55)%","(0.32)%","4.63%","6.91%","56.10%","(7.50)%",
"Solar Industries India Ltd.","SOLARINDS","826.00","3,299.95%","588.00%","No","786.50%","CHEMICALS","0.38%","0.49%","3.64%","5.87%","1.97%","1.97%","(2.71)%","40.48%","(74.97)%",
"Supreme Industries Ltd.","SUPREMEIND","1,145.00","1,219.95%","730.50%","No","1,094.00%","INDUSTRIAL MANUFACTURING","0.40%","(3.70)%","(3.85)%","(0.43)%","7.11%","6.03%","6.23%","56.74%","(6.14)%",
"Chennai Petroleum Corporation Ltd.","CHENNPETRO","364.70","424.90%","178.00%","No","364.50%","ENERGY","0.40%","(7.76)%","(13.48)%","(3.54)%","(4.34)%","(3.13)%","(1.94)%","104.89%","(14.17)%",
"Oberoi Realty Ltd.","OBEROIRLTY","376.00","416.00%","248.30%","Yes","368.45%","CONSTRUCTION","0.41%","(5.53)%","(8.74)%","(4.73)%","(5.41)%","0.27%","(0.61)%","51.43%","(9.62)%",
"Unichem Laboratories Ltd.","UNICHEMLAB","252.00","328.00%","233.25%","No","287.70%","PHARMA","0.42%","(4.24)%","(3.89)%","(8.16)%","(8.43)%","(11.27)%","(8.70)%","8.04%","(23.17)%",
"Navkar Corporation Ltd.","NAVKARCORP","205.00","247.00%","154.75%","No","176.00%","SERVICES","0.44%","(12.82)%","(4.65)%","(4.65)%","(4.43)%","1.36%","(1.68)%","32.47%","(17.00)%",
"TVS Motor Company Ltd.","TVSMOTOR","527.00","537.55%","279.10%","Yes","430.65%","AUTOMOBILE,LARGECAP,NIFTY MIDCAP 50","0.45%","(0.95)%","7.09%","5.41%","7.88%","12.38%","11.35%","88.82%","(1.96)%",
"Godrej Consumer Products Ltd.","GODREJCP","1,770.00","1,958.35%","1,272.20%","Yes","1,680.00%","LARGECAP,NIFTY FMGC","0.47%","(4.51)%","(8.03)%","(2.43)%","0.97%","7.29%","5.21%","39.13%","(9.62)%",
"Hindustan Media Vent Ltd.","HMVL","278.30","314.00%","252.20%","Yes","284.45%","MEDIA & ENTERTAINMENT","0.47%","(2.01)%","(1.94)%","(2.40)%","(4.98)%","(4.36)%","(3.03)%","10.35%","(11.37)%",
"NBCC (India) Ltd.","NBCC","181.80","438.31%","52.15%","No","172.30%","CONSTRUCTION","0.47%","(9.37)%","(8.20)%","(9.39)%","(5.61)%","0.25%","0.89%","248.61%","(58.52)%",
"Tide Water Oil (India) Ltd.","TIDEWATER","5,544.00","6,595.00%","5,200.00%","No","6,015.00%","ENERGY","0.50%","(6.68)%","(6.35)%","(9.85)%","(7.89)%","(7.98)%","(11.41)%","6.62%","(15.94)%",
"Adani Enterprises Ltd.","ADANIENT","113.75","160.70%","58.35%","Yes","108.40%","SERVICES","0.53%","(6.22)%","(7.89)%","1.25%","(23.96)%","(21.09)%","(5.48)%","94.94%","(29.22)%",
"Larsen & Toubro Infotech Ltd.","LTI","777.00","793.00%","598.00%","No","711.10%","IT","0.53%","0.21%","3.32%","9.54%","7.77%","10.06%","7.47%","29.93%","(2.02)%",
"Essel Propack Ltd.","ESSELPACK","253.25","275.95%","179.10%","No","237.00%","INDUSTRIAL MANUFACTURING","0.54%","(2.60)%","(6.69)%","(0.92)%","0.04%","7.77%","5.63%","41.40%","(8.23)%",
"VST Industries Ltd.","VSTIND","3,055.00","3,239.00%","1,625.05%","No","2,850.00%","CONSUMER GOODS","0.54%","3.04%","2.35%","(0.81)%","0.48%","(1.21)%","5.25%","87.99%","(5.68)%",
"Gujarat Pipavav Port Ltd.","GPPL","147.50","197.80%","121.00%","No","165.00%","SERVICES","0.61%","(6.94)%","(7.58)%","(7.96)%","(6.94)%","(9.51)%","(7.81)%","21.90%","(25.43)%",
"Balkrishna Industries Ltd.","BALKRISIND","1,490.00","1,605.95%","650.00%","No","1,385.00%","AUTOMOBILE","0.66%","(3.32)%","(4.18)%","(2.30)%","1.50%","6.50%","6.05%","129.23%","(7.22)%",
"Gulf Oil Lubricants India Ltd.","GULFOILLUB","782.70","891.80%","510.00%","No","705.00%","ENERGY","0.66%","0.99%","0.86%","2.99%","3.14%","5.92%","8.59%","53.47%","(12.23)%",
"Dr. Lal Path Labs Ltd.","LALPATHLAB","893.00","1,280.00%","770.00%","No","963.00%","HEALTHCARE SERVICES","0.69%","(2.09)%","(7.17)%","(3.98)%","(6.98)%","(7.17)%","(7.28)%","15.97%","(30.23)%",
"Gateway Distriparks Ltd.","GDL","239.00","325.65%","210.35%","No","252.60%","SERVICES","0.70%","(1.75)%","(6.27)%","(6.42)%","(11.15)%","(12.77)%","(8.08)%","13.62%","(26.61)%",
"Timken India Ltd.","TIMKEN","696.80","748.00%","495.20%","No","646.00%","INDUSTRIAL MANUFACTURING","0.75%","(3.22)%","(3.89)%","(3.89)%","(4.31)%","(2.65)%","0.42%","40.71%","(6.84)%",
"EIH Ltd.","EIHOTEL","141.50","148.40%","91.25%","No","120.85%","SERVICES","0.78%","(2.21)%","3.36%","5.36%","6.39%","9.82%","16.46%","55.07%","(4.65)%",
"InterGlobe Aviation Ltd.","INDIGO","1,054.00","1,168.70%","790.10%","Yes","1,050.50%","LARGECAP,SERVICES","0.84%","(4.70)%","(5.81)%","(5.86)%","(4.96)%","(2.41)%","(3.83)%","33.40%","(9.81)%",
"Housing Development Finance Corporation Ltd.","HDFC","1,525.00","1,591.85%","1,159.15%","Yes","1,499.85%","FINANCIAL SERVICES,LARGECAP","0.89%","(1.62)%","(2.91)%","(2.51)%","(1.04)%","3.04%","4.04%","31.56%","(4.20)%",
"Prestige Estates Projects Ltd.","PRESTIGE","230.00","283.00%","144.00%","Yes","218.10%","CONSTRUCTION","0.90%","(3.97)%","(5.62)%","(6.94)%","(13.21)%","(5.56)%","10.68%","59.72%","(18.73)%",
"Bharat Financial Inclusion Ltd.","BHARATFIN","672.00","939.00%","465.10%","No","808.00%","FINANCIAL SERVICES,NIFTY MIDCAP 50","0.91%","(13.74)%","(11.70)%","(14.18)%","(16.05)%","(8.44)%","(13.62)%","44.49%","(28.43)%",
"Avenue Supermarts","DMART","715.05","824.50%","558.30%","No","637.30%","CONSUMER GOODS,LARGECAP","0.94%","(3.85)%","(9.37)%","(5.73)%","(2.71)%","(2.32)%","(8.06)%","28.08%","(13.27)%",
"Persistent Systems Ltd.","PERSISTENT","582.00","739.95%","559.00%","No","596.85%","IT","0.96%","(0.67)%","(0.34)%","1.23%","2.11%","2.28%","3.19%","4.11%","(21.35)%",
"Kitex Garments Ltd.","KITEX","383.00","543.00%","352.70%","No","427.95%","TEXTILES","0.98%","(4.03)%","(4.25)%","(7.91)%","(26.42)%","(9.78)%","(9.06)%","8.59%","(29.47)%",
"ABB India Ltd.","ABB","1,465.00","1,620.00%","931.35%","Yes","1,280.00%","INDUSTRIAL MANUFACTURING,LARGECAP","1.02%","(6.09)%","(9.46)%","3.17%","3.61%","4.12%","3.90%","57.30%","(9.57)%",
"Minda Industries Ltd.","MINDAIND","558.70","1,647.00%","262.10%","No","443.00%","AUTOMOBILE","1.05%","(0.05)%","12.43%","12.37%","16.35%","27.85%","26.00%","113.16%","(66.08)%",
"Kec International Ltd.","KEC","245.00","253.50%","110.25%","No","208.40%","CONSTRUCTION","1.05%","(0.22)%","3.38%","13.95%","11.64%","13.43%","14.49%","122.22%","(3.35)%",
"Escorts Ltd.","ESCORTS","602.00","661.30%","166.50%","No","538.20%","AUTOMOBILE","1.07%","(7.95)%","(4.90)%","5.99%","9.38%","10.55%","10.10%","261.56%","(8.97)%",
"Muthoot Finance Ltd.","MUTHOOTFIN","387.00","419.40%","206.50%","No","369.00%","FINANCIAL SERVICES","1.08%","(1.80)%","(2.84)%","(2.03)%","(1.73)%","(1.89)%","3.10%","87.41%","(7.73)%",
"Sadbhav Engineering Ltd.","SADBHAV","309.00","350.00%","237.95%","No","304.50%","CONSTRUCTION","1.10%","(7.53)%","(9.12)%","(4.88)%","(6.02)%","(2.00)%","(2.32)%","29.86%","(11.71)%",
"Justdial Ltd.","JUSTDIAL","477.50","705.50%","318.05%","Yes","527.50%","IT,NIFTY MIDCAP 50","1.17%","(9.13)%","(7.12)%","(6.18)%","(8.31)%","(3.73)%","(8.87)%","50.13%","(32.32)%",
"8K Miles Soft Services Ltd.","8KMILES","564.90","1,678.50%","472.05%","No","607.95%","IT","1.17%","(5.11)%","(9.47)%","2.15%","1.60%","(2.45)%","(5.85)%","19.67%","(66.34)%",
"Gujarat State Petronet Ltd.","GSPL","173.45","204.30%","127.05%","No","162.95%","ENERGY","1.20%","1.43%","(3.53)%","(5.48)%","(11.66)%","(0.14)%","9.02%","36.52%","(15.10)%",
"Petronet LNG Ltd.","PETRONET","430.00","459.00%","250.00%","Yes","403.45%","ENERGY,LARGECAP,NIFTY MIDCAP 50","1.26%","(4.46)%","(0.92)%","0.20%","0.48%","","3.68%","72.00%","(6.32)%",
"Future Retail Ltd.","FRETAIL","309.00","361.00%","115.45%","No","266.20%","CONSUMER GOODS","1.28%","(1.09)%","(11.71)%","(7.80)%","(4.07)%","5.86%","7.48%","167.65%","(14.40)%",
"Adani Transmission Ltd.","ADANITRANS","105.80","109.25%","29.30%","Yes","63.90%","ENERGY","1.29%","3.73%","40.13%","45.43%","25.21%","24.03%","12.37%","261.09%","(3.16)%",
"Hindustan Unilever Ltd.","HINDUNILVR","1,038.05","1,040.00%","781.95%","Yes","911.80%","LARGECAP,NIFTY FMGC","1.29%","2.88%","4.33%","11.02%","12.34%","13.78%","12.34%","32.75%","(0.19)%",
"Indian Oil Corporation Ltd.","IOC","430.00","450.90%","196.28%","Yes","387.00%","ENERGY,LARGECAP","1.36%","(3.17)%","(2.07)%","(2.71)%","(1.34)%","(0.02)%","4.51%","119.07%","(4.64)%",
"Godrej Industries Ltd.","GODREJIND","569.00","594.00%","339.05%","No","504.00%","NIFTY FMGC,NIFTY MIDCAP 50","1.37%","(2.72)%","0.78%","2.52%","6.02%","9.05%","5.57%","67.82%","(4.21)%",
"Repco Home Finance Ltd.","REPCOHOME","744.35","899.95%","487.30%","No","695.05%","FINANCIAL SERVICES","1.38%","(2.19)%","(2.06)%","(1.80)%","(3.46)%","(1.54)%","8.35%","52.75%","(17.29)%",
"KNR Constructions Ltd.","KNRCON","198.05","849.00%","147.00%","No","193.50%","CONSTRUCTION","1.41%","(6.27)%","(3.86)%","(4.32)%","2.35%","(2.44)%","3.69%","34.73%","(76.67)%",
"JM Financial Ltd.","JMFINANCIL","115.20","124.40%","43.75%","No","88.25%","FINANCIAL SERVICES","1.45%","(1.37)%","(3.60)%","(4.71)%","0.04%","11.30%","16.36%","163.31%","(7.40)%",
"Aditya Birla Fashion and Retail Ltd.","ABFRL","165.55","185.70%","122.90%","Yes","154.00%","CONSUMER GOODS","1.47%","(7.51)%","4.32%","(2.24)%","(3.75)%","(3.83)%","(0.60)%","34.70%","(10.85)%",
"Mahindra Holidays & Resorts India Ltd.","MHRIL","465.80","514.00%","360.00%","No","435.00%","SERVICES","1.48%","(3.96)%","(1.48)%","4.91%","1.93%","6.35%","5.86%","29.39%","(9.38)%",
"Castrol India Ltd.","CASTROLIND","418.05","495.30%","353.20%","Yes","432.10%","ENERGY","1.49%","(4.77)%","(5.29)%","(3.69)%","(5.42)%","(3.00)%","(3.58)%","18.36%","(15.60)%",
"Balrampur Chini Mills Ltd.","BALRAMCHIN","162.00","170.50%","97.00%","No","144.50%","CONSUMER GOODS","1.50%","(2.44)%","(2.53)%","2.40%","(3.54)%","7.61%","5.33%","67.01%","(4.99)%",
"Hathway Cable & Datacom Ltd.","HATHWAY","40.90","49.50%","23.95%","Yes","37.70%","MEDIA & ENTERTAINMENT","1.61%","(1.45)%","0.12%","(6.30)%","(11.09)%","8.06%","14.41%","70.77%","(17.37)%",
"Ratnamani Metals & Tubes Ltd.","RATNAMANI","717.00","824.90%","475.50%","Yes","755.00%","METALS","1.63%","(9.91)%","(9.70)%","(11.04)%","(12.02)%","(6.88)%","(9.91)%","50.79%","(13.08)%",
"Johnson Controls - Hitachi Air Conditioning India Ltd.","JCHAC","1,811.10","1,913.00%","1,144.20%","No","1,818.90%","CONSUMER GOODS","1.69%","(2.31)%","1.46%","0.96%","0.34%","0.90%","(2.10)%","58.29%","(5.33)%",
"Yes Bank Ltd.","YESBANK","1,427.20","1,651.90%","971.15%","Yes","1,545.80%","BANK,LARGECAP","1.71%","(1.94)%","(10.74)%","(12.44)%","(8.29)%","(11.30)%","(10.97)%","46.96%","(13.60)%",
"Tata Consultancy Services Ltd.","TCS","2,567.10","2,744.80%","2,051.90%","Yes","2,423.10%","IT,LARGECAP","1.80%","4.78%","9.90%","9.81%","11.13%","11.51%","6.61%","25.11%","(6.47)%",
"Narayana Hrudayalaya Ltd.","NH","296.40","379.00%","281.00%","No","313.15%","HEALTHCARE SERVICES","1.84%","(0.92)%","(5.15)%","(6.10)%","(6.26)%","(6.84)%","(8.35)%","5.48%","(21.79)%",
"Housing Development and Infrastructure Ltd.","HDIL","84.50","108.70%","52.30%","Yes","81.90%","CONSTRUCTION","1.87%","(10.63)%","(11.66)%","(3.59)%","(10.01)%","(4.14)%","1.93%","61.57%","(22.26)%",
"IndusInd Bank Ltd.","INDUSINDBK","1,420.20","1,483.45%","1,036.70%","Yes","1,425.75%","BANK,LARGECAP","1.88%","(0.13)%","(0.82)%","(1.09)%","(2.59)%","(0.88)%","(0.69)%","36.99%","(4.26)%",
"Phoenix Mills Ltd.","PHOENIXLTD","408.00","448.95%","283.10%","Yes","378.55%","CONSTRUCTION","1.90%","(2.69)%","(0.74)%","(2.28)%","(0.50)%","2.98%","(2.44)%","44.12%","(9.12)%",
"Gujarat Alkalies & Chemicals Ltd.","GUJALKALI","443.45","484.05%","190.25%","No","407.50%","CHEMICALS","1.91%","(6.45)%","(2.67)%","(5.45)%","(7.28)%","2.41%","3.56%","133.09%","(8.39)%",
"Somany Ceramics Ltd.","SOMANYCERA","747.65","840.00%","451.15%","No","687.90%","CONSTRUCTION","2.03%","(3.27)%","(8.29)%","(3.60)%","(1.75)%","10.75%","9.96%","65.72%","(10.99)%",
"Manappuram Finance Ltd.","MANAPPURAM","87.00","106.90%","51.05%","No","98.40%","FINANCIAL SERVICES","2.11%","(6.15)%","(10.17)%","(6.55)%","(7.05)%","(6.75)%","(8.90)%","70.42%","(18.62)%",
"MindTree Ltd.","MINDTREE","511.95","682.00%","399.00%","Yes","452.70%","IT","2.16%","1.58%","2.56%","5.42%","8.81%","15.64%","15.20%","28.31%","(24.93)%",
"Fag Bearings India Ltd.","FAGBEARING","4,563.00","4,983.90%","3,773.70%","No","4,600.00%","INDUSTRIAL MANUFACTURING","2.17%","(1.87)%","(2.50)%","(6.40)%","(6.69)%","(2.91)%","(0.46)%","20.92%","(8.45)%",
"Sundram Fasteners Ltd.","SUNDRMFAST","388.00","426.90%","156.80%","No","387.00%","AUTOMOBILE","2.23%","(0.78)%","(2.76)%","(8.32)%","(3.39)%","(3.97)%","(2.88)%","147.45%","(9.11)%",
"Jindal Steel & Power Ltd.","JINDALSTEL","110.80","135.25%","57.85%","No","121.05%","METALS","2.45%","(4.77)%","(3.19)%","(1.47)%","(1.82)%","(6.81)%","(13.51)%","91.53%","(18.08)%",
"Bharat Petroleum Corporation Ltd.","BPCL","716.70","753.55%","440.58%","Yes","649.45%","ENERGY,LARGECAP","2.45%","(1.42)%","(1.71)%","(2.77)%","(3.17)%","(0.93)%","2.82%","62.67%","(4.89)%",
"SJVN Ltd.","SJVN","31.80","36.60%","25.95%","No","33.55%","ENERGY","2.75%","(2.60)%","(4.50)%","(10.42)%","(9.53)%","(9.27)%","(9.66)%","22.54%","(13.11)%",
"Tube Investments of India Ltd.","TUBEINVEST","676.00","729.70%","433.00%","No","634.90%","AUTOMOBILE","2.79%","(0.73)%","(3.57)%","(1.31)%","(1.74)%","(1.31)%","5.46%","56.12%","(7.36)%",
"Torrent Power Ltd.","TORNTPOWER","194.20","241.95%","159.30%","No","228.05%","ENERGY","2.83%","(9.59)%","(14.01)%","(12.50)%","(16.08)%","(9.53)%","(12.44)%","21.91%","(19.74)%",
"WABCO India Ltd.","WABCOINDIA","5,860.00","6,525.00%","4,780.00%","No","5,799.00%","AUTOMOBILE","2.88%","(0.05)%","(2.25)%","(0.86)%","(5.21)%","(4.64)%","(0.51)%","22.59%","(10.19)%",
"Endurance Technologies Ltd.","ENDURANCE","825.00","857.40%","518.75%","No","765.40%","AUTOMOBILE","2.89%","2.12%","1.98%","3.25%","(0.73)%","0.62%","(0.61)%","59.04%","(3.78)%",
"Navneet Education Ltd.","NAVNETEDUL","160.00","175.00%","85.50%","Yes","163.00%","MEDIA & ENTERTAINMENT","2.93%","(5.30)%","(1.84)%","(5.13)%","(5.33)%","(4.19)%","(0.81)%","87.13%","(8.57)%",
"Delta Corp Ltd.","DELTACORP","146.00","218.30%","78.20%","Yes","181.00%","CONSTRUCTION","2.96%","(10.04)%","(12.00)%","(10.92)%","(17.37)%","(13.28)%","(18.21)%","86.70%","(33.12)%",
"Adani Ports and Special Economic Zone Ltd.","ADANIPORTS","341.80","362.55%","177.10%","Yes","340.90%","LARGECAP,NIFTY INFRA,SERVICES","3.06%","(2.05)%","(2.57)%","4.48%","3.29%","7.30%","(3.15)%","93.00%","(5.72)%",
"GAIL (India) Ltd.","GAIL","392.00","433.70%","268.31%","Yes","376.45%","ENERGY,LARGECAP","3.06%","(4.04)%","(6.26)%","(7.76)%","(4.69)%","(0.76)%","1.82%","46.10%","(9.61)%",
"Avanti Feeds Ltd.","AVANTIFEED","1,347.00","1,450.00%","415.00%","No","740.00%","CONSUMER GOODS","3.12%","3.62%","51.18%","54.82%","55.23%","55.18%","64.60%","224.58%","(7.10)%",
"Nilkamal Ltd.","NILKAMAL","1,897.50","2,275.00%","1,080.35%","No","1,948.10%","INDUSTRIAL MANUFACTURING","3.30%","(7.89)%","(14.35)%","(13.12)%","(13.40)%","(2.79)%","(4.65)%","75.64%","(16.59)%",
"CESC Ltd.","CESC","880.00","1,001.40%","530.80%","Yes","842.10%","ENERGY,NIFTY INFRA,NIFTY MIDCAP 50","3.47%","(9.29)%","(10.66)%","(7.56)%","(5.27)%","2.34%","4.76%","65.79%","(12.12)%",
"Bharat Forge Ltd.","BHARATFORG","1,087.00","1,175.80%","682.00%","Yes","1,045.00%","AUTOMOBILE","3.82%","(3.21)%","(3.32)%","(5.40)%","(3.89)%","4.92%","0.78%","59.38%","(7.55)%",
"Blue Dart Express Ltd.","BLUEDART","4,370.00","6,169.95%","4,160.65%","Yes","5,160.00%","SERVICES","4.03%","(0.25)%","(6.56)%","(7.42)%","(11.05)%","(10.27)%","(13.64)%","5.03%","(29.17)%",
"Mahanagar Telephone Nigam Ltd.","MTNL","21.75","27.45%","15.60%","No","24.10%","TELECOM","4.07%","(9.00)%","(13.35)%","(13.86)%","(17.61)%","(15.86)%","(13.69)%","39.42%","(20.77)%",
"Eros Intl Media Ltd.","EROSMEDIA","214.80","308.45%","142.00%","Yes","274.40%","MEDIA & ENTERTAINMENT","4.30%","(8.75)%","(12.33)%","(1.98)%","(6.06)%","(9.75)%","(16.39)%","51.27%","(30.36)%",
"Tata Motors Ltd DVR","TATAMTRDVR","276.40","378.15%","257.45%","Yes","282.15%","AUTOMOBILE","4.30%","1.69%","4.80%","2.47%","1.54%","2.33%","(4.72)%","7.36%","(26.91)%",
"Mahindra CIE Automotive Ltd.","MAHINDCIE","244.00","257.00%","168.35%","No","211.00%","INDUSTRIAL MANUFACTURING","4.34%","(0.04)%","(0.49)%","0.64%","9.17%","8.25%","8.93%","44.94%","(5.06)%",
"Tata Motors Ltd.","TATAMOTORS","470.50","598.40%","382.65%","Yes","467.35%","AUTOMOBILE,LARGECAP","4.44%","4.81%","8.91%","5.51%","5.42%","6.11%","(1.11)%","22.96%","(21.37)%",
"Bajaj Electricals Ltd","BAJAJELEC","330.00","387.40%","202.00%","No","313.00%","CONSUMER GOODS","4.58%","(5.58)%","(6.20)%","(5.58)%","(5.27)%","(4.76)%","(5.44)%","63.37%","(14.82)%",
"Quess Corp Ltd.","QUESS","825.00","898.00%","452.50%","No","685.00%","SERVICES","5.16%","1.10%","(6.14)%","5.57%","3.25%","10.74%","14.90%","82.32%","(8.13)%",
"Gruh Finance Ltd.","GRUH","404.00","438.70%","260.15%","No","393.00%","FINANCIAL SERVICES","5.63%","(2.98)%","(4.12)%","0.25%","3.32%","2.54%","4.92%","55.30%","(7.91)%",
"Religare Enterprises Ltd.","RELIGARE","195.00","294.00%","172.10%","No","216.40%","FINANCIAL SERVICES","6.82%","7.00%","4.78%","(2.89)%","(6.11)%","(4.13)%","(9.74)%","13.31%","(33.67)%",
"Jubilant Life Sciences Ltd.","JUBILANT","724.85","878.00%","285.00%","No","799.05%","PHARMA","7.31%","(3.87)%","(7.31)%","(1.08)%","(9.62)%","(11.50)%","(10.91)%","154.33%","(17.44)%",
"Voltas Ltd.","VOLTAS","447.15","450.80%","287.15%","Yes","412.50%","CONSTRUCTION,NIFTY INFRA,NIFTY MIDCAP 50","9.10%","3.78%","1.37%","7.75%","7.15%","9.77%","8.33%","55.72%","(0.81)%",
