Symbol,CategoryName
3MINDIA,DIVERSIFIED
3MINDIA,SERVICES
3MINDIA,HIGH_MARKET_VALUE
3MINDIA,NIFTY500
3MINDIA,LARGECAP_250
3MINDIA,MIDCAP_150
3MINDIA,MIDSMALLCAP_400
8KMILES,COMPUTERS - SOFTWARE
8KMILES,IT
8KMILES,NIFTY500
8KMILES,MIDSMALLCAP_400
ABB,INFRASTRUCTURE - GENERAL
ABB,INDUSTRIAL MANUFACTURING
ABB,HIGH_MARKET_VALUE
ABB,NIFTY100
ABB,NIFTY200
ABB,NIFTY500
ABB,LARGECAP_250
ABB,NIFTY_NEXT_50
ACC,CEMENT - MAJOR
ACC,CEMENT & CEMENT PRODUCTS
ACC,HIGH_MARKET_VALUE
ACC,NIFTY100
ACC,NIFTY200
ACC,NIFTY500
ACC,LARGECAP_250
ACC,NIFTY_NEXT_50
AIAENG,CASTINGS & FORGINGS
AIAENG,INDUSTRIAL MANUFACTURING
AIAENG,HIGH_MARKET_VALUE
AIAENG,NIFTY200
AIAENG,NIFTY500
AIAENG,LARGECAP_250
AIAENG,MIDCAP_100
AIAENG,MIDCAP_150
AIAENG,MIDSMALLCAP_400
AARTIIND,CHEMICALS
AARTIIND,LONGTERM
AARTIIND,NIFTY500
AARTIIND,MIDSMALLCAP_400
ADANIENT,TRADING
ADANIENT,SERVICES
ADANIENT,HIGH_MARKET_VALUE
ADANIPORTS,INFRASTRUCTURE - GENERAL
ADANIPORTS,SERVICES
ADANIPORTS,HIGH_MARKET_VALUE
ADANIPORTS,NIFTY100
ADANIPORTS,NIFTY200
ADANIPORTS,NIFTY500
ADANIPORTS,LARGECAP_250
ADANIPORTS,NIFTY50
ADANIPOWER,POWER - GENERATION & DISTRIBUTION
ADANIPOWER,ENERGY
ADANIPOWER,NIFTY200
ADANIPOWER,NIFTY500
ADANIPOWER,LARGECAP_250
ADANIPOWER,MIDCAP_50
ADANIPOWER,MIDCAP_100
ADANIPOWER,MIDCAP_150
ADANIPOWER,MIDSMALLCAP_400
ADANITRANS,POWER - GENERATION & DISTRIBUTION
ADANITRANS,ENERGY
ADANITRANS,HIGH_MARKET_VALUE
ADANITRANS,LONGTERM
ADANITRANS,NIFTY500
ADANITRANS,LARGECAP_250
ADANITRANS,MIDCAP_150
ADANITRANS,MIDSMALLCAP_400
ABFRL,RETAIL
ABFRL,CONSUMER GOODS
ABFRL,NIFTY200
ABFRL,NIFTY500
ABFRL,LARGECAP_250
ABFRL,MIDCAP_100
ABFRL,MIDCAP_150
ABFRL,MIDSMALLCAP_400
ABIRLANUVO,DIVERSIFIED
AEGISCHEM,TRANSPORT & LOGISTICS
AEGISCHEM,ENERGY
AEGISCHEM,LONGTERM
AEGISCHEM,NIFTY500
AEGISCHEM,MIDSMALLCAP_400
AEGISCHEM,SMALLCAP_100
AHLUCONT,CONSTRUCTION & CONTRACTING - CIVIL
AHLUCONT,CONSTRUCTION
AJANTPHARM,PHARMACEUTICALS
AJANTPHARM,PHARMA
AJANTPHARM,NIFTY200
AJANTPHARM,NIFTY500
AJANTPHARM,LARGECAP_250
AJANTPHARM,MIDCAP_50
AJANTPHARM,MIDCAP_100
AJANTPHARM,MIDCAP_150
AJANTPHARM,MIDSMALLCAP_400
AKZOINDIA,PAINTS & VARNISHES
AKZOINDIA,CONSUMER GOODS
AKZOINDIA,NIFTY500
AKZOINDIA,LARGECAP_250
AKZOINDIA,MIDCAP_150
AKZOINDIA,MIDSMALLCAP_400
APLLTD,PHARMACEUTICALS
APLLTD,PHARMA
APLLTD,NIFTY500
APLLTD,LARGECAP_250
APLLTD,MIDCAP_150
APLLTD,MIDSMALLCAP_400
ALKEM,PHARMACEUTICALS
ALKEM,PHARMA
ALKEM,HIGH_MARKET_VALUE
ALKEM,NIFTY200
ALKEM,NIFTY500
ALKEM,LARGECAP_250
ALKEM,MIDCAP_100
ALKEM,MIDCAP_150
ALKEM,MIDSMALLCAP_400
AMARAJABAT,AUTO ANCILLARIES
AMARAJABAT,AUTOMOBILE
AMARAJABAT,HIGH_MARKET_VALUE
AMARAJABAT,LONGTERM
AMARAJABAT,NIFTY200
AMARAJABAT,NIFTY500
AMARAJABAT,LARGECAP_250
AMARAJABAT,MIDCAP_50
AMARAJABAT,MIDCAP_100
AMARAJABAT,MIDCAP_150
AMARAJABAT,MIDSMALLCAP_400
AMBUJACEM,CEMENT - MAJOR
AMBUJACEM,CEMENT & CEMENT PRODUCTS
AMBUJACEM,HIGH_MARKET_VALUE
AMBUJACEM,NIFTY100
AMBUJACEM,NIFTY200
AMBUJACEM,NIFTY500
AMBUJACEM,LARGECAP_250
AMBUJACEM,NIFTY_NEXT_50
APARINDS,ELECTRIC EQUIPMENT
APARINDS,INDUSTRIAL MANUFACTURING
APOLLOHOSP,HOSPITALS & MEDICAL SERVICES
APOLLOHOSP,HEALTHCARE SERVICES
APOLLOHOSP,HIGH_MARKET_VALUE
APOLLOHOSP,NIFTY200
APOLLOHOSP,NIFTY500
APOLLOHOSP,LARGECAP_250
APOLLOHOSP,MIDCAP_50
APOLLOHOSP,MIDCAP_100
APOLLOHOSP,MIDCAP_150
APOLLOHOSP,MIDSMALLCAP_400
APOLLOTYRE,TYRES
APOLLOTYRE,AUTOMOBILE
APOLLOTYRE,HIGH_MARKET_VALUE
APOLLOTYRE,LONGTERM
APOLLOTYRE,NIFTY200
APOLLOTYRE,NIFTY500
APOLLOTYRE,LARGECAP_250
APOLLOTYRE,MIDCAP_50
APOLLOTYRE,MIDCAP_100
APOLLOTYRE,MIDCAP_150
APOLLOTYRE,MIDSMALLCAP_400
ASHOKLEY,AUTO - LCVS & HCVS
ASHOKLEY,AUTOMOBILE
ASHOKLEY,HIGH_MARKET_VALUE
ASHOKLEY,LONGTERM
ASHOKLEY,NIFTY100
ASHOKLEY,NIFTY200
ASHOKLEY,NIFTY500
ASHOKLEY,LARGECAP_250
ASHOKLEY,NIFTY_NEXT_50
ASIANPAINT,PAINTS & VARNISHES
ASIANPAINT,CONSUMER GOODS
ASIANPAINT,HIGH_MARKET_VALUE
ASIANPAINT,LONGTERM
ASIANPAINT,CAN-SLIM-2020
ASIANPAINT,NIFTY100
ASIANPAINT,NIFTY200
ASIANPAINT,NIFTY500
ASIANPAINT,LARGECAP_250
ASIANPAINT,NIFTY50
ASTRAL,PLASTICS
ASTRAL,INDUSTRIAL MANUFACTURING
ASTRAL,NIFTY500
ASTRAL,MIDSMALLCAP_400
AUROPHARMA,PHARMACEUTICALS
AUROPHARMA,PHARMA
AUROPHARMA,HIGH_MARKET_VALUE
AUROPHARMA,NIFTY100
AUROPHARMA,NIFTY200
AUROPHARMA,NIFTY500
AUROPHARMA,LARGECAP_250
AUROPHARMA,NIFTY_NEXT_50
AVANTIFEED,FOOD PROCESSING
AVANTIFEED,AQUACULTURE
AVANTIFEED,CONSUMER GOODS
AVANTIFEED,LONGTERM
AVANTIFEED,NIFTY500
AVANTIFEED,LARGECAP_250
AVANTIFEED,MIDCAP_150
AVANTIFEED,MIDSMALLCAP_400
AXISBANK,BANKS - PRIVATE SECTOR
AXISBANK,FINANCIAL SERVICES
AXISBANK,Bank
AXISBANK,HIGH_MARKET_VALUE
AXISBANK,NIFTY100
AXISBANK,NIFTY200
AXISBANK,NIFTY500
AXISBANK,LARGECAP_250
AXISBANK,NIFTY50
BEML,INFRASTRUCTURE - GENERAL
BEML,INDUSTRIAL MANUFACTURING
BEML,NIFTY500
BEML,MIDSMALLCAP_400
BEML,SMALLCAP_50
BEML,SMALLCAP_100
BAJAJ-AUTO,AUTO - 2 & 3 WHEELERS
BAJAJ-AUTO,AUTOMOBILE
BAJAJ-AUTO,HIGH_MARKET_VALUE
BAJAJ-AUTO,NIFTY100
BAJAJ-AUTO,NIFTY200
BAJAJ-AUTO,NIFTY500
BAJAJ-AUTO,LARGECAP_250
BAJAJ-AUTO,NIFTY50
BAJAJCORP,PERSONAL CARE
BAJAJCORP,CONSUMER GOODS
BAJAJCORP,NIFTY500
BAJAJCORP,MIDSMALLCAP_400
BAJAJELEC,DOMESTIC APPLIANCES
BAJAJELEC,CONSUMER GOODS
BAJAJELEC,LONGTERM
BAJAJELEC,NIFTY500
BAJAJELEC,MIDSMALLCAP_400
BAJAJELEC,SMALLCAP_100
BAJFINANCE,FINANCE - LEASING & HIRE PURCHASE
BAJFINANCE,FINANCIAL SERVICES
BAJFINANCE,HIGH_MARKET_VALUE
BAJFINANCE,LONGTERM
BAJFINANCE,NIFTY100
BAJFINANCE,NIFTY200
BAJFINANCE,NIFTY500
BAJFINANCE,LARGECAP_250
BAJFINANCE,NIFTY50
BAJAJFINSV,FINANCE - INVESTMENTS
BAJAJFINSV,FINANCIAL SERVICES
BAJAJFINSV,HIGH_MARKET_VALUE
BAJAJFINSV,LONGTERM
BAJAJFINSV,NIFTY100
BAJAJFINSV,NIFTY200
BAJAJFINSV,NIFTY500
BAJAJFINSV,LARGECAP_250
BAJAJFINSV,NIFTY50
BAJAJHIND,SUGAR
BAJAJHIND,CONSUMER GOODS
BAJAJHIND,NIFTY500
BAJAJHIND,MIDSMALLCAP_400
BAJAJHLDNG,FINANCE - INVESTMENTS
BAJAJHLDNG,FINANCIAL SERVICES
BAJAJHLDNG,HIGH_MARKET_VALUE
BAJAJHLDNG,NIFTY500
BAJAJHLDNG,LARGECAP_250
BAJAJHLDNG,MIDCAP_150
BAJAJHLDNG,MIDSMALLCAP_400
BALKRISIND,TYRES
BALKRISIND,AUTOMOBILE
BALKRISIND,HIGH_MARKET_VALUE
BALKRISIND,LONGTERM
BALKRISIND,NIFTY200
BALKRISIND,NIFTY500
BALKRISIND,LARGECAP_250
BALKRISIND,MIDCAP_50
BALKRISIND,MIDCAP_100
BALKRISIND,MIDCAP_150
BALKRISIND,MIDSMALLCAP_400
BALLARPUR,PAPER
BALLARPUR,NIFTY500
BALLARPUR,MIDSMALLCAP_400
BANKBARODA,BANKS - PUBLIC SECTOR
BANKBARODA,FINANCIAL SERVICES
BANKBARODA,Bank
BANKBARODA,HIGH_MARKET_VALUE
BANKBARODA,NIFTY100
BANKBARODA,NIFTY200
BANKBARODA,NIFTY500
BANKBARODA,LARGECAP_250
BANKBARODA,NIFTY_NEXT_50
BANKINDIA,BANKS - PUBLIC SECTOR
BANKINDIA,FINANCIAL SERVICES
BANKINDIA,Bank
BANKINDIA,NIFTY200
BANKINDIA,NIFTY500
BANKINDIA,LARGECAP_250
BANKINDIA,MIDCAP_50
BANKINDIA,MIDCAP_100
BANKINDIA,MIDCAP_150
BANKINDIA,MIDSMALLCAP_400
BATAINDIA,LEATHER PRODUCTS
BATAINDIA,CONSUMER GOODS
BATAINDIA,NIFTY200
BATAINDIA,NIFTY500
BATAINDIA,LARGECAP_250
BATAINDIA,MIDCAP_100
BATAINDIA,MIDCAP_150
BATAINDIA,MIDSMALLCAP_400
BERGEPAINT,PAINTS & VARNISHES
BERGEPAINT,CONSUMER GOODS
BERGEPAINT,HIGH_MARKET_VALUE
BERGEPAINT,NIFTY200
BERGEPAINT,NIFTY500
BERGEPAINT,LARGECAP_250
BERGEPAINT,MIDCAP_50
BERGEPAINT,MIDCAP_100
BERGEPAINT,MIDCAP_150
BERGEPAINT,MIDSMALLCAP_400
BHARATFIN,FINANCE - GENERAL
BHARATFIN,FINANCIAL SERVICES
BHARATFIN,HIGH_MARKET_VALUE
BHARATFIN,NIFTY200
BHARATFIN,NIFTY500
BHARATFIN,LARGECAP_250
BHARATFIN,MIDCAP_100
BHARATFIN,MIDCAP_150
BHARATFIN,MIDSMALLCAP_400
BHARATFORG,CASTINGS & FORGINGS
BHARATFORG,INDUSTRIAL MANUFACTURING
BHARATFORG,HIGH_MARKET_VALUE
BHARATFORG,NIFTY200
BHARATFORG,NIFTY500
BHARATFORG,LARGECAP_250
BHARATFORG,MIDCAP_50
BHARATFORG,MIDCAP_100
BHARATFORG,MIDCAP_150
BHARATFORG,MIDSMALLCAP_400
BHEL,INFRASTRUCTURE - GENERAL
BHEL,INDUSTRIAL MANUFACTURING
BHEL,HIGH_MARKET_VALUE
BHEL,NIFTY100
BHEL,NIFTY200
BHEL,NIFTY500
BHEL,LARGECAP_250
BHEL,NIFTY_NEXT_50
BPCL,REFINERIES
BPCL,ENERGY
BPCL,HIGH_MARKET_VALUE
BPCL,NIFTY100
BPCL,NIFTY200
BPCL,NIFTY500
BPCL,LARGECAP_250
BPCL,NIFTY50
BHARTIARTL,TELECOMMUNICATIONS - SERVICE
BHARTIARTL,TELECOM
BHARTIARTL,HIGH_MARKET_VALUE
BHARTIARTL,NIFTY100
BHARTIARTL,NIFTY200
BHARTIARTL,NIFTY500
BHARTIARTL,LARGECAP_250
BHARTIARTL,NIFTY50
INFRATEL,TELECOMMUNICATIONS - EQUIPMENT
INFRATEL,TELECOM
INFRATEL,HIGH_MARKET_VALUE
INFRATEL,NIFTY100
INFRATEL,NIFTY200
INFRATEL,NIFTY500
INFRATEL,LARGECAP_250
INFRATEL,NIFTY50
BIOCON,PHARMACEUTICALS
BIOCON,PHARMA
BIOCON,HIGH_MARKET_VALUE
BIOCON,SPECIAL
BIOCON,NIFTY200
BIOCON,NIFTY500
BIOCON,LARGECAP_250
BIOCON,MIDCAP_50
BIOCON,MIDCAP_100
BIOCON,MIDCAP_150
BIOCON,MIDSMALLCAP_400
BIRLACORPN,CEMENT - MAJOR
BIRLACORPN,CEMENT & CEMENT PRODUCTS
BIRLACORPN,NIFTY500
BIRLACORPN,MIDSMALLCAP_400
BLUEDART,COURIERS
BLUEDART,SERVICES
BLUEDART,NIFTY500
BLUEDART,LARGECAP_250
BLUEDART,MIDCAP_150
BLUEDART,MIDSMALLCAP_400
BLUESTARCO,CONSUMER GOODS - WHITE GOODS
BLUESTARCO,CONSUMER GOODS
BLUESTARCO,NIFTY500
BLUESTARCO,MIDSMALLCAP_400
BOMDYEING,TEXTILES - PROCESSING
BOMDYEING,TEXTILES
BOSCHLTD,AUTO ANCILLARIES
BOSCHLTD,AUTOMOBILE
BOSCHLTD,HIGH_MARKET_VALUE
BOSCHLTD,LONGTERM
BOSCHLTD,NIFTY100
BOSCHLTD,NIFTY200
BOSCHLTD,NIFTY500
BOSCHLTD,LARGECAP_250
BOSCHLTD,NIFTY_NEXT_50
BRITANNIA,FOOD PROCESSING
BRITANNIA,CONSUMER GOODS
BRITANNIA,HIGH_MARKET_VALUE
BRITANNIA,LONGTERM
BRITANNIA,CAN-SLIM-2020
BRITANNIA,NIFTY100
BRITANNIA,NIFTY200
BRITANNIA,NIFTY500
BRITANNIA,LARGECAP_250
BRITANNIA,NIFTY_NEXT_50
CARERATING,MISCELLANEOUS
CARERATING,FINANCIAL SERVICES
CARERATING,NIFTY500
CARERATING,MIDSMALLCAP_400
CARERATING,SMALLCAP_50
CARERATING,SMALLCAP_100
CESC,POWER - GENERATION & DISTRIBUTION
CESC,ENERGY
CESC,HIGH_MARKET_VALUE
CGPOWER,ELECTRIC EQUIPMENT
CGPOWER,INDUSTRIAL MANUFACTURING
CGPOWER,NIFTY500
CGPOWER,MIDSMALLCAP_400
CGPOWER,SMALLCAP_50
CGPOWER,SMALLCAP_100
CRISIL,MISCELLANEOUS
CRISIL,FINANCIAL SERVICES
CRISIL,HIGH_MARKET_VALUE
CRISIL,NIFTY500
CRISIL,LARGECAP_250
CRISIL,MIDCAP_150
CRISIL,MIDSMALLCAP_400
CADILAHC,PHARMACEUTICALS
CADILAHC,PHARMA
CADILAHC,HIGH_MARKET_VALUE
CADILAHC,NIFTY100
CADILAHC,NIFTY200
CADILAHC,NIFTY500
CADILAHC,LARGECAP_250
CADILAHC,NIFTY_NEXT_50
CANFINHOME,FINANCE - HOUSING
CANFINHOME,FINANCIAL SERVICES
CANFINHOME,LONGTERM
CANFINHOME,NIFTY500
CANFINHOME,MIDSMALLCAP_400
CANFINHOME,SMALLCAP_50
CANFINHOME,SMALLCAP_100
CANBK,BANKS - PUBLIC SECTOR
CANBK,FINANCIAL SERVICES
CANBK,Bank
CANBK,HIGH_MARKET_VALUE
CANBK,NIFTY200
CANBK,NIFTY500
CANBK,LARGECAP_250
CANBK,MIDCAP_50
CANBK,MIDCAP_100
CANBK,MIDCAP_150
CANBK,MIDSMALLCAP_400
CAPF,FINANCE - GENERAL
CAPF,FINANCIAL SERVICES
CAPF,NIFTY500
CAPF,MIDSMALLCAP_400
CAPF,SMALLCAP_50
CAPF,SMALLCAP_100
CASTROLIND,LUBRICANTS
CASTROLIND,ENERGY
CASTROLIND,HIGH_MARKET_VALUE
CASTROLIND,NIFTY200
CASTROLIND,NIFTY500
CASTROLIND,LARGECAP_250
CASTROLIND,MIDCAP_50
CASTROLIND,MIDCAP_100
CASTROLIND,MIDCAP_150
CASTROLIND,MIDSMALLCAP_400
CEATLTD,TYRES
CEATLTD,AUTOMOBILE
CEATLTD,LONGTERM
CEATLTD,NIFTY500
CEATLTD,MIDSMALLCAP_400
CEATLTD,SMALLCAP_50
CEATLTD,SMALLCAP_100
CENTRALBK,BANKS - PUBLIC SECTOR
CENTRALBK,FINANCIAL SERVICES
CENTRALBK,Bank
CENTRALBK,HIGH_MARKET_VALUE
CENTRALBK,NIFTY200
CENTRALBK,NIFTY500
CENTRALBK,LARGECAP_250
CENTRALBK,MIDCAP_100
CENTRALBK,MIDCAP_150
CENTRALBK,MIDSMALLCAP_400
CENTURYPLY,MISCELLANEOUS
CENTURYPLY,CONSUMER GOODS
CENTURYPLY,NIFTY500
CENTURYPLY,MIDSMALLCAP_400
CENTURYPLY,SMALLCAP_50
CENTURYPLY,SMALLCAP_100
CENTURYTEX,DIVERSIFIED
CENTURYTEX,CEMENT & CEMENT PRODUCTS
CENTURYTEX,HIGH_MARKET_VALUE
CENTURYTEX,NIFTY200
CENTURYTEX,NIFTY500
CENTURYTEX,LARGECAP_250
CENTURYTEX,MIDCAP_50
CENTURYTEX,MIDCAP_100
CENTURYTEX,MIDCAP_150
CENTURYTEX,MIDSMALLCAP_400
CHENNPETRO,REFINERIES
CHENNPETRO,ENERGY
CHENNPETRO,NIFTY500
CHENNPETRO,MIDSMALLCAP_400
CHENNPETRO,SMALLCAP_50
CHENNPETRO,SMALLCAP_100
CIPLA,PHARMACEUTICALS
CIPLA,PHARMA
CIPLA,HIGH_MARKET_VALUE
CIPLA,SPECIAL
CIPLA,NIFTY100
CIPLA,NIFTY200
CIPLA,NIFTY500
CIPLA,LARGECAP_250
CIPLA,NIFTY50
CUB,BANKS - PRIVATE SECTOR
CUB,FINANCIAL SERVICES
CUB,Bank
CUB,NIFTY500
CUB,LARGECAP_250
CUB,MIDCAP_150
CUB,MIDSMALLCAP_400
COALINDIA,MINING & MINERALS
COALINDIA,METALS
COALINDIA,HIGH_MARKET_VALUE
COALINDIA,NIFTY100
COALINDIA,NIFTY200
COALINDIA,NIFTY500
COALINDIA,LARGECAP_250
COALINDIA,NIFTY50
COFFEEDAY,FOOD PROCESSING
COFFEEDAY,CONSUMER GOODS
COFFEEDAY,NIFTY500
COFFEEDAY,MIDSMALLCAP_400
COLPAL,PERSONAL CARE
COLPAL,CONSUMER GOODS
COLPAL,HIGH_MARKET_VALUE
COLPAL,LONGTERM
COLPAL,NIFTY100
COLPAL,NIFTY200
COLPAL,NIFTY500
COLPAL,LARGECAP_250
COLPAL,NIFTY_NEXT_50
CONCOR,TRANSPORT & LOGISTICS
CONCOR,SERVICES
CONCOR,HIGH_MARKET_VALUE
CONCOR,NIFTY100
CONCOR,NIFTY200
CONCOR,NIFTY500
CONCOR,LARGECAP_250
CONCOR,NIFTY_NEXT_50
COROMANDEL,FERTILISERS
COROMANDEL,FERTILISERS & PESTICIDES
COROMANDEL,HIGH_MARKET_VALUE
COROMANDEL,NIFTY200
COROMANDEL,NIFTY500
COROMANDEL,LARGECAP_250
COROMANDEL,MIDCAP_100
COROMANDEL,MIDCAP_150
COROMANDEL,MIDSMALLCAP_400
CROMPTON,ELECTRICALS
CROMPTON,CONSUMER GOODS
CROMPTON,HIGH_MARKET_VALUE
CROMPTON,LONGTERM
CROMPTON,NIFTY200
CROMPTON,NIFTY500
CROMPTON,LARGECAP_250
CROMPTON,MIDCAP_100
CROMPTON,MIDCAP_150
CROMPTON,MIDSMALLCAP_400
CUMMINSIND,ENGINES
CUMMINSIND,INDUSTRIAL MANUFACTURING
CUMMINSIND,HIGH_MARKET_VALUE
CUMMINSIND,NIFTY100
CUMMINSIND,NIFTY200
CUMMINSIND,NIFTY500
CUMMINSIND,LARGECAP_250
CUMMINSIND,NIFTY_NEXT_50
DBREALTY,CONSTRUCTION & CONTRACTING - REAL ESTATE
DBREALTY,CONSTRUCTION
DBREALTY,NIFTY500
DBREALTY,MIDSMALLCAP_400
DBCORP,MEDIA & ENTERTAINMENT
DBCORP,NIFTY500
DBCORP,MIDSMALLCAP_400
DCBBANK,BANKS - PRIVATE SECTOR
DCBBANK,FINANCIAL SERVICES
DCBBANK,Bank
DCBBANK,NIFTY500
DCBBANK,MIDSMALLCAP_400
DCBBANK,SMALLCAP_50
DCBBANK,SMALLCAP_100
DLF,CONSTRUCTION & CONTRACTING - REAL ESTATE
DLF,CONSTRUCTION
DLF,HIGH_MARKET_VALUE
DLF,NIFTY100
DLF,NIFTY200
DLF,NIFTY500
DLF,LARGECAP_250
DLF,NIFTY_NEXT_50
DABUR,PERSONAL CARE
DABUR,CONSUMER GOODS
DABUR,HIGH_MARKET_VALUE
DABUR,LONGTERM
DABUR,NIFTY100
DABUR,NIFTY200
DABUR,NIFTY500
DABUR,LARGECAP_250
DABUR,NIFTY_NEXT_50
DALMIABHA,CEMENT - MAJOR
DALMIABHA,CEMENT & CEMENT PRODUCTS
DALMIABHA,HIGH_MARKET_VALUE
DELTACORP,CONSTRUCTION & CONTRACTING - REAL ESTATE
DELTACORP,SERVICES
DELTACORP,SPECIAL
DELTACORP,NIFTY500
DELTACORP,MIDSMALLCAP_400
DELTACORP,SMALLCAP_50
DELTACORP,SMALLCAP_100
DEN,MEDIA & ENTERTAINMENT
DEN,NIFTY500
DEN,MIDSMALLCAP_400
DHFL,FINANCE - HOUSING
DHFL,FINANCIAL SERVICES
DHFL,HIGH_MARKET_VALUE
DHFL,NIFTY200
DHFL,NIFTY500
DHFL,LARGECAP_250
DHFL,MIDCAP_50
DHFL,MIDCAP_100
DHFL,MIDCAP_150
DHFL,MIDSMALLCAP_400
DBL,CONSTRUCTION & CONTRACTING - CIVIL
DBL,CONSTRUCTION
DBL,HIGH_MARKET_VALUE
DBL,LONGTERM
DBL,NIFTY200
DBL,NIFTY500
DBL,LARGECAP_250
DBL,MIDCAP_100
DBL,MIDCAP_150
DBL,MIDSMALLCAP_400
DISHTV,MEDIA & ENTERTAINMENT
DISHTV,NIFTY200
DISHTV,NIFTY500
DISHTV,LARGECAP_250
DISHTV,MIDCAP_50
DISHTV,MIDCAP_100
DISHTV,MIDCAP_150
DISHTV,MIDSMALLCAP_400
DIVISLAB,PHARMACEUTICALS
DIVISLAB,PHARMA
DIVISLAB,HIGH_MARKET_VALUE
DIVISLAB,SPECIAL
DIVISLAB,NIFTY200
DIVISLAB,NIFTY500
DIVISLAB,LARGECAP_250
DIVISLAB,MIDCAP_50
DIVISLAB,MIDCAP_100
DIVISLAB,MIDCAP_150
DIVISLAB,MIDSMALLCAP_400
LALPATHLAB,PHARMACEUTICALS
LALPATHLAB,HEALTHCARE SERVICES
LALPATHLAB,NIFTY500
LALPATHLAB,MIDSMALLCAP_400
DRREDDY,PHARMACEUTICALS
DRREDDY,PHARMA
DRREDDY,HIGH_MARKET_VALUE
DRREDDY,NIFTY100
DRREDDY,NIFTY200
DRREDDY,NIFTY500
DRREDDY,LARGECAP_250
DRREDDY,NIFTY50
EDELWEISS,FINANCE - GENERAL
EDELWEISS,FINANCIAL SERVICES
EDELWEISS,HIGH_MARKET_VALUE
EDELWEISS,CAN-SLIM-2020
EDELWEISS,NIFTY200
EDELWEISS,NIFTY500
EDELWEISS,LARGECAP_250
EDELWEISS,MIDCAP_100
EDELWEISS,MIDCAP_150
EDELWEISS,MIDSMALLCAP_400
EICHERMOT,AUTO - LCVS & HCVS
EICHERMOT,AUTOMOBILE
EICHERMOT,HIGH_MARKET_VALUE
EICHERMOT,LONGTERM
EICHERMOT,NIFTY100
EICHERMOT,NIFTY200
EICHERMOT,NIFTY500
EICHERMOT,LARGECAP_250
EICHERMOT,NIFTY50
EMAMILTD,PERSONAL CARE
EMAMILTD,CONSUMER GOODS
EMAMILTD,HIGH_MARKET_VALUE
EMAMILTD,NIFTY100
EMAMILTD,NIFTY200
EMAMILTD,NIFTY500
EMAMILTD,LARGECAP_250
EMAMILTD,NIFTY_NEXT_50
ENDURANCE,AUTO - 2 & 3 WHEELERS
ENDURANCE,AUTOMOBILE
ENDURANCE,HIGH_MARKET_VALUE
ENDURANCE,NIFTY200
ENDURANCE,NIFTY500
ENDURANCE,LARGECAP_250
ENDURANCE,MIDCAP_100
ENDURANCE,MIDCAP_150
ENDURANCE,MIDSMALLCAP_400
ENGINERSIN,INFRASTRUCTURE - GENERAL
ENGINERSIN,CONSTRUCTION
ENGINERSIN,NIFTY200
ENGINERSIN,NIFTY500
ENGINERSIN,LARGECAP_250
ENGINERSIN,MIDCAP_50
ENGINERSIN,MIDCAP_100
ENGINERSIN,MIDCAP_150
ENGINERSIN,MIDSMALLCAP_400
EQUITAS,FINANCE - GENERAL
EQUITAS,FINANCIAL SERVICES
EQUITAS,NIFTY500
EQUITAS,MIDSMALLCAP_400
EQUITAS,SMALLCAP_50
EQUITAS,SMALLCAP_100
EROSMEDIA,MEDIA & ENTERTAINMENT
EROSMEDIA,NIFTY500
EROSMEDIA,MIDSMALLCAP_400
EVEREADY,DRY CELLS
EVEREADY,CONSUMER GOODS
EVEREADY,NIFTY500
EVEREADY,MIDSMALLCAP_400
EXIDEIND,AUTO ANCILLARIES
EXIDEIND,AUTOMOBILE
EXIDEIND,HIGH_MARKET_VALUE
EXIDEIND,NIFTY200
EXIDEIND,NIFTY500
EXIDEIND,LARGECAP_250
EXIDEIND,MIDCAP_50
EXIDEIND,MIDCAP_100
EXIDEIND,MIDCAP_150
EXIDEIND,MIDSMALLCAP_400
FEDERALBNK,BANKS - PRIVATE SECTOR
FEDERALBNK,FINANCIAL SERVICES
FEDERALBNK,Bank
FEDERALBNK,HIGH_MARKET_VALUE
FEDERALBNK,NIFTY200
FEDERALBNK,NIFTY500
FEDERALBNK,LARGECAP_250
FEDERALBNK,MIDCAP_50
FEDERALBNK,MIDCAP_100
FEDERALBNK,MIDCAP_150
FEDERALBNK,MIDSMALLCAP_400
FINCABLES,CABLES - TELEPHONE
FINCABLES,INDUSTRIAL MANUFACTURING
FINCABLES,NIFTY500
FINCABLES,LARGECAP_250
FINCABLES,MIDCAP_150
FINCABLES,MIDSMALLCAP_400
FINPIPE,PETROCHEMICALS
FINPIPE,INDUSTRIAL MANUFACTURING
FINPIPE,NIFTY500
FINPIPE,MIDSMALLCAP_400
FSL,COMPUTERS - SOFTWARE MEDIUM & SMALL
FSL,IT
FSL,NIFTY500
FSL,MIDSMALLCAP_400
FCONSUMER,FINANCE - INVESTMENTS
FCONSUMER,CONSUMER GOODS
FCONSUMER,LONGTERM
FCONSUMER,NIFTY200
FCONSUMER,NIFTY500
FCONSUMER,LARGECAP_250
FCONSUMER,MIDCAP_100
FCONSUMER,MIDCAP_150
FCONSUMER,MIDSMALLCAP_400
FRETAIL,RETAIL
FRETAIL,CONSUMER GOODS
FRETAIL,HIGH_MARKET_VALUE
FRETAIL,LONGTERM
FRETAIL,NIFTY200
FRETAIL,NIFTY500
FRETAIL,LARGECAP_250
FRETAIL,MIDCAP_100
FRETAIL,MIDCAP_150
FRETAIL,MIDSMALLCAP_400
GAIL,OIL DRILLING AND EXPLORATION
GAIL,ENERGY
GAIL,HIGH_MARKET_VALUE
GAIL,NIFTY100
GAIL,NIFTY200
GAIL,NIFTY500
GAIL,LARGECAP_250
GAIL,NIFTY50
GEPIL,POWER - TRANSMISSION & EQUIPMENT
GEPIL,INDUSTRIAL MANUFACTURING
GEPIL,NIFTY500
GEPIL,MIDSMALLCAP_400
GMRINFRA,INFRASTRUCTURE - GENERAL
GMRINFRA,CONSTRUCTION
GMRINFRA,NIFTY200
GMRINFRA,NIFTY500
GMRINFRA,LARGECAP_250
GMRINFRA,MIDCAP_50
GMRINFRA,MIDCAP_100
GMRINFRA,MIDCAP_150
GMRINFRA,MIDSMALLCAP_400
GVKPIL,POWER - GENERATION & DISTRIBUTION
GVKPIL,CONSTRUCTION
GVKPIL,NIFTY500
GVKPIL,MIDSMALLCAP_400
GDL,MISCELLANEOUS
GDL,SERVICES
GDL,NIFTY500
GDL,MIDSMALLCAP_400
GILLETTE,PERSONAL CARE
GILLETTE,CONSUMER GOODS
GILLETTE,HIGH_MARKET_VALUE
GILLETTE,NIFTY500
GILLETTE,LARGECAP_250
GILLETTE,MIDCAP_150
GILLETTE,MIDSMALLCAP_400
GSKCONS,FOOD PROCESSING
GSKCONS,CONSUMER GOODS
GSKCONS,HIGH_MARKET_VALUE
GSKCONS,NIFTY500
GSKCONS,LARGECAP_250
GSKCONS,MIDCAP_150
GSKCONS,MIDSMALLCAP_400
GLAXO,PHARMACEUTICALS
GLAXO,PHARMA
GLAXO,HIGH_MARKET_VALUE
GLAXO,NIFTY500
GLAXO,LARGECAP_250
GLAXO,MIDCAP_150
GLAXO,MIDSMALLCAP_400
GLENMARK,PHARMACEUTICALS
GLENMARK,PHARMA
GLENMARK,HIGH_MARKET_VALUE
GLENMARK,NIFTY200
GLENMARK,NIFTY500
GLENMARK,LARGECAP_250
GLENMARK,MIDCAP_50
GLENMARK,MIDCAP_100
GLENMARK,MIDCAP_150
GLENMARK,MIDSMALLCAP_400
GODREJCP,PERSONAL CARE
GODREJCP,CONSUMER GOODS
GODREJCP,HIGH_MARKET_VALUE
GODREJCP,LONGTERM
GODREJCP,NIFTY100
GODREJCP,NIFTY200
GODREJCP,NIFTY500
GODREJCP,LARGECAP_250
GODREJCP,NIFTY_NEXT_50
GODREJPROP,CONSTRUCTION & CONTRACTING - REAL ESTATE
GODREJPROP,CONSTRUCTION
GODREJPROP,HIGH_MARKET_VALUE
GODREJPROP,NIFTY500
GODREJPROP,LARGECAP_250
GODREJPROP,MIDCAP_150
GODREJPROP,MIDSMALLCAP_400
GRASIM,DIVERSIFIED
GRASIM,CEMENT & CEMENT PRODUCTS
GRASIM,HIGH_MARKET_VALUE
GRASIM,NIFTY100
GRASIM,NIFTY200
GRASIM,NIFTY500
GRASIM,LARGECAP_250
GRASIM,NIFTY50
GESHIP,SHIPPING
GESHIP,SERVICES
GESHIP,NIFTY500
GESHIP,MIDSMALLCAP_400
GREENPLY,MISCELLANEOUS
GREENPLY,CONSUMER GOODS
GREENPLY,LONGTERM
GREENPLY,NIFTY500
GREENPLY,MIDSMALLCAP_400
GRINDWELL,ABRASIVES
GRUH,FINANCE - HOUSING
GRUH,FINANCIAL SERVICES
GRUH,HIGH_MARKET_VALUE
GRUH,LONGTERM
GRUH,NIFTY200
GRUH,NIFTY500
GRUH,LARGECAP_250
GRUH,MIDCAP_100
GRUH,MIDCAP_150
GRUH,MIDSMALLCAP_400
GUJGASLTD,OIL DRILLING AND EXPLORATION
GUJGASLTD,ENERGY
GUJGASLTD,NIFTY500
GUJGASLTD,LARGECAP_250
GUJGASLTD,MIDCAP_150
GUJGASLTD,MIDSMALLCAP_400
GMDCLTD,MINING & MINERALS
GMDCLTD,METALS
GMDCLTD,NIFTY500
GMDCLTD,MIDSMALLCAP_400
GMDCLTD,SMALLCAP_100
GPPL,SHIPPING
GPPL,SERVICES
GPPL,NIFTY500
GPPL,MIDSMALLCAP_400
GSFC,FERTILISERS
GSFC,FERTILISERS & PESTICIDES
GSFC,NIFTY500
GSFC,MIDSMALLCAP_400
GSFC,SMALLCAP_50
GSFC,SMALLCAP_100
GSPL,OIL DRILLING AND EXPLORATION
GSPL,ENERGY
GSPL,NIFTY200
GSPL,NIFTY500
GSPL,LARGECAP_250
GSPL,MIDCAP_100
GSPL,MIDCAP_150
GSPL,MIDSMALLCAP_400
GULFOILLUB,LUBRICANTS
GULFOILLUB,ENERGY
GULFOILLUB,NIFTY500
GULFOILLUB,MIDSMALLCAP_400
HCL-INSYS,COMPUTERS - HARDWARE
HCL-INSYS,IT
HCL-INSYS,SPECIAL
HCL-INSYS,NIFTY500
HCL-INSYS,MIDSMALLCAP_400
HCLTECH,COMPUTERS - SOFTWARE
HCLTECH,IT
HCLTECH,HIGH_MARKET_VALUE
HCLTECH,NIFTY100
HCLTECH,NIFTY200
HCLTECH,NIFTY500
HCLTECH,LARGECAP_250
HCLTECH,NIFTY50
HDFCBANK,BANKS - PRIVATE SECTOR
HDFCBANK,FINANCIAL SERVICES
HDFCBANK,Bank
HDFCBANK,HIGH_MARKET_VALUE
HDFCBANK,LONGTERM
HDFCBANK,CAN-SLIM-2020
HDFCBANK,NIFTY100
HDFCBANK,NIFTY200
HDFCBANK,NIFTY500
HDFCBANK,LARGECAP_250
HDFCBANK,NIFTY50
HDFCBANK,HRITHIK
HTMEDIA,MEDIA & ENTERTAINMENT
HATHWAY,MEDIA & ENTERTAINMENT
HATHWAY,NIFTY500
HATHWAY,MIDSMALLCAP_400
HAVELLS,ELECTRIC EQUIPMENT
HAVELLS,CONSUMER GOODS
HAVELLS,HIGH_MARKET_VALUE
HAVELLS,LONGTERM
HAVELLS,NIFTY100
HAVELLS,NIFTY200
HAVELLS,NIFTY500
HAVELLS,LARGECAP_250
HAVELLS,NIFTY_NEXT_50
HEROMOTOCO,AUTO - 2 & 3 WHEELERS
HEROMOTOCO,AUTOMOBILE
HEROMOTOCO,HIGH_MARKET_VALUE
HEROMOTOCO,LONGTERM
HEROMOTOCO,NIFTY100
HEROMOTOCO,NIFTY200
HEROMOTOCO,NIFTY500
HEROMOTOCO,LARGECAP_250
HEROMOTOCO,NIFTY50
HINDALCO,ALUMINIUM
HINDALCO,METALS
HINDALCO,HIGH_MARKET_VALUE
HINDALCO,NIFTY100
HINDALCO,NIFTY200
HINDALCO,NIFTY500
HINDALCO,LARGECAP_250
HINDALCO,NIFTY50
HINDCOPPER,METALS - NON FERROUS
HINDCOPPER,METALS
HINDCOPPER,NIFTY500
HINDCOPPER,MIDSMALLCAP_400
HINDCOPPER,SMALLCAP_50
HINDCOPPER,SMALLCAP_100
HMVL,MEDIA & ENTERTAINMENT
HINDPETRO,REFINERIES
HINDPETRO,ENERGY
HINDPETRO,HIGH_MARKET_VALUE
HINDPETRO,NIFTY100
HINDPETRO,NIFTY200
HINDPETRO,NIFTY500
HINDPETRO,LARGECAP_250
HINDPETRO,NIFTY50
HINDUNILVR,PERSONAL CARE
HINDUNILVR,CONSUMER GOODS
HINDUNILVR,HIGH_MARKET_VALUE
HINDUNILVR,LONGTERM
HINDUNILVR,NIFTY100
HINDUNILVR,NIFTY200
HINDUNILVR,NIFTY500
HINDUNILVR,LARGECAP_250
HINDUNILVR,NIFTY50
HINDUNILVR,HRITHIK
HINDZINC,METALS - NON FERROUS
HINDZINC,METALS
HINDZINC,HIGH_MARKET_VALUE
HINDZINC,NIFTY100
HINDZINC,NIFTY200
HINDZINC,NIFTY500
HINDZINC,LARGECAP_250
HINDZINC,NIFTY_NEXT_50
HONAUT,TELECOMMUNICATIONS - EQUIPMENT
HONAUT,INDUSTRIAL MANUFACTURING
HONAUT,HIGH_MARKET_VALUE
HONAUT,LONGTERM
HONAUT,NIFTY500
HONAUT,LARGECAP_250
HONAUT,MIDCAP_150
HONAUT,MIDSMALLCAP_400
HDFC,FINANCE - HOUSING
HDFC,FINANCIAL SERVICES
HDFC,HIGH_MARKET_VALUE
HDFC,NIFTY100
HDFC,NIFTY200
HDFC,NIFTY500
HDFC,LARGECAP_250
HDFC,NIFTY50
HDFC,HRITHIK
ITC,CIGARETTES
ITC,CONSUMER GOODS
ITC,HIGH_MARKET_VALUE
ITC,NIFTY100
ITC,NIFTY200
ITC,NIFTY500
ITC,LARGECAP_250
ITC,NIFTY50
ICICIBANK,BANKS - PRIVATE SECTOR
ICICIBANK,FINANCIAL SERVICES
ICICIBANK,Bank
ICICIBANK,HIGH_MARKET_VALUE
ICICIBANK,NIFTY100
ICICIBANK,NIFTY200
ICICIBANK,NIFTY500
ICICIBANK,LARGECAP_250
ICICIBANK,NIFTY50
ICICIPRULI,FINANCE - GENERAL
ICICIPRULI,FINANCIAL SERVICES
ICICIPRULI,HIGH_MARKET_VALUE
ICICIPRULI,NIFTY100
ICICIPRULI,NIFTY200
ICICIPRULI,NIFTY500
ICICIPRULI,LARGECAP_250
ICICIPRULI,NIFTY_NEXT_50
IDFCBANK,BANKS - PRIVATE SECTOR
IDFCBANK,FINANCIAL SERVICES
IDFCBANK,Bank
IDFCBANK,HIGH_MARKET_VALUE
IDFCBANK,NIFTY200
IDFCBANK,NIFTY500
IDFCBANK,LARGECAP_250
IDFCBANK,MIDCAP_50
IDFCBANK,MIDCAP_100
IDFCBANK,MIDCAP_150
IDFCBANK,MIDSMALLCAP_400
IDFC,FINANCE - TERM LENDING INSTITUTIONS
IDFC,FINANCIAL SERVICES
IDFC,NIFTY200
IDFC,NIFTY500
IDFC,LARGECAP_250
IDFC,MIDCAP_50
IDFC,MIDCAP_100
IDFC,MIDCAP_150
IDFC,MIDSMALLCAP_400
IIFL,FINANCE - GENERAL
IIFL,FINANCIAL SERVICES
IIFL,HIGH_MARKET_VALUE
IIFL,LONGTERM
IIFL,NIFTY500
IIFL,LARGECAP_250
IIFL,MIDCAP_150
IIFL,MIDSMALLCAP_400
IRB,INFRASTRUCTURE - GENERAL
IRB,CONSTRUCTION
IRB,NIFTY200
IRB,NIFTY500
IRB,LARGECAP_250
IRB,MIDCAP_100
IRB,MIDCAP_150
IRB,MIDSMALLCAP_400
ITDCEM,CONSTRUCTION & CONTRACTING - CIVIL
ITDCEM,CONSTRUCTION
ITDCEM,NIFTY500
ITDCEM,MIDSMALLCAP_400
IDEA,TELECOMMUNICATIONS - SERVICE
IDEA,TELECOM
IDEA,HIGH_MARKET_VALUE
IDEA,NIFTY100
IDEA,NIFTY200
IDEA,NIFTY500
IDEA,LARGECAP_250
IDEA,NIFTY_NEXT_50
IGARASHI,ELECTRIC EQUIPMENT
IGARASHI,AUTOMOBILE
INDIACEM,CEMENT - MAJOR
INDIACEM,CEMENT & CEMENT PRODUCTS
INDIACEM,NIFTY500
INDIACEM,MIDSMALLCAP_400
INDIACEM,SMALLCAP_50
INDIACEM,SMALLCAP_100
IBULHSGFIN,FINANCE - HOUSING
IBULHSGFIN,FINANCIAL SERVICES
IBULHSGFIN,HIGH_MARKET_VALUE
IBULHSGFIN,LONGTERM
IBULHSGFIN,NIFTY100
IBULHSGFIN,NIFTY200
IBULHSGFIN,NIFTY500
IBULHSGFIN,LARGECAP_250
IBULHSGFIN,NIFTY50
IBREALEST,CONSTRUCTION & CONTRACTING - REAL ESTATE
IBREALEST,CONSTRUCTION
IBREALEST,NIFTY200
IBREALEST,NIFTY500
IBREALEST,LARGECAP_250
IBREALEST,MIDCAP_100
IBREALEST,MIDCAP_150
IBREALEST,MIDSMALLCAP_400
INDIANB,BANKS - PUBLIC SECTOR
INDIANB,FINANCIAL SERVICES
INDIANB,Bank
INDIANB,HIGH_MARKET_VALUE
INDIANB,NIFTY200
INDIANB,NIFTY500
INDIANB,LARGECAP_250
INDIANB,MIDCAP_50
INDIANB,MIDCAP_100
INDIANB,MIDCAP_150
INDIANB,MIDSMALLCAP_400
INDHOTEL,HOTELS
INDHOTEL,SERVICES
INDHOTEL,HIGH_MARKET_VALUE
INDHOTEL,NIFTY200
INDHOTEL,NIFTY500
INDHOTEL,LARGECAP_250
INDHOTEL,MIDCAP_100
INDHOTEL,MIDCAP_150
INDHOTEL,MIDSMALLCAP_400
IOC,REFINERIES
IOC,ENERGY
IOC,HIGH_MARKET_VALUE
IOC,NIFTY100
IOC,NIFTY200
IOC,NIFTY500
IOC,LARGECAP_250
IOC,NIFTY50
INDOCO,PHARMACEUTICALS
INDOCO,PHARMA
INDOCO,NIFTY500
INDOCO,MIDSMALLCAP_400
IGL,OIL DRILLING AND EXPLORATION
IGL,ENERGY
IGL,HIGH_MARKET_VALUE
IGL,LONGTERM
IGL,NIFTY200
IGL,NIFTY500
IGL,LARGECAP_250
IGL,MIDCAP_50
IGL,MIDCAP_100
IGL,MIDCAP_150
IGL,MIDSMALLCAP_400
INDUSINDBK,BANKS - PRIVATE SECTOR
INDUSINDBK,FINANCIAL SERVICES
INDUSINDBK,Bank
INDUSINDBK,HIGH_MARKET_VALUE
INDUSINDBK,NIFTY100
INDUSINDBK,NIFTY200
INDUSINDBK,NIFTY500
INDUSINDBK,LARGECAP_250
INDUSINDBK,NIFTY50
INDUSINDBK,HRITHIK
INFIBEAM,MISCELLANEOUS
INFIBEAM,IT
INFIBEAM,NIFTY500
INFIBEAM,MIDSMALLCAP_400
INFIBEAM,SMALLCAP_50
INFIBEAM,SMALLCAP_100
NAUKRI,MISCELLANEOUS
NAUKRI,IT
NAUKRI,HIGH_MARKET_VALUE
NAUKRI,NIFTY200
NAUKRI,NIFTY500
NAUKRI,LARGECAP_250
NAUKRI,MIDCAP_100
NAUKRI,MIDCAP_150
NAUKRI,MIDSMALLCAP_400
INFY,COMPUTERS - SOFTWARE
INFY,IT
INFY,HIGH_MARKET_VALUE
INFY,NIFTY100
INFY,NIFTY200
INFY,NIFTY500
INFY,LARGECAP_250
INFY,NIFTY50
INFY,HRITHIK
INOXLEISUR,MEDIA & ENTERTAINMENT
INOXLEISUR,NIFTY500
INOXLEISUR,MIDSMALLCAP_400
INTELLECT,COMPUTERS - SOFTWARE
INTELLECT,IT
INTELLECT,NIFTY500
INTELLECT,MIDSMALLCAP_400
INDIGO,TRANSPORT & LOGISTICS
INDIGO,SERVICES
INDIGO,HIGH_MARKET_VALUE
INDIGO,NIFTY100
INDIGO,NIFTY200
INDIGO,NIFTY500
INDIGO,LARGECAP_250
INDIGO,NIFTY_NEXT_50
IPCALAB,PHARMACEUTICALS
IPCALAB,PHARMA
IPCALAB,NIFTY500
IPCALAB,MIDSMALLCAP_400
JKCEMENT,CEMENT - MAJOR
JKCEMENT,CEMENT & CEMENT PRODUCTS
JKCEMENT,NIFTY500
JKCEMENT,MIDSMALLCAP_400
JKLAKSHMI,CEMENT - MAJOR
JKLAKSHMI,CEMENT & CEMENT PRODUCTS
JKLAKSHMI,NIFTY500
JKLAKSHMI,MIDSMALLCAP_400
JKLAKSHMI,SMALLCAP_100
JKTYRE,TYRES
JKTYRE,AUTOMOBILE
JKTYRE,NIFTY500
JKTYRE,MIDSMALLCAP_400
JKTYRE,SMALLCAP_100
JMTAUTOLTD,AUTO ANCILLARIES
JSWSTEEL,STEEL - LARGE
JSWSTEEL,METALS
JSWSTEEL,HIGH_MARKET_VALUE
JSWSTEEL,NIFTY100
JSWSTEEL,NIFTY200
JSWSTEEL,NIFTY500
JSWSTEEL,LARGECAP_250
JSWSTEEL,NIFTY_NEXT_50
JAGRAN,MEDIA & ENTERTAINMENT
JAGRAN,NIFTY500
JAGRAN,MIDSMALLCAP_400
JETAIRWAYS,TRANSPORT & LOGISTICS
JETAIRWAYS,SERVICES
JETAIRWAYS,NIFTY500
JETAIRWAYS,MIDSMALLCAP_400
JETAIRWAYS,SMALLCAP_50
JETAIRWAYS,SMALLCAP_100
JINDALSTEL,STEEL - SPONGE IRON
JINDALSTEL,METALS
JINDALSTEL,HIGH_MARKET_VALUE
JINDALSTEL,NIFTY200
JINDALSTEL,NIFTY500
JINDALSTEL,LARGECAP_250
JINDALSTEL,MIDCAP_50
JINDALSTEL,MIDCAP_100
JINDALSTEL,MIDCAP_150
JINDALSTEL,MIDSMALLCAP_400
JUBLFOOD,MISCELLANEOUS
JUBLFOOD,CONSUMER GOODS
JUBLFOOD,HIGH_MARKET_VALUE
JUBLFOOD,LONGTERM
JUBLFOOD,NIFTY200
JUBLFOOD,NIFTY500
JUBLFOOD,LARGECAP_250
JUBLFOOD,MIDCAP_100
JUBLFOOD,MIDCAP_150
JUBLFOOD,MIDSMALLCAP_400
JUSTDIAL,MISCELLANEOUS
JUSTDIAL,IT
JUSTDIAL,NIFTY500
JUSTDIAL,MIDSMALLCAP_400
JUSTDIAL,SMALLCAP_100
JYOTHYLAB,PERSONAL CARE
JYOTHYLAB,CONSUMER GOODS
JYOTHYLAB,NIFTY500
JYOTHYLAB,MIDSMALLCAP_400
KAJARIACER,CERAMICS & GRANITE
KAJARIACER,CONSTRUCTION
KAJARIACER,NIFTY500
KAJARIACER,LARGECAP_250
KAJARIACER,MIDCAP_150
KAJARIACER,MIDSMALLCAP_400
KALPATPOWR,POWER - TRANSMISSION & EQUIPMENT
KALPATPOWR,ENERGY
KALPATPOWR,NIFTY500
KALPATPOWR,MIDSMALLCAP_400
KALPATPOWR,SMALLCAP_100
KANSAINER,PAINTS & VARNISHES
KANSAINER,CONSUMER GOODS
KANSAINER,HIGH_MARKET_VALUE
KANSAINER,NIFTY500
KANSAINER,LARGECAP_250
KANSAINER,MIDCAP_150
KANSAINER,MIDSMALLCAP_400
KTKBANK,BANKS - PRIVATE SECTOR
KTKBANK,FINANCIAL SERVICES
KTKBANK,Bank
KTKBANK,NIFTY500
KTKBANK,MIDSMALLCAP_400
KTKBANK,SMALLCAP_50
KTKBANK,SMALLCAP_100
KARURVYSYA,BANKS - PRIVATE SECTOR
KARURVYSYA,FINANCIAL SERVICES
KARURVYSYA,Bank
KARURVYSYA,NIFTY200
KARURVYSYA,NIFTY500
KARURVYSYA,LARGECAP_250
KARURVYSYA,MIDCAP_100
KARURVYSYA,MIDCAP_150
KARURVYSYA,MIDSMALLCAP_400
KSCL,MISCELLANEOUS
KSCL,CONSUMER GOODS
KSCL,LONGTERM
KSCL,NIFTY500
KSCL,MIDSMALLCAP_400
KSCL,SMALLCAP_100
KEC,POWER - TRANSMISSION & EQUIPMENT
KEC,CONSTRUCTION
KEC,NIFTY500
KEC,MIDSMALLCAP_400
KEC,SMALLCAP_50
KEC,SMALLCAP_100
KITEX,TEXTILES - READYMADE APPARELS
KITEX,TEXTILES
KITEX,NIFTY500
KITEX,MIDSMALLCAP_400
KOTAKBANK,BANKS - PRIVATE SECTOR
KOTAKBANK,FINANCIAL SERVICES
KOTAKBANK,Bank
KOTAKBANK,HIGH_MARKET_VALUE
KOTAKBANK,NIFTY100
KOTAKBANK,NIFTY200
KOTAKBANK,NIFTY500
KOTAKBANK,LARGECAP_250
KOTAKBANK,NIFTY50
KOTAKBANK,HRITHIK
LTTS,COMPUTERS - SOFTWARE MEDIUM & SMALL
LTTS,IT
LTTS,HIGH_MARKET_VALUE
LTTS,NIFTY500
LTTS,LARGECAP_250
LTTS,MIDCAP_150
LTTS,MIDSMALLCAP_400
LICHSGFIN,FINANCE - HOUSING
LICHSGFIN,FINANCIAL SERVICES
LICHSGFIN,HIGH_MARKET_VALUE
LICHSGFIN,NIFTY100
LICHSGFIN,NIFTY200
LICHSGFIN,NIFTY500
LICHSGFIN,LARGECAP_250
LICHSGFIN,NIFTY_NEXT_50
LAXMIMACH,TEXTILES - MACHINERY
LAXMIMACH,INDUSTRIAL MANUFACTURING
LAXMIMACH,NIFTY500
LAXMIMACH,MIDSMALLCAP_400
LAXMIMACH,SMALLCAP_100
LAKSHVILAS,BANKS - PRIVATE SECTOR
LAKSHVILAS,FINANCIAL SERVICES
LAKSHVILAS,Bank
LAKSHVILAS,HIGH_MARKET_VALUE
LAKSHVILAS,NIFTY500
LAKSHVILAS,MIDSMALLCAP_400
LAKSHVILAS,SMALLCAP_100
LTI,COMPUTERS - SOFTWARE
LTI,IT
LTI,HIGH_MARKET_VALUE
LTI,SPECIAL
LTI,LONGTERM
LTI,NIFTY500
LTI,LARGECAP_250
LTI,MIDCAP_150
LTI,MIDSMALLCAP_400
LT,INFRASTRUCTURE - GENERAL
LT,CONSTRUCTION
LT,HIGH_MARKET_VALUE
LT,NIFTY100
LT,NIFTY200
LT,NIFTY500
LT,LARGECAP_250
LT,NIFTY50
LUPIN,PHARMACEUTICALS
LUPIN,PHARMA
LUPIN,HIGH_MARKET_VALUE
LUPIN,SPECIAL
LUPIN,NIFTY100
LUPIN,NIFTY200
LUPIN,NIFTY500
LUPIN,LARGECAP_250
LUPIN,NIFTY50
MRF,TYRES
MRF,AUTOMOBILE
MRF,HIGH_MARKET_VALUE
MRF,LONGTERM
MRF,NIFTY100
MRF,NIFTY200
MRF,NIFTY500
MRF,LARGECAP_250
MRF,NIFTY_NEXT_50
MAGMA,FINANCE - LEASING & HIRE PURCHASE
MAGMA,FINANCIAL SERVICES
MAGMA,NIFTY500
MAGMA,MIDSMALLCAP_400
MGL,REFINERIES
MGL,ENERGY
MGL,LONGTERM
MGL,NIFTY200
MGL,NIFTY500
MGL,LARGECAP_250
MGL,MIDCAP_100
MGL,MIDCAP_150
MGL,MIDSMALLCAP_400
MTNL,TELECOMMUNICATIONS - SERVICE
MTNL,TELECOM
MTNL,NIFTY500
MTNL,MIDSMALLCAP_400
MHRIL,HOTELS
MHRIL,SERVICES
MHRIL,NIFTY500
MHRIL,MIDSMALLCAP_400
MANAPPURAM,FINANCE - LEASING & HIRE PURCHASE
MANAPPURAM,FINANCIAL SERVICES
MANAPPURAM,NIFTY200
MANAPPURAM,NIFTY500
MANAPPURAM,LARGECAP_250
MANAPPURAM,MIDCAP_100
MANAPPURAM,MIDCAP_150
MANAPPURAM,MIDSMALLCAP_400
MRPL,REFINERIES
MRPL,ENERGY
MRPL,HIGH_MARKET_VALUE
MRPL,NIFTY200
MRPL,NIFTY500
MRPL,LARGECAP_250
MRPL,MIDCAP_50
MRPL,MIDCAP_100
MRPL,MIDCAP_150
MRPL,MIDSMALLCAP_400
MANPASAND,FOOD PROCESSING
MANPASAND,CONSUMER GOODS
MANPASAND,NIFTY500
MANPASAND,MIDSMALLCAP_400
MANPASAND,SMALLCAP_100
MARICO,PERSONAL CARE
MARICO,CONSUMER GOODS
MARICO,HIGH_MARKET_VALUE
MARICO,LONGTERM
MARICO,NIFTY100
MARICO,NIFTY200
MARICO,NIFTY500
MARICO,LARGECAP_250
MARICO,NIFTY_NEXT_50
MARUTI,AUTO - CARS & JEEPS
MARUTI,AUTOMOBILE
MARUTI,HIGH_MARKET_VALUE
MARUTI,CAN-SLIM-2020
MARUTI,NIFTY100
MARUTI,NIFTY200
MARUTI,NIFTY500
MARUTI,LARGECAP_250
MARUTI,NIFTY50
MCLEODRUSS,PLANTATIONS - TEA & COFFEE
MCLEODRUSS,CONSUMER GOODS
MCLEODRUSS,NIFTY500
MCLEODRUSS,MIDSMALLCAP_400
MINDTREE,COMPUTERS - SOFTWARE
MINDTREE,IT
MINDTREE,HIGH_MARKET_VALUE
MINDTREE,NIFTY200
MINDTREE,NIFTY500
MINDTREE,LARGECAP_250
MINDTREE,MIDCAP_50
MINDTREE,MIDCAP_100
MINDTREE,MIDCAP_150
MINDTREE,MIDSMALLCAP_400
MINDAIND,AUTO ANCILLARIES
MINDAIND,AUTOMOBILE
MINDAIND,NIFTY500
MINDAIND,MIDSMALLCAP_400
MONSANTO,PESTICIDES & AGRO CHEMICALS
MONSANTO,FERTILISERS & PESTICIDES
MOTHERSUMI,AUTO ANCILLARIES
MOTHERSUMI,AUTOMOBILE
MOTHERSUMI,HIGH_MARKET_VALUE
MOTHERSUMI,NIFTY100
MOTHERSUMI,NIFTY200
MOTHERSUMI,NIFTY500
MOTHERSUMI,LARGECAP_250
MOTHERSUMI,NIFTY_NEXT_50
MOTILALOFS,FINANCE - GENERAL
MOTILALOFS,FINANCIAL SERVICES
MOTILALOFS,HIGH_MARKET_VALUE
MOTILALOFS,NIFTY500
MOTILALOFS,LARGECAP_250
MOTILALOFS,MIDCAP_150
MOTILALOFS,MIDSMALLCAP_400
MPHASIS,COMPUTERS - SOFTWARE
MPHASIS,IT
MPHASIS,HIGH_MARKET_VALUE
MPHASIS,NIFTY200
MPHASIS,NIFTY500
MPHASIS,LARGECAP_250
MPHASIS,MIDCAP_100
MPHASIS,MIDCAP_150
MPHASIS,MIDSMALLCAP_400
MUTHOOTFIN,FINANCE - INVESTMENTS
MUTHOOTFIN,FINANCIAL SERVICES
MUTHOOTFIN,HIGH_MARKET_VALUE
MUTHOOTFIN,NIFTY200
MUTHOOTFIN,NIFTY500
MUTHOOTFIN,LARGECAP_250
MUTHOOTFIN,MIDCAP_50
MUTHOOTFIN,MIDCAP_100
MUTHOOTFIN,MIDCAP_150
MUTHOOTFIN,MIDSMALLCAP_400
NATCOPHARM,PHARMACEUTICALS
NATCOPHARM,PHARMA
NATCOPHARM,HIGH_MARKET_VALUE
NATCOPHARM,NIFTY200
NATCOPHARM,NIFTY500
NATCOPHARM,LARGECAP_250
NATCOPHARM,MIDCAP_100
NATCOPHARM,MIDCAP_150
NATCOPHARM,MIDSMALLCAP_400
NBCC,INFRASTRUCTURE - GENERAL
NBCC,CONSTRUCTION
NBCC,HIGH_MARKET_VALUE
NBCC,NIFTY200
NBCC,NIFTY500
NBCC,LARGECAP_250
NBCC,MIDCAP_50
NBCC,MIDCAP_100
NBCC,MIDCAP_150
NBCC,MIDSMALLCAP_400
NCC,CONSTRUCTION & CONTRACTING - CIVIL
NCC,CONSTRUCTION
NCC,NIFTY500
NCC,MIDSMALLCAP_400
NCC,SMALLCAP_50
NCC,SMALLCAP_100
NHPC,POWER - GENERATION & DISTRIBUTION
NHPC,ENERGY
NHPC,HIGH_MARKET_VALUE
NHPC,NIFTY100
NHPC,NIFTY200
NHPC,NIFTY500
NHPC,LARGECAP_250
NHPC,NIFTY_NEXT_50
NIITTECH,COMPUTERS - SOFTWARE
NIITTECH,IT
NIITTECH,NIFTY500
NIITTECH,MIDSMALLCAP_400
NIITTECH,SMALLCAP_100
NLCINDIA,POWER - GENERATION & DISTRIBUTION
NLCINDIA,ENERGY
NLCINDIA,HIGH_MARKET_VALUE
NLCINDIA,NIFTY500
NLCINDIA,LARGECAP_250
NLCINDIA,MIDCAP_150
NLCINDIA,MIDSMALLCAP_400
NMDC,MINING & MINERALS
NMDC,METALS
NMDC,HIGH_MARKET_VALUE
NMDC,NIFTY100
NMDC,NIFTY200
NMDC,NIFTY500
NMDC,LARGECAP_250
NMDC,NIFTY_NEXT_50
NTPC,POWER - GENERATION & DISTRIBUTION
NTPC,ENERGY
NTPC,HIGH_MARKET_VALUE
NTPC,NIFTY100
NTPC,NIFTY200
NTPC,NIFTY500
NTPC,LARGECAP_250
NTPC,NIFTY50
NH,HOSPITALS & MEDICAL SERVICES
NH,HEALTHCARE SERVICES
NH,NIFTY500
NH,MIDSMALLCAP_400
NATIONALUM,ALUMINIUM
NATIONALUM,METALS
NATIONALUM,HIGH_MARKET_VALUE
NATIONALUM,NIFTY200
NATIONALUM,NIFTY500
NATIONALUM,LARGECAP_250
NATIONALUM,MIDCAP_50
NATIONALUM,MIDCAP_100
NATIONALUM,MIDCAP_150
NATIONALUM,MIDSMALLCAP_400
NBVENTURES,DIVERSIFIED
NBVENTURES,ENERGY
NBVENTURES,NIFTY500
NBVENTURES,MIDSMALLCAP_400
NAVKARCORP,TRANSPORT & LOGISTICS
NAVKARCORP,SERVICES
NAVKARCORP,NIFTY500
NAVKARCORP,MIDSMALLCAP_400
NAVNETEDUL,MEDIA & ENTERTAINMENT
NAVNETEDUL,PRINTING & STATIONERY
NETWORK18,FINANCE - GENERAL
NETWORK18,MEDIA & ENTERTAINMENT
NETWORK18,NIFTY500
NETWORK18,MIDSMALLCAP_400
OBEROIRLTY,CONSTRUCTION & CONTRACTING - REAL ESTATE
OBEROIRLTY,CONSTRUCTION
OBEROIRLTY,HIGH_MARKET_VALUE
OBEROIRLTY,NIFTY200
OBEROIRLTY,NIFTY500
OBEROIRLTY,LARGECAP_250
OBEROIRLTY,MIDCAP_100
OBEROIRLTY,MIDCAP_150
OBEROIRLTY,MIDSMALLCAP_400
ONGC,OIL DRILLING AND EXPLORATION
ONGC,ENERGY
ONGC,HIGH_MARKET_VALUE
ONGC,NIFTY100
ONGC,NIFTY200
ONGC,NIFTY500
ONGC,LARGECAP_250
ONGC,NIFTY50
OIL,OIL DRILLING AND EXPLORATION
OIL,ENERGY
OIL,HIGH_MARKET_VALUE
OIL,NIFTY100
OIL,NIFTY200
OIL,NIFTY500
OIL,LARGECAP_250
OIL,NIFTY_NEXT_50
OFSS,COMPUTERS - SOFTWARE
OFSS,IT
OFSS,HIGH_MARKET_VALUE
OFSS,NIFTY100
OFSS,NIFTY200
OFSS,NIFTY500
OFSS,LARGECAP_250
OFSS,NIFTY_NEXT_50
PCJEWELLER,DIAMOND CUTTING & JEWELLERY & PRECIOUS METALS
PCJEWELLER,CONSUMER GOODS
PCJEWELLER,HIGH_MARKET_VALUE
PCJEWELLER,NIFTY200
PCJEWELLER,NIFTY500
PCJEWELLER,LARGECAP_250
PCJEWELLER,MIDCAP_50
PCJEWELLER,MIDCAP_100
PCJEWELLER,MIDCAP_150
PCJEWELLER,MIDSMALLCAP_400
PIIND,PESTICIDES & AGRO CHEMICALS
PIIND,FERTILISERS & PESTICIDES
PIIND,NIFTY200
PIIND,NIFTY500
PIIND,LARGECAP_250
PIIND,MIDCAP_100
PIIND,MIDCAP_150
PIIND,MIDSMALLCAP_400
PTC,TRADING
PTC,ENERGY
PTC,NIFTY500
PTC,MIDSMALLCAP_400
PTC,SMALLCAP_100
PVR,MEDIA & ENTERTAINMENT
PVR,NIFTY500
PVR,MIDSMALLCAP_400
PVR,SMALLCAP_50
PVR,SMALLCAP_100
PAGEIND,TEXTILES - READYMADE APPARELS
PAGEIND,TEXTILES
PAGEIND,HIGH_MARKET_VALUE
PAGEIND,LONGTERM
PAGEIND,NIFTY200
PAGEIND,NIFTY500
PAGEIND,LARGECAP_250
PAGEIND,MIDCAP_50
PAGEIND,MIDCAP_100
PAGEIND,MIDCAP_150
PAGEIND,MIDSMALLCAP_400
PERSISTENT,COMPUTERS - SOFTWARE
PERSISTENT,IT
PERSISTENT,NIFTY500
PERSISTENT,MIDSMALLCAP_400
PERSISTENT,SMALLCAP_100
PETRONET,OIL DRILLING AND EXPLORATION
PETRONET,ENERGY
PETRONET,HIGH_MARKET_VALUE
PETRONET,NIFTY100
PETRONET,NIFTY200
PETRONET,NIFTY500
PETRONET,LARGECAP_250
PETRONET,NIFTY_NEXT_50
PHOENIXLTD,CONSTRUCTION & CONTRACTING - REAL ESTATE
PHOENIXLTD,CONSTRUCTION
PHOENIXLTD,NIFTY500
PHOENIXLTD,LARGECAP_250
PHOENIXLTD,MIDCAP_150
PHOENIXLTD,MIDSMALLCAP_400
PIDILITIND,CHEMICALS
PIDILITIND,HIGH_MARKET_VALUE
PIDILITIND,LONGTERM
PIDILITIND,NIFTY100
PIDILITIND,NIFTY200
PIDILITIND,NIFTY500
PIDILITIND,LARGECAP_250
PIDILITIND,NIFTY_NEXT_50
PEL,PHARMACEUTICALS
PEL,FINANCIAL SERVICES
PEL,PHARMA
PEL,HIGH_MARKET_VALUE
PEL,NIFTY100
PEL,NIFTY200
PEL,NIFTY500
PEL,LARGECAP_250
PEL,NIFTY_NEXT_50
POLARIS,COMPUTERS - SOFTWARE
POLARIS,IT
POLARIS,LONGTERM
PFC,FINANCE - TERM LENDING INSTITUTIONS
PFC,FINANCIAL SERVICES
PFC,HIGH_MARKET_VALUE
PFC,NIFTY100
PFC,NIFTY200
PFC,NIFTY500
PFC,LARGECAP_250
PFC,NIFTY_NEXT_50
POWERGRID,POWER - GENERATION & DISTRIBUTION
POWERGRID,ENERGY
POWERGRID,HIGH_MARKET_VALUE
POWERGRID,NIFTY100
POWERGRID,NIFTY200
POWERGRID,NIFTY500
POWERGRID,LARGECAP_250
POWERGRID,NIFTY50
PRESTIGE,CONSTRUCTION & CONTRACTING - REAL ESTATE
PRESTIGE,CONSTRUCTION
PRESTIGE,NIFTY200
PRESTIGE,NIFTY500
PRESTIGE,LARGECAP_250
PRESTIGE,MIDCAP_100
PRESTIGE,MIDCAP_150
PRESTIGE,MIDSMALLCAP_400
PGHH,PERSONAL CARE
PGHH,CONSUMER GOODS
PGHH,HIGH_MARKET_VALUE
PGHH,NIFTY100
PGHH,NIFTY200
PGHH,NIFTY500
PGHH,LARGECAP_250
PGHH,NIFTY_NEXT_50
PNB,BANKS - PUBLIC SECTOR
PNB,FINANCIAL SERVICES
PNB,Bank
PNB,HIGH_MARKET_VALUE
PNB,NIFTY100
PNB,NIFTY200
PNB,NIFTY500
PNB,LARGECAP_250
PNB,NIFTY_NEXT_50
RBLBANK,BANKS - PRIVATE SECTOR
RBLBANK,FINANCIAL SERVICES
RBLBANK,Bank
RBLBANK,HIGH_MARKET_VALUE
RBLBANK,NIFTY200
RBLBANK,NIFTY500
RBLBANK,LARGECAP_250
RBLBANK,MIDCAP_50
RBLBANK,MIDCAP_100
RBLBANK,MIDCAP_150
RBLBANK,MIDSMALLCAP_400
RALLIS,PESTICIDES & AGRO CHEMICALS
RALLIS,FERTILISERS & PESTICIDES
RALLIS,NIFTY500
RALLIS,MIDSMALLCAP_400
RALLIS,SMALLCAP_100
RAMCOSYS,COMPUTERS - SOFTWARE
RAMCOSYS,IT
RAMCOSYS,NIFTY500
RAMCOSYS,MIDSMALLCAP_400
RATNAMANI,STEEL - TUBES & PIPES
RAYMOND,TEXTILES - WOOLLEN & WORSTED
RAYMOND,TEXTILES
RAYMOND,NIFTY500
RAYMOND,MIDSMALLCAP_400
RAYMOND,SMALLCAP_50
RAYMOND,SMALLCAP_100
RELAXO,LEATHER PRODUCTS
RELAXO,CONSUMER GOODS
RELAXO,LONGTERM
RELAXO,NIFTY500
RELAXO,MIDSMALLCAP_400
RELCAPITAL,FINANCE - INVESTMENTS
RELCAPITAL,FINANCIAL SERVICES
RELCAPITAL,NIFTY200
RELCAPITAL,NIFTY500
RELCAPITAL,LARGECAP_250
RELCAPITAL,MIDCAP_100
RELCAPITAL,MIDCAP_150
RELCAPITAL,MIDSMALLCAP_400
RCOM,TELECOMMUNICATIONS - SERVICE
RCOM,TELECOM
RCOM,NIFTY500
RCOM,MIDSMALLCAP_400
RCOM,SMALLCAP_50
RCOM,SMALLCAP_100
RDEL,SHIPPING
RIIL,INFRASTRUCTURE - GENERAL
RELIANCE,REFINERIES
RELIANCE,ENERGY
RELIANCE,HIGH_MARKET_VALUE
RELIANCE,NIFTY100
RELIANCE,NIFTY200
RELIANCE,NIFTY500
RELIANCE,LARGECAP_250
RELIANCE,NIFTY50
RELIANCE,HRITHIK
RELINFRA,POWER - GENERATION & DISTRIBUTION
RELINFRA,ENERGY
RELINFRA,NIFTY200
RELINFRA,NIFTY500
RELINFRA,LARGECAP_250
RELINFRA,MIDCAP_50
RELINFRA,MIDCAP_100
RELINFRA,MIDCAP_150
RELINFRA,MIDSMALLCAP_400
RPOWER,POWER - GENERATION & DISTRIBUTION
RPOWER,ENERGY
RPOWER,NIFTY200
RPOWER,NIFTY500
RPOWER,LARGECAP_250
RPOWER,MIDCAP_50
RPOWER,MIDCAP_100
RPOWER,MIDCAP_150
RPOWER,MIDSMALLCAP_400
RELIGARE,FINANCE - INVESTMENTS
RELIGARE,FINANCIAL SERVICES
RELIGARE,NIFTY500
RELIGARE,MIDSMALLCAP_400
REPCOHOME,FINANCE - HOUSING
REPCOHOME,FINANCIAL SERVICES
REPCOHOME,NIFTY500
REPCOHOME,MIDSMALLCAP_400
REPCOHOME,SMALLCAP_50
REPCOHOME,SMALLCAP_100
RECLTD,FINANCE - TERM LENDING INSTITUTIONS
RECLTD,FINANCIAL SERVICES
RECLTD,HIGH_MARKET_VALUE
RECLTD,NIFTY100
RECLTD,NIFTY200
RECLTD,NIFTY500
RECLTD,LARGECAP_250
RECLTD,NIFTY_NEXT_50
SKFINDIA,BEARINGS
SKFINDIA,INDUSTRIAL MANUFACTURING
SKFINDIA,NIFTY500
SKFINDIA,LARGECAP_250
SKFINDIA,MIDCAP_150
SKFINDIA,MIDSMALLCAP_400
SREINFRA,FINANCE - LEASING & HIRE PURCHASE
SREINFRA,FINANCIAL SERVICES
SREINFRA,NIFTY500
SREINFRA,MIDSMALLCAP_400
SREINFRA,SMALLCAP_50
SREINFRA,SMALLCAP_100
SADBHAV,INFRASTRUCTURE - GENERAL
SADBHAV,CONSTRUCTION
SADBHAV,NIFTY500
SADBHAV,MIDSMALLCAP_400
SANOFI,PHARMACEUTICALS
SANOFI,PHARMA
SANOFI,NIFTY500
SANOFI,LARGECAP_250
SANOFI,MIDCAP_150
SANOFI,MIDSMALLCAP_400
SHREECEM,CEMENT - MAJOR
SHREECEM,CEMENT & CEMENT PRODUCTS
SHREECEM,HIGH_MARKET_VALUE
SHREECEM,NIFTY100
SHREECEM,NIFTY200
SHREECEM,NIFTY500
SHREECEM,LARGECAP_250
SHREECEM,NIFTY_NEXT_50
RENUKA,SUGAR
RENUKA,CONSUMER GOODS
RENUKA,NIFTY500
RENUKA,MIDSMALLCAP_400
SHRIRAMCIT,FINANCE - LEASING & HIRE PURCHASE
SHRIRAMCIT,FINANCIAL SERVICES
SHRIRAMCIT,HIGH_MARKET_VALUE
SHRIRAMCIT,LONGTERM
SHRIRAMCIT,NIFTY500
SHRIRAMCIT,LARGECAP_250
SHRIRAMCIT,MIDCAP_150
SHRIRAMCIT,MIDSMALLCAP_400
SRTRANSFIN,FINANCE - LEASING & HIRE PURCHASE
SRTRANSFIN,FINANCIAL SERVICES
SRTRANSFIN,HIGH_MARKET_VALUE
SRTRANSFIN,LONGTERM
SRTRANSFIN,NIFTY100
SRTRANSFIN,NIFTY200
SRTRANSFIN,NIFTY500
SRTRANSFIN,LARGECAP_250
SRTRANSFIN,NIFTY_NEXT_50
SIEMENS,INFRASTRUCTURE - GENERAL
SIEMENS,INDUSTRIAL MANUFACTURING
SIEMENS,HIGH_MARKET_VALUE
SIEMENS,NIFTY100
SIEMENS,NIFTY200
SIEMENS,NIFTY500
SIEMENS,LARGECAP_250
SIEMENS,NIFTY_NEXT_50
SOLARINDS,CHEMICALS
SOLARINDS,LONGTERM
SOLARINDS,NIFTY500
SOLARINDS,LARGECAP_250
SOLARINDS,MIDCAP_150
SOLARINDS,MIDSMALLCAP_400
SOUTHBANK,BANKS - PRIVATE SECTOR
SOUTHBANK,FINANCIAL SERVICES
SOUTHBANK,Bank
SOUTHBANK,NIFTY500
SOUTHBANK,MIDSMALLCAP_400
SOUTHBANK,SMALLCAP_50
SOUTHBANK,SMALLCAP_100
SBIN,BANKS - PUBLIC SECTOR
SBIN,FINANCIAL SERVICES
SBIN,Bank
SBIN,HIGH_MARKET_VALUE
SBIN,NIFTY100
SBIN,NIFTY200
SBIN,NIFTY500
SBIN,LARGECAP_250
SBIN,NIFTY50
SAIL,STEEL - LARGE
SAIL,METALS
SAIL,HIGH_MARKET_VALUE
SAIL,NIFTY100
SAIL,NIFTY200
SAIL,NIFTY500
SAIL,LARGECAP_250
SAIL,NIFTY_NEXT_50
STRTECH,CABLES - TELEPHONE
STRTECH,TELECOM
STRTECH,LONGTERM
STRTECH,NIFTY200
STRTECH,NIFTY500
STRTECH,LARGECAP_250
STRTECH,MIDCAP_100
STRTECH,MIDCAP_150
STRTECH,MIDSMALLCAP_400
STAR,PHARMACEUTICALS
STAR,PHARMA
SPARC,PHARMACEUTICALS
SPARC,PHARMA
SPARC,HIGH_MARKET_VALUE
SPARC,SPECIAL
SPARC,NIFTY200
SPARC,NIFTY500
SPARC,LARGECAP_250
SPARC,MIDCAP_100
SPARC,MIDCAP_150
SPARC,MIDSMALLCAP_400
SUNPHARMA,PHARMACEUTICALS
SUNPHARMA,PHARMA
SUNPHARMA,HIGH_MARKET_VALUE
SUNPHARMA,SPECIAL
SUNPHARMA,NIFTY100
SUNPHARMA,NIFTY200
SUNPHARMA,NIFTY500
SUNPHARMA,LARGECAP_250
SUNPHARMA,NIFTY50
SUNTV,MEDIA & ENTERTAINMENT
SUNTV,HIGH_MARKET_VALUE
SUNTV,NIFTY100
SUNTV,NIFTY200
SUNTV,NIFTY500
SUNTV,LARGECAP_250
SUNTV,NIFTY_NEXT_50
SUNDARMFIN,FINANCE - LEASING & HIRE PURCHASE
SUNDARMFIN,HIGH_MARKET_VALUE
SUNDRMFAST,FASTENERS
SUNDRMFAST,AUTOMOBILE
SUNDRMFAST,NIFTY500
SUNDRMFAST,LARGECAP_250
SUNDRMFAST,MIDCAP_150
SUNDRMFAST,MIDSMALLCAP_400
SUPREMEIND,PLASTICS
SUPREMEIND,INDUSTRIAL MANUFACTURING
SUPREMEIND,HIGH_MARKET_VALUE
SUPREMEIND,NIFTY500
SUPREMEIND,LARGECAP_250
SUPREMEIND,MIDCAP_150
SUPREMEIND,MIDSMALLCAP_400
SYMPHONY,CONSUMER GOODS - WHITE GOODS
SYMPHONY,CONSUMER GOODS
SYMPHONY,HIGH_MARKET_VALUE
SYMPHONY,LONGTERM
SYMPHONY,NIFTY500
SYMPHONY,LARGECAP_250
SYMPHONY,MIDCAP_150
SYMPHONY,MIDSMALLCAP_400
SYNGENE,MISCELLANEOUS
SYNGENE,PHARMA
SYNGENE,NIFTY200
SYNGENE,NIFTY500
SYNGENE,LARGECAP_250
SYNGENE,MIDCAP_100
SYNGENE,MIDCAP_150
SYNGENE,MIDSMALLCAP_400
TVTODAY,MEDIA & ENTERTAINMENT
TVTODAY,NIFTY500
TVTODAY,MIDSMALLCAP_400
TV18BRDCST,MEDIA & ENTERTAINMENT
TV18BRDCST,NIFTY200
TV18BRDCST,NIFTY500
TV18BRDCST,LARGECAP_250
TV18BRDCST,MIDCAP_100
TV18BRDCST,MIDCAP_150
TV18BRDCST,MIDSMALLCAP_400
TVSMOTOR,AUTO - 2 & 3 WHEELERS
TVSMOTOR,AUTOMOBILE
TVSMOTOR,HIGH_MARKET_VALUE
TVSMOTOR,LONGTERM
TVSMOTOR,NIFTY200
TVSMOTOR,NIFTY500
TVSMOTOR,LARGECAP_250
TVSMOTOR,MIDCAP_50
TVSMOTOR,MIDCAP_100
TVSMOTOR,MIDCAP_150
TVSMOTOR,MIDSMALLCAP_400
TVSSRICHAK,TYRES
TVSSRICHAK,AUTOMOBILE
TVSSRICHAK,NIFTY500
TVSSRICHAK,MIDSMALLCAP_400
TNPL,PAPER
TNPL,NIFTY500
TNPL,MIDSMALLCAP_400
TATACHEM,CHEMICALS
TATACHEM,HIGH_MARKET_VALUE
TATACHEM,NIFTY200
TATACHEM,NIFTY500
TATACHEM,LARGECAP_250
TATACHEM,MIDCAP_50
TATACHEM,MIDCAP_100
TATACHEM,MIDCAP_150
TATACHEM,MIDSMALLCAP_400
TATACOFFEE,PLANTATIONS - TEA & COFFEE
TATACOFFEE,CONSUMER GOODS
TATACOFFEE,NIFTY500
TATACOFFEE,MIDSMALLCAP_400
TATACOMM,TELECOMMUNICATIONS - SERVICE
TATACOMM,TELECOM
TATACOMM,HIGH_MARKET_VALUE
TCS,COMPUTERS - SOFTWARE
TCS,IT
TCS,HIGH_MARKET_VALUE
TCS,NIFTY100
TCS,NIFTY200
TCS,NIFTY500
TCS,LARGECAP_250
TCS,NIFTY50
TCS,HRITHIK
TATAELXSI,COMPUTERS - SOFTWARE
TATAELXSI,IT
TATAELXSI,SPECIAL
TATAELXSI,LONGTERM
TATAELXSI,CAN-SLIM-2020
TATAELXSI,NIFTY500
TATAELXSI,MIDSMALLCAP_400
TATAELXSI,SMALLCAP_50
TATAELXSI,SMALLCAP_100
TATAGLOBAL,PLANTATIONS - TEA & COFFEE
TATAGLOBAL,CONSUMER GOODS
TATAGLOBAL,HIGH_MARKET_VALUE
TATAGLOBAL,NIFTY200
TATAGLOBAL,NIFTY500
TATAGLOBAL,LARGECAP_250
TATAGLOBAL,MIDCAP_50
TATAGLOBAL,MIDCAP_100
TATAGLOBAL,MIDCAP_150
TATAGLOBAL,MIDSMALLCAP_400
TATAINVEST,FINANCE - INVESTMENTS
TATAINVEST,FINANCIAL SERVICES
TATAINVEST,NIFTY500
TATAINVEST,MIDSMALLCAP_400
TATAMTRDVR,AUTO - LCVS & HCVS
TATAMTRDVR,AUTOMOBILE
TATAMTRDVR,HIGH_MARKET_VALUE
TATAMTRDVR,NIFTY100
TATAMTRDVR,NIFTY200
TATAMTRDVR,NIFTY500
TATAMTRDVR,LARGECAP_250
TATAMOTORS,AUTO - LCVS & HCVS
TATAMOTORS,AUTOMOBILE
TATAMOTORS,HIGH_MARKET_VALUE
TATAMOTORS,NIFTY100
TATAMOTORS,NIFTY200
TATAMOTORS,NIFTY500
TATAMOTORS,LARGECAP_250
TATAMOTORS,NIFTY50
TATAPOWER,POWER - GENERATION & DISTRIBUTION
TATAPOWER,ENERGY
TATAPOWER,HIGH_MARKET_VALUE
TATAPOWER,NIFTY200
TATAPOWER,NIFTY500
TATAPOWER,LARGECAP_250
TATAPOWER,MIDCAP_50
TATAPOWER,MIDCAP_100
TATAPOWER,MIDCAP_150
TATAPOWER,MIDSMALLCAP_400
TATASTEEL,STEEL - LARGE
TATASTEEL,METALS
TATASTEEL,HIGH_MARKET_VALUE
TATASTEEL,NIFTY100
TATASTEEL,NIFTY200
TATASTEEL,NIFTY500
TATASTEEL,LARGECAP_250
TATASTEEL,NIFTY50
TECHM,COMPUTERS - SOFTWARE
TECHM,IT
TECHM,HIGH_MARKET_VALUE
TECHM,NIFTY100
TECHM,NIFTY200
TECHM,NIFTY500
TECHM,LARGECAP_250
TECHM,NIFTY50
TECHNO,ELECTRIC EQUIPMENT
TECHNO,CONSTRUCTION
RAMCOCEM,CEMENT - MAJOR
RAMCOCEM,CEMENT & CEMENT PRODUCTS
RAMCOCEM,HIGH_MARKET_VALUE
RAMCOCEM,NIFTY200
RAMCOCEM,NIFTY500
RAMCOCEM,LARGECAP_250
RAMCOCEM,MIDCAP_50
RAMCOCEM,MIDCAP_100
RAMCOCEM,MIDCAP_150
RAMCOCEM,MIDSMALLCAP_400
THERMAX,INFRASTRUCTURE - GENERAL
THERMAX,INDUSTRIAL MANUFACTURING
THERMAX,HIGH_MARKET_VALUE
THERMAX,NIFTY500
THERMAX,LARGECAP_250
THERMAX,MIDCAP_150
THERMAX,MIDSMALLCAP_400
THOMASCOOK,MISCELLANEOUS
THOMASCOOK,SERVICES
THOMASCOOK,NIFTY500
THOMASCOOK,LARGECAP_250
THOMASCOOK,MIDCAP_150
THOMASCOOK,MIDSMALLCAP_400
TITAN,MISCELLANEOUS
TITAN,CONSUMER GOODS
TITAN,HIGH_MARKET_VALUE
TITAN,LONGTERM
TITAN,NIFTY100
TITAN,NIFTY200
TITAN,NIFTY500
TITAN,LARGECAP_250
TITAN,NIFTY50
TORNTPHARM,PHARMACEUTICALS
TORNTPHARM,PHARMA
TORNTPHARM,HIGH_MARKET_VALUE
TORNTPHARM,NIFTY200
TORNTPHARM,NIFTY500
TORNTPHARM,LARGECAP_250
TORNTPHARM,MIDCAP_50
TORNTPHARM,MIDCAP_100
TORNTPHARM,MIDCAP_150
TORNTPHARM,MIDSMALLCAP_400
TORNTPOWER,POWER - GENERATION & DISTRIBUTION
TORNTPOWER,ENERGY
TORNTPOWER,NIFTY200
TORNTPOWER,NIFTY500
TORNTPOWER,LARGECAP_250
TORNTPOWER,MIDCAP_100
TORNTPOWER,MIDCAP_150
TORNTPOWER,MIDSMALLCAP_400
TRIDENT,TEXTILES - SPINNING - COTTON BLENDED
TRIDENT,TEXTILES
TRIDENT,NIFTY500
TRIDENT,MIDSMALLCAP_400
TRIDENT,SMALLCAP_100
TUBEINVEST,ENGINEERING
UPL,CHEMICALS
UPL,FERTILISERS & PESTICIDES
UPL,HIGH_MARKET_VALUE
UPL,NIFTY100
UPL,NIFTY200
UPL,NIFTY500
UPL,LARGECAP_250
UPL,NIFTY50
ULTRACEMCO,CEMENT - MAJOR
ULTRACEMCO,CEMENT & CEMENT PRODUCTS
ULTRACEMCO,HIGH_MARKET_VALUE
ULTRACEMCO,NIFTY100
ULTRACEMCO,NIFTY200
ULTRACEMCO,NIFTY500
ULTRACEMCO,LARGECAP_250
ULTRACEMCO,NIFTY50
UNIONBANK,BANKS - PUBLIC SECTOR
UNIONBANK,FINANCIAL SERVICES
UNIONBANK,Bank
UNIONBANK,NIFTY200
UNIONBANK,NIFTY500
UNIONBANK,LARGECAP_250
UNIONBANK,MIDCAP_50
UNIONBANK,MIDCAP_100
UNIONBANK,MIDCAP_150
UNIONBANK,MIDSMALLCAP_400
UNITECH,CONSTRUCTION & CONTRACTING - CIVIL
UNITECH,CONSTRUCTION
UNITECH,NIFTY500
UNITECH,MIDSMALLCAP_400
UBL,BREWERIES & DISTILLERIES
UBL,CONSUMER GOODS
UBL,HIGH_MARKET_VALUE
UBL,NIFTY200
UBL,NIFTY500
UBL,LARGECAP_250
UBL,MIDCAP_50
UBL,MIDCAP_100
UBL,MIDCAP_150
UBL,MIDSMALLCAP_400
MCDOWELL-N,BREWERIES & DISTILLERIES
MCDOWELL-N,CONSUMER GOODS
MCDOWELL-N,HIGH_MARKET_VALUE
MCDOWELL-N,NIFTY100
MCDOWELL-N,NIFTY200
MCDOWELL-N,NIFTY500
MCDOWELL-N,LARGECAP_250
MCDOWELL-N,NIFTY_NEXT_50
VGUARD,ELECTRIC EQUIPMENT
VGUARD,INDUSTRIAL MANUFACTURING
VGUARD,NIFTY200
VGUARD,NIFTY500
VGUARD,LARGECAP_250
VGUARD,MIDCAP_100
VGUARD,MIDCAP_150
VGUARD,MIDSMALLCAP_400
VIPIND,PLASTICS
VIPIND,CONSUMER GOODS
VIPIND,LONGTERM
VIPIND,CAN-SLIM-2020
VIPIND,NIFTY500
VIPIND,MIDSMALLCAP_400
VIPIND,SMALLCAP_100
VRLLOG,TRANSPORT & LOGISTICS
VRLLOG,SERVICES
VRLLOG,NIFTY500
VRLLOG,MIDSMALLCAP_400
VRLLOG,SMALLCAP_100
WABAG,INFRASTRUCTURE - GENERAL
WABAG,SERVICES
WABAG,NIFTY500
WABAG,MIDSMALLCAP_400
WABAG,SMALLCAP_100
VAKRANGEE,COMPUTERS - SOFTWARE MEDIUM & SMALL
VAKRANGEE,IT
VAKRANGEE,HIGH_MARKET_VALUE
VAKRANGEE,NIFTY200
VAKRANGEE,NIFTY500
VAKRANGEE,LARGECAP_250
VAKRANGEE,MIDCAP_100
VAKRANGEE,MIDCAP_150
VAKRANGEE,MIDSMALLCAP_400
VTL,TEXTILES - SPINNING - COTTON BLENDED
VTL,TEXTILES
VTL,NIFTY500
VTL,MIDSMALLCAP_400
VEDL,MINING & MINERALS
VEDL,METALS
VEDL,HIGH_MARKET_VALUE
VEDL,NIFTY100
VEDL,NIFTY200
VEDL,NIFTY500
VEDL,LARGECAP_250
VEDL,NIFTY50
VIDEOIND,CONSUMER GOODS - ELECTRONIC
VIDEOIND,CONSUMER GOODS
VIJAYABANK,BANKS - PUBLIC SECTOR
VIJAYABANK,FINANCIAL SERVICES
VIJAYABANK,Bank
VIJAYABANK,NIFTY500
VIJAYABANK,MIDSMALLCAP_400
VIJAYABANK,SMALLCAP_100
VINATIORGA,CHEMICALS
VINATIORGA,NIFTY500
VINATIORGA,MIDSMALLCAP_400
VOLTAS,DIVERSIFIED
VOLTAS,CONSTRUCTION
VOLTAS,HIGH_MARKET_VALUE
VOLTAS,NIFTY200
VOLTAS,NIFTY500
VOLTAS,LARGECAP_250
VOLTAS,MIDCAP_50
VOLTAS,MIDCAP_100
VOLTAS,MIDCAP_150
VOLTAS,MIDSMALLCAP_400
WABCOINDIA,AUTO ANCILLARIES
WABCOINDIA,AUTOMOBILE
WABCOINDIA,HIGH_MARKET_VALUE
WABCOINDIA,NIFTY500
WABCOINDIA,LARGECAP_250
WABCOINDIA,MIDCAP_150
WABCOINDIA,MIDSMALLCAP_400
WELCORP,STEEL - TUBES & PIPES
WELCORP,METALS
WELCORP,NIFTY500
WELCORP,MIDSMALLCAP_400
WELSPUNIND,TEXTILES - WEAVING
WELSPUNIND,TEXTILES
WELSPUNIND,NIFTY500
WELSPUNIND,MIDSMALLCAP_400
WELSPUNIND,SMALLCAP_100
WHIRLPOOL,CONSUMER GOODS - WHITE GOODS
WHIRLPOOL,CONSUMER GOODS
WHIRLPOOL,HIGH_MARKET_VALUE
WHIRLPOOL,LONGTERM
WHIRLPOOL,NIFTY500
WHIRLPOOL,LARGECAP_250
WHIRLPOOL,MIDCAP_150
WHIRLPOOL,MIDSMALLCAP_400
WIPRO,COMPUTERS - SOFTWARE
WIPRO,IT
WIPRO,HIGH_MARKET_VALUE
WIPRO,NIFTY100
WIPRO,NIFTY200
WIPRO,NIFTY500
WIPRO,LARGECAP_250
WIPRO,NIFTY50
WONDERLA,MISCELLANEOUS
YESBANK,BANKS - PRIVATE SECTOR
YESBANK,FINANCIAL SERVICES
YESBANK,Bank
YESBANK,HIGH_MARKET_VALUE
YESBANK,NIFTY100
YESBANK,NIFTY200
YESBANK,NIFTY500
YESBANK,LARGECAP_250
YESBANK,NIFTY50
ZEEL,MEDIA & ENTERTAINMENT
ZEEL,HIGH_MARKET_VALUE
ZEEL,NIFTY100
ZEEL,NIFTY200
ZEEL,NIFTY500
ZEEL,LARGECAP_250
ZEEL,NIFTY50
ZEELEARN,MEDIA & ENTERTAINMENT
ZEELEARN,COMPUTERS - SOFTWARE - TRAINING
ZEELEARN,NIFTY500
ZEELEARN,MIDSMALLCAP_400
ECLERX,COMPUTERS - SOFTWARE MEDIUM & SMALL
ECLERX,IT
ECLERX,NIFTY500
ECLERX,MIDSMALLCAP_400
ARVIND,TEXTILES - DENIM
ARVIND,TEXTILES
ASHOKA,CONSTRUCTION & CONTRACTING - CIVIL
ASHOKA,CONSTRUCTION
ASHOKA,NIFTY500
ASHOKA,MIDSMALLCAP_400
ASHOKA,SMALLCAP_100
BEL,ELECTRICALS
BEL,INDUSTRIAL MANUFACTURING
BEL,HIGH_MARKET_VALUE
BEL,NIFTY100
BEL,NIFTY200
BEL,NIFTY500
BEL,LARGECAP_250
BEL,NIFTY_NEXT_50
CCL,PLANTATIONS - TEA & COFFEE
CCL,CONSUMER GOODS
CCL,NIFTY500
CCL,MIDSMALLCAP_400
CERA,CERAMICS & GRANITE
CERA,CONSTRUCTION
CERA,NIFTY500
CERA,MIDSMALLCAP_400
CHOLAFIN,FINANCE - LEASING & HIRE PURCHASE
CHOLAFIN,FINANCIAL SERVICES
CHOLAFIN,HIGH_MARKET_VALUE
CHOLAFIN,LONGTERM
CHOLAFIN,NIFTY200
CHOLAFIN,NIFTY500
CHOLAFIN,LARGECAP_250
CHOLAFIN,MIDCAP_50
CHOLAFIN,MIDCAP_100
CHOLAFIN,MIDCAP_150
CHOLAFIN,MIDSMALLCAP_400
ESCORTS,AUTO - TRACTORS
ESCORTS,AUTOMOBILE
ESCORTS,NIFTY500
ESCORTS,MIDSMALLCAP_400
ESCORTS,SMALLCAP_50
ESCORTS,SMALLCAP_100
GET&D,POWER - TRANSMISSION & EQUIPMENT
GET&D,INDUSTRIAL MANUFACTURING
GET&D,NIFTY500
GET&D,LARGECAP_250
GET&D,MIDCAP_150
GET&D,MIDSMALLCAP_400
GODREJIND,PERSONAL CARE
GODREJIND,CONSUMER GOODS
GODREJIND,HIGH_MARKET_VALUE
GODREJIND,LONGTERM
GODREJIND,NIFTY200
GODREJIND,NIFTY500
GODREJIND,LARGECAP_250
GODREJIND,MIDCAP_50
GODREJIND,MIDCAP_100
GODREJIND,MIDCAP_150
GODREJIND,MIDSMALLCAP_400
IDBI,BANKS - PUBLIC SECTOR
IDBI,FINANCIAL SERVICES
IDBI,Bank
IDBI,HIGH_MARKET_VALUE
IDBI,NIFTY200
IDBI,NIFTY500
IDBI,LARGECAP_250
IDBI,MIDCAP_50
IDBI,MIDCAP_100
IDBI,MIDCAP_150
IDBI,MIDSMALLCAP_400
J&KBANK,BANKS - PRIVATE SECTOR
J&KBANK,FINANCIAL SERVICES
J&KBANK,Bank
J&KBANK,NIFTY500
J&KBANK,MIDSMALLCAP_400
J&KBANK,SMALLCAP_100
L&TFH,FINANCE - INVESTMENTS
L&TFH,FINANCIAL SERVICES
L&TFH,HIGH_MARKET_VALUE
L&TFH,NIFTY100
L&TFH,NIFTY200
L&TFH,NIFTY500
L&TFH,LARGECAP_250
L&TFH,NIFTY_NEXT_50
M&MFIN,FINANCE - LEASING & HIRE PURCHASE
M&MFIN,FINANCIAL SERVICES
M&MFIN,HIGH_MARKET_VALUE
M&MFIN,NIFTY200
M&MFIN,NIFTY500
M&MFIN,LARGECAP_250
M&MFIN,MIDCAP_50
M&MFIN,MIDCAP_100
M&MFIN,MIDCAP_150
M&MFIN,MIDSMALLCAP_400
M&M,AUTO - CARS & JEEPS
M&M,AUTOMOBILE
M&M,HIGH_MARKET_VALUE
M&M,NIFTY100
M&M,NIFTY200
M&M,NIFTY500
M&M,LARGECAP_250
M&M,NIFTY50
NESTLEIND,FOOD PROCESSING
NESTLEIND,HIGH_MARKET_VALUE
NESTLEIND,LONGTERM
NESTLEIND,CAN-SLIM-2020
DMART,RETAIL
DMART,CONSUMER GOODS
DMART,HIGH_MARKET_VALUE
DMART,LONGTERM
DMART,NIFTY100
DMART,NIFTY200
DMART,NIFTY500
DMART,LARGECAP_250
DMART,NIFTY_NEXT_50
HUDCO,CONSTRUCTION & CONTRACTING - REAL ESTATE
HUDCO,FINANCIAL SERVICES
HUDCO,HIGH_MARKET_VALUE
HUDCO,NIFTY200
HUDCO,NIFTY500
HUDCO,LARGECAP_250
HUDCO,MIDCAP_100
HUDCO,MIDCAP_150
HUDCO,MIDSMALLCAP_400
RUCHIRA,PAPER
VARDHACRLC,TEXTILES - MANMADE
DAAWAT,FOOD PROCESSING
NITINSPIN,TEXTILES - SPINNING - COTTON BLENDED
NITINSPIN,LONGTERM
SUPRAJIT,AUTO ANCILLARIES
SUPRAJIT,AUTOMOBILE
MAHSCOOTER,AUTO - 2 & 3 WHEELERS
DECCANCE,CEMENT - MINI
APLAPOLLO,STEEL - TUBES & PIPES
APLAPOLLO,METALS
APLAPOLLO,NIFTY500
APLAPOLLO,MIDSMALLCAP_400
ABAN,OIL DRILLING AND EXPLORATION
ABAN,ENERGY
ABAN,NIFTY500
ABAN,MIDSMALLCAP_400
ADVENZYMES,PHARMACEUTICALS
ADVENZYMES,CONSUMER GOODS
ADVENZYMES,NIFTY500
ADVENZYMES,MIDSMALLCAP_400
ADVENZYMES,SMALLCAP_100
ALBK,BANKS - PUBLIC SECTOR
ALBK,FINANCIAL SERVICES
ALBK,Bank
ALBK,NIFTY500
ALBK,MIDSMALLCAP_400
ALBK,SMALLCAP_50
ALBK,SMALLCAP_100
ALLCARGO,TRANSPORT & LOGISTICS
ALLCARGO,SERVICES
ALLCARGO,NIFTY500
ALLCARGO,MIDSMALLCAP_400
AMTEKAUTO,AUTO ANCILLARIES
ANANTRAJ,CONSTRUCTION & CONTRACTING - REAL ESTATE
ANDHRABANK,BANKS - PUBLIC SECTOR
ANDHRABANK,FINANCIAL SERVICES
ANDHRABANK,Bank
ANDHRABANK,NIFTY500
ANDHRABANK,MIDSMALLCAP_400
ANDHRABANK,SMALLCAP_50
ANDHRABANK,SMALLCAP_100
ASAHIINDIA,GLASS & GLASS PRODUCTS
ASAHIINDIA,AUTOMOBILE
ASAHIINDIA,NIFTY500
ASAHIINDIA,MIDSMALLCAP_400
ASTRAZEN,PHARMACEUTICALS
ASTRAZEN,PHARMA
ATUL,DYES & PIGMENTS
ATUL,CHEMICALS
ATUL,NIFTY500
ATUL,MIDSMALLCAP_400
ATUL,SMALLCAP_100
BASF,CHEMICALS
BASF,NIFTY500
BASF,MIDSMALLCAP_400
BFUTILITIE,POWER - GENERATION & DISTRIBUTION
BFUTILITIE,CONSTRUCTION
BFUTILITIE,NIFTY500
BFUTILITIE,MIDSMALLCAP_400
BGRENERGY,INFRASTRUCTURE - GENERAL
BGRENERGY,CONSTRUCTION
BGRENERGY,NIFTY500
BGRENERGY,MIDSMALLCAP_400
BALMLAWRIE,DIVERSIFIED
BALMLAWRIE,SERVICES
BALMLAWRIE,NIFTY500
BALMLAWRIE,MIDSMALLCAP_400
BALRAMCHIN,SUGAR
BALRAMCHIN,CONSUMER GOODS
BALRAMCHIN,NIFTY500
BALRAMCHIN,MIDSMALLCAP_400
BALRAMCHIN,SMALLCAP_100
BHUSANSTL,STEEL - CR & HR STRIPS
BHUSANSTL,METALS
BHUSANSTL,NIFTY500
BHUSANSTL,MIDSMALLCAP_400
BLISSGVS,PHARMACEUTICALS
BLISSGVS,PHARMA
BLISSGVS,SPECIAL
BLISSGVS,NIFTY500
BLISSGVS,MIDSMALLCAP_400
BBTC,PLANTATIONS - TEA & COFFEE
BBTC,CONSUMER GOODS
BBTC,LONGTERM
BBTC,NIFTY500
BBTC,MIDSMALLCAP_400
BBTC,SMALLCAP_50
BBTC,SMALLCAP_100
CAPLIPOINT,PHARMACEUTICALS
CAPLIPOINT,PHARMA
CAPLIPOINT,SPECIAL
CAPLIPOINT,LONGTERM
CAPLIPOINT,NIFTY500
CAPLIPOINT,MIDSMALLCAP_400
CARBORUNIV,ABRASIVES
CARBORUNIV,INDUSTRIAL MANUFACTURING
CARBORUNIV,NIFTY500
CARBORUNIV,MIDSMALLCAP_400
CHAMBLFERT,FERTILISERS
CHAMBLFERT,FERTILISERS & PESTICIDES
CHAMBLFERT,NIFTY500
CHAMBLFERT,MIDSMALLCAP_400
CHAMBLFERT,SMALLCAP_50
CHAMBLFERT,SMALLCAP_100
CORPBANK,BANKS - PUBLIC SECTOR
CORPBANK,Bank
CYIENT,COMPUTERS - SOFTWARE
CYIENT,IT
CYIENT,NIFTY500
CYIENT,MIDSMALLCAP_400
CYIENT,SMALLCAP_100
DCMSHRIRAM,DIVERSIFIED
DCMSHRIRAM,CONSUMER GOODS
DCMSHRIRAM,NIFTY500
DCMSHRIRAM,MIDSMALLCAP_400
DEEPAKFERT,CHEMICALS
DEEPAKFERT,FERTILISERS
DEEPAKFERT,NIFTY500
DEEPAKFERT,MIDSMALLCAP_400
DENABANK,BANKS - PUBLIC SECTOR
DENABANK,FINANCIAL SERVICES
DENABANK,Bank
DENABANK,NIFTY500
DENABANK,MIDSMALLCAP_400
DHANUKA,PESTICIDES & AGRO CHEMICALS
DHANUKA,FERTILISERS & PESTICIDES
DREDGECORP,MISCELLANEOUS
DREDGECORP,SERVICES
DREDGECORP,NIFTY500
DREDGECORP,MIDSMALLCAP_400
EIDPARRY,SUGAR
EIDPARRY,FERTILISERS & PESTICIDES
EIDPARRY,NIFTY500
EIDPARRY,MIDSMALLCAP_400
EIDPARRY,SMALLCAP_100
EIHOTEL,HOTELS
EIHOTEL,SERVICES
EIHOTEL,NIFTY500
EIHOTEL,LARGECAP_250
EIHOTEL,MIDCAP_150
EIHOTEL,MIDSMALLCAP_400
ESSELPACK,PACKAGING
ESSELPACK,INDUSTRIAL MANUFACTURING
FDC,PHARMACEUTICALS
FAGBEARING,BEARINGS
FMGOETZE,AUTO ANCILLARIES
FORTIS,HOSPITALS & MEDICAL SERVICES
FORTIS,HEALTHCARE SERVICES
GHCL,CHEMICALS
GHCL,NIFTY500
GHCL,MIDSMALLCAP_400
GAYAPROJ,CONSTRUCTION & CONTRACTING - CIVIL
GAYAPROJ,CONSTRUCTION
GAYAPROJ,LONGTERM
GODFRYPHLP,CIGARETTES
GODFRYPHLP,CONSUMER GOODS
GODFRYPHLP,NIFTY500
GODFRYPHLP,MIDSMALLCAP_400
GODFRYPHLP,SMALLCAP_50
GODFRYPHLP,SMALLCAP_100
GRANULES,PHARMACEUTICALS
GRANULES,PHARMA
GRANULES,NIFTY500
GRANULES,MIDSMALLCAP_400
GRANULES,SMALLCAP_100
GREAVESCOT,ENGINES
GREAVESCOT,INDUSTRIAL MANUFACTURING
GREAVESCOT,NIFTY500
GREAVESCOT,MIDSMALLCAP_400
GUJALKALI,CHEMICALS
GUJALKALI,NIFTY500
GUJALKALI,MIDSMALLCAP_400
GUJALKALI,SMALLCAP_100
GUJFLUORO,CHEMICALS
GUJFLUORO,INDUSTRIAL MANUFACTURING
GUJFLUORO,NIFTY500
GUJFLUORO,LARGECAP_250
GUJFLUORO,MIDCAP_150
GUJFLUORO,MIDSMALLCAP_400
GNFC,CHEMICALS
GNFC,FERTILISERS
GNFC,NIFTY500
GNFC,MIDSMALLCAP_400
GNFC,SMALLCAP_50
GNFC,SMALLCAP_100
HSIL,CERAMICS & GRANITE
HSIL,CONSUMER GOODS
HSIL,NIFTY500
HSIL,MIDSMALLCAP_400
HEIDELBERG,CEMENT - MAJOR
HEIDELBERG,CEMENT & CEMENT PRODUCTS
HEIDELBERG,NIFTY500
HEIDELBERG,MIDSMALLCAP_400
HEXAWARE,COMPUTERS - SOFTWARE
HEXAWARE,IT
HEXAWARE,NIFTY200
HEXAWARE,NIFTY500
HEXAWARE,LARGECAP_250
HEXAWARE,MIDCAP_100
HEXAWARE,MIDCAP_150
HEXAWARE,MIDSMALLCAP_400
HFCL,TELECOMMUNICATIONS - EQUIPMENT
HFCL,TELECOM
HFCL,NIFTY500
HFCL,MIDSMALLCAP_400
HIMATSEIDE,TEXTILES - SYNTHETIC & SILK
HIMATSEIDE,TEXTILES
HIMATSEIDE,NIFTY500
HIMATSEIDE,MIDSMALLCAP_400
HIMATSEIDE,SMALLCAP_100
HCC,CONSTRUCTION & CONTRACTING - CIVIL
HCC,CONSTRUCTION
HCC,NIFTY500
HCC,MIDSMALLCAP_400
HCC,SMALLCAP_100
HDIL,CONSTRUCTION & CONTRACTING - REAL ESTATE
HDIL,CONSTRUCTION
HDIL,NIFTY500
HDIL,MIDSMALLCAP_400
ICRA,MISCELLANEOUS
ICRA,FINANCIAL SERVICES
IFCI,FINANCE - TERM LENDING INSTITUTIONS
IFCI,FINANCIAL SERVICES
IFCI,NIFTY500
IFCI,MIDSMALLCAP_400
IFCI,SMALLCAP_50
IFCI,SMALLCAP_100
IOB,BANKS - PUBLIC SECTOR
IOB,FINANCIAL SERVICES
IOB,Bank
IOB,NIFTY500
IOB,MIDSMALLCAP_400
ICIL,TEXTILES - SPINNING - COTTON BLENDED
ICIL,TEXTILES
ICIL,NIFTY500
ICIL,MIDSMALLCAP_400
INOXWIND,POWER - GENERATION & DISTRIBUTION
INOXWIND,INDUSTRIAL MANUFACTURING
INOXWIND,NIFTY500
INOXWIND,MIDSMALLCAP_400
INOXWIND,SMALLCAP_100
JBCHEPHARM,PHARMACEUTICALS
JBCHEPHARM,PHARMA
JBCHEPHARM,NIFTY500
JBCHEPHARM,MIDSMALLCAP_400
JKIL,CONSTRUCTION & CONTRACTING - CIVIL
JKIL,CONSTRUCTION
JKIL,NIFTY500
JKIL,MIDSMALLCAP_400
JBFIND,TEXTILES - MANMADE
JBFIND,TEXTILES
JMFINANCIL,FINANCE - INVESTMENTS
JMFINANCIL,FINANCIAL SERVICES
JMFINANCIL,NIFTY500
JMFINANCIL,LARGECAP_250
JMFINANCIL,MIDCAP_150
JMFINANCIL,MIDSMALLCAP_400
JSWENERGY,POWER - GENERATION & DISTRIBUTION
JSWENERGY,ENERGY
JSWENERGY,NIFTY200
JSWENERGY,NIFTY500
JSWENERGY,LARGECAP_250
JSWENERGY,MIDCAP_100
JSWENERGY,MIDCAP_150
JSWENERGY,MIDSMALLCAP_400
JAICORPLTD,STEEL - GP & GC SHEETS
JAICORPLTD,INDUSTRIAL MANUFACTURING
JAICORPLTD,NIFTY500
JAICORPLTD,MIDSMALLCAP_400
JISLJALEQS,PLASTICS
JISLJALEQS,INDUSTRIAL MANUFACTURING
JISLJALEQS,NIFTY500
JISLJALEQS,MIDSMALLCAP_400
JISLJALEQS,SMALLCAP_50
JISLJALEQS,SMALLCAP_100
JPASSOCIAT,INFRASTRUCTURE - GENERAL
JPASSOCIAT,CEMENT & CEMENT PRODUCTS
JPASSOCIAT,NIFTY500
JPASSOCIAT,MIDSMALLCAP_400
JPASSOCIAT,SMALLCAP_50
JPASSOCIAT,SMALLCAP_100
JINDALPOLY,PACKAGING
JINDALPOLY,INDUSTRIAL MANUFACTURING
JINDALPOLY,NIFTY500
JINDALPOLY,MIDSMALLCAP_400
JCHAC,CONSUMER GOODS - WHITE GOODS
JCHAC,CONSUMER GOODS
JCHAC,NIFTY500
JCHAC,MIDSMALLCAP_400
JUBILANT,PHARMACEUTICALS
JUBILANT,PHARMA
JUBILANT,HIGH_MARKET_VALUE
JUBILANT,SPECIAL
JUBILANT,NIFTY200
JUBILANT,NIFTY500
JUBILANT,LARGECAP_250
JUBILANT,MIDCAP_100
JUBILANT,MIDCAP_150
JUBILANT,MIDSMALLCAP_400
KPRMILL,TEXTILES - READYMADE APPARELS
KPRMILL,TEXTILES
KPRMILL,NIFTY500
KPRMILL,MIDSMALLCAP_400
KNRCON,CONSTRUCTION & CONTRACTING - CIVIL
KNRCON,CONSTRUCTION
KNRCON,NIFTY500
KNRCON,MIDSMALLCAP_400
KPIT,COMPUTERS - SOFTWARE MEDIUM & SMALL
KPIT,IT
KPIT,NIFTY500
KPIT,MIDSMALLCAP_400
KRBL,FOOD PROCESSING
KRBL,CONSUMER GOODS
KRBL,LONGTERM
KRBL,NIFTY500
KRBL,LARGECAP_250
KRBL,MIDCAP_150
KRBL,MIDSMALLCAP_400
KESORAMIND,DIVERSIFIED
KESORAMIND,CEMENT & CEMENT PRODUCTS
KESORAMIND,NIFTY500
KESORAMIND,MIDSMALLCAP_400
KOLTEPATIL,CONSTRUCTION & CONTRACTING - REAL ESTATE
KOLTEPATIL,CONSTRUCTION
KOLTEPATIL,NIFTY500
KOLTEPATIL,MIDSMALLCAP_400
KWALITY,FOOD PROCESSING
KWALITY,CONSUMER GOODS
KWALITY,NIFTY500
KWALITY,MIDSMALLCAP_400
MMTC,TRADING
MMTC,SERVICES
MMTC,NIFTY500
MMTC,MIDSMALLCAP_400
MMTC,SMALLCAP_50
MMTC,SMALLCAP_100
MOIL,MINING & MINERALS
MOIL,METALS
MOIL,NIFTY500
MOIL,MIDSMALLCAP_400
MOIL,SMALLCAP_50
MOIL,SMALLCAP_100
MAHINDCIE,CASTINGS & FORGINGS
MAHINDCIE,INDUSTRIAL MANUFACTURING
MAHINDCIE,NIFTY500
MAHINDCIE,LARGECAP_250
MAHINDCIE,MIDCAP_150
MAHINDCIE,MIDSMALLCAP_400
MARKSANS,PHARMACEUTICALS
MARKSANS,PHARMA
MARKSANS,NIFTY500
MARKSANS,MIDSMALLCAP_400
MERCK,PHARMACEUTICALS
MERCK,PHARMA
MERCK,NIFTY500
MERCK,MIDSMALLCAP_400
MINDACORP,AUTO ANCILLARIES
MINDACORP,AUTOMOBILE
MINDACORP,NIFTY500
MINDACORP,MIDSMALLCAP_400
NAVINFLUOR,CHEMICALS
NAVINFLUOR,NIFTY500
NAVINFLUOR,MIDSMALLCAP_400
NILKAMAL,PLASTICS
NILKAMAL,INDUSTRIAL MANUFACTURING
NILKAMAL,NIFTY500
NILKAMAL,MIDSMALLCAP_400
NITINFIRE,MISCELLANEOUS
OMAXE,CONSTRUCTION & CONTRACTING - REAL ESTATE
OMAXE,CONSTRUCTION
OMAXE,NIFTY500
OMAXE,MIDSMALLCAP_400
OMAXE,SMALLCAP_100
ORIENTCEM,CEMENT - MAJOR
ORIENTCEM,CEMENT & CEMENT PRODUCTS
ORIENTCEM,NIFTY500
ORIENTCEM,MIDSMALLCAP_400
ORIENTBANK,BANKS - PUBLIC SECTOR
ORIENTBANK,FINANCIAL SERVICES
ORIENTBANK,Bank
ORIENTBANK,NIFTY500
ORIENTBANK,MIDSMALLCAP_400
ORIENTBANK,SMALLCAP_50
ORIENTBANK,SMALLCAP_100
ORISSAMINE,MINING & MINERALS
PNCINFRA,CONSTRUCTION & CONTRACTING - REAL ESTATE
PNCINFRA,CONSTRUCTION
PNCINFRA,NIFTY500
PNCINFRA,MIDSMALLCAP_400
PNCINFRA,SMALLCAP_100
PFS,FINANCE - TERM LENDING INSTITUTIONS
PFS,FINANCIAL SERVICES
PFS,NIFTY500
PFS,MIDSMALLCAP_400
PARAGMILK,FOOD PROCESSING
PARAGMILK,CONSUMER GOODS
PARAGMILK,SPECIAL
PARAGMILK,NIFTY500
PARAGMILK,MIDSMALLCAP_400
PFIZER,PHARMACEUTICALS
PFIZER,PHARMA
PFIZER,NIFTY500
PFIZER,LARGECAP_250
PFIZER,MIDCAP_150
PFIZER,MIDSMALLCAP_400
PRAJIND,ENGINEERING - HEAVY
PRAJIND,INDUSTRIAL MANUFACTURING
PRAJIND,NIFTY500
PRAJIND,MIDSMALLCAP_400
PRISMCEM,CEMENT - MAJOR
PRISMCEM,CEMENT & CEMENT PRODUCTS
PUNJLLOYD,INFRASTRUCTURE - GENERAL
QUESS,ENGINEERING
QUESS,SERVICES
QUESS,HIGH_MARKET_VALUE
QUESS,CAN-SLIM-2020
QUESS,NIFTY200
QUESS,NIFTY500
QUESS,LARGECAP_250
QUESS,MIDCAP_100
QUESS,MIDCAP_150
QUESS,MIDSMALLCAP_400
RADICO,BREWERIES & DISTILLERIES
RADICO,CONSUMER GOODS
RADICO,NIFTY500
RADICO,MIDSMALLCAP_400
RADICO,SMALLCAP_100
RAIN,CEMENT - MAJOR
RAIN,CEMENT & CEMENT PRODUCTS
RAIN,HIGH_MARKET_VALUE
RAJESHEXPO,DIAMOND CUTTING & JEWELLERY & PRECIOUS METALS
RAJESHEXPO,CONSUMER GOODS
RAJESHEXPO,HIGH_MARKET_VALUE
RAJESHEXPO,NIFTY200
RAJESHEXPO,NIFTY500
RAJESHEXPO,LARGECAP_250
RAJESHEXPO,MIDCAP_100
RAJESHEXPO,MIDCAP_150
RAJESHEXPO,MIDSMALLCAP_400
RKFORGE,CASTINGS & FORGINGS
RKFORGE,INDUSTRIAL MANUFACTURING
RKFORGE,NIFTY500
RKFORGE,MIDSMALLCAP_400
RCF,FERTILISERS
RCF,FERTILISERS & PESTICIDES
RCF,NIFTY500
RCF,MIDSMALLCAP_400
RCF,SMALLCAP_50
RCF,SMALLCAP_100
RTNPOWER,POWER - GENERATION & DISTRIBUTION
RTNPOWER,ENERGY
RTNPOWER,NIFTY500
RTNPOWER,MIDSMALLCAP_400
REDINGTON,COMPUTERS - HARDWARE
REDINGTON,SERVICES
REDINGTON,NIFTY500
REDINGTON,MIDSMALLCAP_400
ROLTA,COMPUTERS - SOFTWARE
RUCHISOYA,EDIBLE OILS & SOLVENT EXTRACTION
SHK,CHEMICALS
SHK,CONSUMER GOODS
SHK,NIFTY500
SHK,MIDSMALLCAP_400
SHK,SMALLCAP_100
SJVN,POWER - GENERATION & DISTRIBUTION
SJVN,ENERGY
SJVN,HIGH_MARKET_VALUE
SJVN,NIFTY500
SJVN,LARGECAP_250
SJVN,MIDCAP_150
SJVN,MIDSMALLCAP_400
SMLISUZU,AUTO - LCVS & HCVS
SMLISUZU,AUTOMOBILE
SMLISUZU,NIFTY500
SMLISUZU,MIDSMALLCAP_400
SRF,TEXTILES - MANMADE
SRF,TEXTILES
SRF,NIFTY200
SRF,NIFTY500
SRF,LARGECAP_250
SRF,MIDCAP_50
SRF,MIDCAP_100
SRF,MIDCAP_150
SRF,MIDSMALLCAP_400
SCHNEIDER,POWER - GENERATION & DISTRIBUTION
SCHNEIDER,INDUSTRIAL MANUFACTURING
SHARDACROP,PESTICIDES & AGRO CHEMICALS
SHARDACROP,FERTILISERS & PESTICIDES
SHILPAMED,PHARMACEUTICALS
SHILPAMED,PHARMA
SHILPI,CABLES - TELEPHONE
SCI,SHIPPING
SCI,SERVICES
SCI,NIFTY500
SCI,MIDSMALLCAP_400
SCI,SMALLCAP_50
SCI,SMALLCAP_100
SNOWMAN,TRANSPORT & LOGISTICS
SNOWMAN,SERVICES
SOBHA,CONSTRUCTION & CONTRACTING - REAL ESTATE
SOBHA,CONSTRUCTION
SOBHA,NIFTY500
SOBHA,MIDSMALLCAP_400
SOBHA,SMALLCAP_100
SOMANYCERA,CERAMICS & GRANITE
SOMANYCERA,CONSTRUCTION
SONATSOFTW,COMPUTERS - SOFTWARE MEDIUM & SMALL
SONATSOFTW,IT
SONATSOFTW,NIFTY500
SONATSOFTW,MIDSMALLCAP_400
STCINDIA,TRADING
SUDARSCHEM,DYES & PIGMENTS
SUDARSCHEM,CHEMICALS
SUDARSCHEM,LONGTERM
SUDARSCHEM,NIFTY500
SUDARSCHEM,MIDSMALLCAP_400
SUNTECK,CONSTRUCTION & CONTRACTING - REAL ESTATE
SUNTECK,CONSTRUCTION
SUNTECK,NIFTY500
SUNTECK,MIDSMALLCAP_400
SUVEN,PHARMACEUTICALS
SUVEN,PHARMA
SUVEN,NIFTY500
SUVEN,MIDSMALLCAP_400
SUZLON,POWER - GENERATION & DISTRIBUTION
SUZLON,INDUSTRIAL MANUFACTURING
SUZLON,NIFTY200
SUZLON,NIFTY500
SUZLON,LARGECAP_250
SUZLON,MIDCAP_100
SUZLON,MIDCAP_150
SUZLON,MIDSMALLCAP_400
SWANENERGY,TRADING
SWANENERGY,TEXTILES
SWANENERGY,NIFTY500
SWANENERGY,MIDSMALLCAP_400
SWANENERGY,SMALLCAP_100
SYNDIBANK,BANKS - PUBLIC SECTOR
SYNDIBANK,FINANCIAL SERVICES
SYNDIBANK,Bank
SYNDIBANK,NIFTY500
SYNDIBANK,MIDSMALLCAP_400
SYNDIBANK,SMALLCAP_50
SYNDIBANK,SMALLCAP_100
TTKPRESTIG,DOMESTIC APPLIANCES
TTKPRESTIG,CONSUMER GOODS
TTKPRESTIG,NIFTY500
TTKPRESTIG,LARGECAP_250
TTKPRESTIG,MIDCAP_150
TTKPRESTIG,MIDSMALLCAP_400
TAKE,COMPUTERS - SOFTWARE MEDIUM & SMALL
TAKE,IT
TAKE,NIFTY500
TAKE,MIDSMALLCAP_400
TATASPONGE,STEEL - SPONGE IRON
TATASPONGE,METALS
TATASPONGE,NIFTY500
TATASPONGE,MIDSMALLCAP_400
TEXRAIL,INFRASTRUCTURE - GENERAL
TEXRAIL,INDUSTRIAL MANUFACTURING
TEXRAIL,NIFTY500
TEXRAIL,MIDSMALLCAP_400
THYROCARE,HOSPITALS & MEDICAL SERVICES
THYROCARE,HEALTHCARE SERVICES
THYROCARE,NIFTY500
THYROCARE,MIDSMALLCAP_400
TIDEWATER,LUBRICANTS
TIMKEN,BEARINGS
TIMKEN,INDUSTRIAL MANUFACTURING
TIMKEN,NIFTY500
TIMKEN,MIDSMALLCAP_400
TIMKEN,SMALLCAP_100
TRENT,RETAIL
TRENT,CONSUMER GOODS
TRENT,NIFTY500
TRENT,LARGECAP_250
TRENT,MIDCAP_150
TRENT,MIDSMALLCAP_400
TRITURBINE,ELECTRIC EQUIPMENT
UCOBANK,BANKS - PUBLIC SECTOR
UCOBANK,FINANCIAL SERVICES
UCOBANK,Bank
UCOBANK,NIFTY500
UCOBANK,MIDSMALLCAP_400
UCOBANK,SMALLCAP_100
UFLEX,PACKAGING
UFLEX,INDUSTRIAL MANUFACTURING
UFLEX,NIFTY500
UFLEX,MIDSMALLCAP_400
UJJIVAN,FINANCE - GENERAL
UJJIVAN,FINANCIAL SERVICES
UJJIVAN,NIFTY500
UJJIVAN,MIDSMALLCAP_400
UJJIVAN,SMALLCAP_50
UJJIVAN,SMALLCAP_100
UNICHEMLAB,PHARMACEUTICALS
UNICHEMLAB,PHARMA
UNICHEMLAB,NIFTY500
UNICHEMLAB,MIDSMALLCAP_400
VSTIND,CIGARETTES
WOCKPHARMA,PHARMACEUTICALS
WOCKPHARMA,PHARMA
WOCKPHARMA,NIFTY200
WOCKPHARMA,NIFTY500
WOCKPHARMA,LARGECAP_250
WOCKPHARMA,MIDCAP_100
WOCKPHARMA,MIDCAP_150
WOCKPHARMA,MIDSMALLCAP_400
ZENSARTECH,COMPUTERS - SOFTWARE
ZENSARTECH,IT
ZYDUSWELL,VANASPATI & OILS
COX&KINGS,MISCELLANEOUS
COX&KINGS,SERVICES
GATI,COURIERS
GATI,SERVICES
GATI,NIFTY500
GATI,MIDSMALLCAP_400
IL&FSTRANS,INFRASTRUCTURE - GENERAL
IL&FSTRANS,CONSTRUCTION
IL&FSTRANS,NIFTY500
IL&FSTRANS,MIDSMALLCAP_400
FLFL,RETAIL
FLFL,CONSUMER GOODS
FLFL,LONGTERM
FLFL,NIFTY500
FLFL,MIDSMALLCAP_400
FLFL,SMALLCAP_100
SHOPERSTOP,RETAIL
SHOPERSTOP,CONSUMER GOODS
SHOPERSTOP,NIFTY500
SHOPERSTOP,MIDSMALLCAP_400
FEL,RETAIL
VMART,RETAIL
VMART,LONGTERM
KKCL,RETAIL
V2RETAIL,RETAIL
TMRVL,RETAIL
CANTABIL,RETAIL
PROVOGE,RETAIL
LML,AUTO - 2 & 3 WHEELERS
SETCO,AUTO ANCILLARIES
RML,AUTO ANCILLARIES
SUNDRMBRAK,AUTO ANCILLARIES
SHARDAMOTR,AUTO ANCILLARIES
PAEL,AUTO ANCILLARIES
HITECHGEAR,AUTO ANCILLARIES
PPAP,AUTO ANCILLARIES
JAMNAAUTO,AUTO ANCILLARIES
VSTTILLERS,AUTO - TRACTORS
PTL,TYRES
LUMAXIND,AUTO ANCILLARIES
LUMAXIND,SPECIAL
AUTOIND,AUTO ANCILLARIES
SHIVAMAUTO,AUTO ANCILLARIES
HINDMOTORS,AUTO - CARS & JEEPS
SONASTEER,AUTO ANCILLARIES
GABRIEL,AUTO ANCILLARIES
HINDCOMPOS,AUTO ANCILLARIES
JAYBARMARU,AUTO ANCILLARIES
AUTOLITIND,AUTO ANCILLARIES
BHARATGEAR,AUTO ANCILLARIES
UCALFUEL,AUTO ANCILLARIES
LUMAXTECH,AUTO ANCILLARIES
JBMA,AUTO ANCILLARIES
JMA,AUTO ANCILLARIES
SUNCLAYLTD,AUTO ANCILLARIES
INDNIPPON,AUTO ANCILLARIES
WHEELS,AUTO ANCILLARIES
FIEMIND,AUTO ANCILLARIES
PRICOLLTD,AUTO ANCILLARIES
RICOAUTO,AUTO ANCILLARIES
SSWL,AUTO ANCILLARIES
MUNJALAU,AUTO ANCILLARIES
PRECAM,AUTO ANCILLARIES
BANCOINDIA,AUTO ANCILLARIES
RBL,AUTO ANCILLARIES
OMAXAUTO,AUTO ANCILLARIES
SHRIPISTON,AUTO ANCILLARIES
ATULAUTO,AUTO - 2 & 3 WHEELERS
MUNJALSHOW,AUTO ANCILLARIES
HARITASEAT,AUTO ANCILLARIES
HMT,AUTO - TRACTORS
AUTOAXLES,AUTO ANCILLARIES
SUBROS,AUTO ANCILLARIES
ANGIND,AUTO ANCILLARIES
TALBROAUTO,AUTO ANCILLARIES
RANEHOLDIN,AUTO ANCILLARIES
ELGIRUBCO,TYRES
RANEENGINE,AUTO ANCILLARIES
CASTEXTECH,AUTO ANCILLARIES
ASAL,AUTO ANCILLARIES
REMSONSIND,AUTO ANCILLARIES
MOTOGENFIN,FINANCE - LEASING & HIRE PURCHASE
WELINV,FINANCE - INVESTMENTS
BLBLIMITED,FINANCE - INVESTMENTS
TFL,FINANCE - GENERAL
INDOTHAI,FINANCE - GENERAL
INDOTHAI,SPECIAL
PRIMESECU,FINANCE - INVESTMENTS
HEXATRADEX,FINANCE - INVESTMENTS
IITL,FINANCE - INVESTMENTS
NAGREEKCAP,FINANCE - INVESTMENTS
OPTIEMUS,FINANCE - LEASING & HIRE PURCHASE
TCIFINANCE,FINANCE - INVESTMENTS
URJA,TRADING
MASKINVEST,FINANCE - GENERAL
KHANDSE,FINANCE - GENERAL
ALANKIT,FINANCE - GENERAL
VIVIDHA,TEXTILES - READYMADE APPARELS
FORTUNEFIN,FINANCE - GENERAL
EMKAY,FINANCE - GENERAL
NSIL,FINANCE - GENERAL
SUMMITSEC,FINANCE - INVESTMENTS
INVENTURE,FINANCE - INVESTMENTS
RELCNX100,FINANCE - INVESTMENTS
KANANIIND,DIAMOND CUTTING & JEWELLERY & PRECIOUS METALS
M100,FINANCE - INVESTMENTS
RELCONS,FINANCE - GENERAL
AUBANK,FINANCE - GENERAL
AUBANK,FINANCIAL SERVICES
AUBANK,HIGH_MARKET_VALUE
AUBANK,NIFTY200
AUBANK,NIFTY500
AUBANK,LARGECAP_250
AUBANK,MIDCAP_100
AUBANK,MIDCAP_150
AUBANK,MIDSMALLCAP_400
NAHARCAP,FINANCE - INVESTMENTS
INDBANK,FINANCE - GENERAL
TFCILTD,FINANCE - TERM LENDING INSTITUTIONS
TFCILTD,SPECIAL
RELDIVOPP,FINANCE - GENERAL
GEOJITFSL,FINANCE - GENERAL
GEOJITFSL,SPECIAL
ARMANFIN,FINANCE - LEASING & HIRE PURCHASE
STAN,BANKS - PRIVATE SECTOR
STAN,Bank
CONSOFINVT,FINANCE - GENERAL
CPSEETF,FINANCE - INVESTMENTS
VIJIFIN,FINANCE - GENERAL
JSWHL,FINANCE - INVESTMENTS
CGCL,FINANCE - GENERAL
DHUNINV,FINANCE - GENERAL
JPOLYINVST,FINANCE - GENERAL
GICHSGFIN,FINANCE - HOUSING
KICL,FINANCE - INVESTMENTS
NIF100IWIN,FINANCE - INVESTMENTS
KOTAKNIFTY,FINANCE - INVESTMENTS
BIRLAMONEY,FINANCE - GENERAL
NBIFIN,FINANCE - GENERAL
N100,FINANCE - INVESTMENTS
SIGNET,FINANCE - INVESTMENTS
VLSFINANCE,FINANCE - LEASING & HIRE PURCHASE
BFINVEST,FINANCE - INVESTMENTS
EQ30,FINANCE - INVESTMENTS
BSLNIFTY,FINANCE - INVESTMENTS
RRSLGETF,FINANCE - INVESTMENTS
LFIC,FINANCE - GENERAL
CREST,FINANCE - HOUSING
INFRABEES,FINANCE - INVESTMENTS
PNBHOUSING,FINANCE - HOUSING
PNBHOUSING,FINANCIAL SERVICES
PNBHOUSING,HIGH_MARKET_VALUE
PNBHOUSING,NIFTY200
PNBHOUSING,NIFTY500
PNBHOUSING,LARGECAP_250
PNBHOUSING,MIDCAP_100
PNBHOUSING,MIDCAP_150
PNBHOUSING,MIDSMALLCAP_400
PNBGILTS,FINANCE - INVESTMENTS
MCDHOLDING,FINANCE - INVESTMENTS
MAHABANK,BANKS - PUBLIC SECTOR
MAHABANK,Bank
UNITEDBNK,BANKS - PUBLIC SECTOR
UNITEDBNK,Bank
IBVENTURES,FINANCE - INVESTMENTS
IBVENTURES,FINANCIAL SERVICES
IBVENTURES,LONGTERM
BYKE,HOTELS
DHANBANK,BANKS - PRIVATE SECTOR
DHANBANK,Bank
CRMFGETF,FINANCE - INVESTMENTS
PSB,BANKS - PUBLIC SECTOR
PSB,Bank
CAPTRUST,FINANCE - LEASING & HIRE PURCHASE
MASFIN,FINANCE - GENERAL
MASFIN,FINANCIAL SERVICES
MASFIN,NIFTY500
MASFIN,MIDSMALLCAP_400
CDSL,FINANCE - INVESTMENTS
CDSL,FINANCIAL SERVICES
CDSL,NIFTY500
CDSL,MIDSMALLCAP_400
ONELIFECAP,FINANCE - INVESTMENTS
WEIZFOREX,FINANCE - INVESTMENTS
WEIZFOREX,SPECIAL
MUTHOOTCAP,FINANCE - INVESTMENTS
PILANIINVS,FINANCE - GENERAL
STAMPEDE,FINANCE - INVESTMENTS
SASTASUNDR,FINANCE - GENERAL
GANGESSECU,FINANCE - GENERAL
SEINV,FINANCE - INVESTMENTS
IVC,FINANCE - INVESTMENTS
RHFL,FINANCE - HOUSING
RHFL,FINANCIAL SERVICES
RHFL,NIFTY500
RHFL,MIDSMALLCAP_400
M50,FINANCE - INVESTMENTS
STEL,FINANCE - INVESTMENTS
HBSTOCK,FINANCE - LEASING & HIRE PURCHASE
ARIHANTSUP,CONSTRUCTION & CONTRACTING - REAL ESTATE
WILLAMAGOR,FINANCE - INVESTMENTS
PALASHSECU,FINANCE - GENERAL
HNGSNGBEES,FINANCE - INVESTMENTS
ALMONDZ,FINANCE - INVESTMENTS
TIMESGTY,FINANCE - LEASING & HIRE PURCHASE
KEYCORPSER,FINANCE - GENERAL
GLFL,FINANCE - LEASING & HIRE PURCHASE
TANTIACONS,CONSTRUCTION & CONTRACTING - CIVIL
TARMAT,CONSTRUCTION & CONTRACTING - CIVIL
EUROCERA,CERAMICS & GRANITE
SANGHIIND,CEMENT - PRODUCTS & BUILDING MATERIALS
IVRCLINFRA,CONSTRUCTION & CONTRACTING - CIVIL
REGENCERAM,CERAMICS & GRANITE
PUSHPREALM,CONSTRUCTION & CONTRACTING - CIVIL
BURNPUR,CEMENT - MAJOR
ASIANTILES,CERAMICS & GRANITE
MANINFRA,CONSTRUCTION & CONTRACTING - CIVIL
PERFECT,CONSTRUCTION & CONTRACTING - CIVIL
RAMCOIND,CEMENT - PRODUCTS & BUILDING MATERIALS
PBAINFRA,CONSTRUCTION & CONTRACTING - CIVIL
CANDC,CONSTRUCTION & CONTRACTING - CIVIL
PSPPROJECT,CONSTRUCTION & CONTRACTING - CIVIL
ORIENTBELL,CERAMICS & GRANITE
ARSSINFRA,CONSTRUCTION & CONTRACTING - CIVIL
VISAKAIND,CEMENT - PRODUCTS & BUILDING MATERIALS
GSCLCEMENT,CEMENT - MAJOR
MANAV,CONSTRUCTION & CONTRACTING - CIVIL
BVCL,CEMENT - MAJOR
GPTINFRA,CONSTRUCTION & CONTRACTING - CIVIL
HIL,CEMENT - PRODUCTS & BUILDING MATERIALS
NOIDATOLL,CONSTRUCTION & CONTRACTING - CIVIL
MUKANDENGG,CONSTRUCTION & CONTRACTING - CIVIL
MURUDCERA,CERAMICS & GRANITE
PRATIBHA,CONSTRUCTION & CONTRACTING - CIVIL
NCLIND,CEMENT - MINI
OCL,CEMENT - MAJOR
ORIENTALTL,CERAMICS & GRANITE
MAHLIFE,CONSTRUCTION & CONTRACTING - CIVIL
MADHAV,CERAMICS & GRANITE
INDIANHUME,CEMENT - PRODUCTS & BUILDING MATERIALS
PATELENG,CONSTRUCTION & CONTRACTING - CIVIL
BIGBLOC,CONSTRUCTION & CONTRACTING - CIVIL
IL&FSENGG,CONSTRUCTION & CONTRACTING - CIVIL
JMCPROJECT,CONSTRUCTION & CONTRACTING - CIVIL
GAMMONIND,CONSTRUCTION & CONTRACTING - CIVIL
GAMMNINFRA,CONSTRUCTION & CONTRACTING - CIVIL
MANGLMCEM,CEMENT - MAJOR
KCP,CEMENT - MAJOR
CAPACITE,CONSTRUCTION & CONTRACTING - CIVIL
RPPINFRA,CONSTRUCTION & CONTRACTING - CIVIL
SPMLINFRA,CONSTRUCTION & CONTRACTING - CIVIL
POKARNA,CERAMICS & GRANITE
APCL,CEMENT - MINI
ORIENTREF,CEMENT - PRODUCTS & BUILDING MATERIALS
SAGCEM,CEMENT - MINI
ANDHRACEMT,CEMENT - MAJOR
MADHUCON,CONSTRUCTION & CONTRACTING - CIVIL
AROGRANITE,CERAMICS & GRANITE
SIMPLEX,CONSTRUCTION & CONTRACTING - CIVIL
EVERESTIND,CEMENT - PRODUCTS & BUILDING MATERIALS
KAKATCEM,CEMENT - MINI
SUPREMEINF,CONSTRUCTION & CONTRACTING - CIVIL
UNITY,CONSTRUCTION & CONTRACTING - CIVIL
IRBINVIT,CONSTRUCTION & CONTRACTING - CIVIL
WELENT,CONSTRUCTION & CONTRACTING - CIVIL
WELENT,LONGTERM
VESUVIUS,CEMENT - PRODUCTS & BUILDING MATERIALS
VESUVIUS,INDUSTRIAL MANUFACTURING
SIMPLEXINF,CONSTRUCTION & CONTRACTING - CIVIL
BLKASHYAP,CONSTRUCTION & CONTRACTING - CIVIL
MBLINFRA,CONSTRUCTION & CONTRACTING - CIVIL
NITCO,CERAMICS & GRANITE
NITCO,LONGTERM
RAMKY,CONSTRUCTION & CONTRACTING - CIVIL
RAMKY,SPECIAL
CCCL,CONSTRUCTION & CONTRACTING - CIVIL
PRAKASHCON,CONSTRUCTION & CONTRACTING - CIVIL
CHROMATIC,DYES & PIGMENTS
TIRUMALCHM,CHEMICALS
IGPL,CHEMICALS
VINYLINDIA,CHEMICALS
FACT,FERTILISERS
BEPL,PETROCHEMICALS
BEPL,SPECIAL
BEPL,LONGTERM
DCW,PETROCHEMICALS
GOKULAGRO,EDIBLE OILS & SOLVENT EXTRACTION
GOCLCORP,CHEMICALS
NFL,FERTILISERS
NFL,FERTILISERS & PESTICIDES
NFL,NIFTY500
NFL,MIDSMALLCAP_400
NFL,SMALLCAP_100
OMKARCHEM,CHEMICALS
GULFPETRO,LUBRICANTS
INSECTICID,PESTICIDES & AGRO CHEMICALS
KANORICHEM,CHEMICALS
FCL,CHEMICALS
EXCELINDUS,CHEMICALS
EXCELINDUS,LONGTERM
PREMEXPLN,CHEMICALS
KIRIINDUS,DYES & PIGMENTS
SPIC,FERTILISERS
BALAMINES,CHEMICALS
FAIRCHEM,CHEMICALS
ZUARI,FERTILISERS
VISHNU,CHEMICALS
SIL,CHEMICALS
NACLIND,PESTICIDES & AGRO CHEMICALS
DYNPRO,DYES & PIGMENTS
JENSONICOL,PAINTS & VARNISHES
ALKALI,CHEMICALS
PHILIPCARB,CHEMICALS
BODALCHEM,DYES & PIGMENTS
LINDEINDIA,CHEMICALS
NOCIL,PETROCHEMICALS
INEOSSTYRO,PETROCHEMICALS
VIKASECO,CHEMICALS
IFBAGRO,BREWERIES & DISTILLERIES
SHREEPUSHK,CHEMICALS
FOSECOIND,CHEMICALS
MANALIPETC,PETROCHEMICALS
CLNINDIA,DYES & PIGMENTS
BAYERCROP,PESTICIDES & AGRO CHEMICALS
MANGCHEFER,FERTILISERS
MEGH,PESTICIDES & AGRO CHEMICALS
ZUARIGLOB,FERTILISERS
AGRITECH,FERTILISERS
SUPPETRO,CHEMICALS
SUPPETRO,PETROCHEMICALS
EXCELCROP,PESTICIDES & AGRO CHEMICALS
DEEPAKNTR,CHEMICALS
BHARATRAS,PESTICIDES & AGRO CHEMICALS
GULPOLY,CHEMICALS
HSCL,CHEMICALS
HSCL,NIFTY500
HSCL,MIDSMALLCAP_400
HSCL,SMALLCAP_100
NAGAFERT,FERTILISERS
ALKYLAMINE,CHEMICALS
CAMLINFINE,CHEMICALS
PUNJABCHEM,CHEMICALS
GEECEE,CHEMICALS
REFEX,CHEMICALS
PANAMAPET,CHEMICALS
BINDALAGRO,FERTILISERS
ASAHISONG,DYES & PIGMENTS
GOACARBON,PETROCHEMICALS
SRHHYPOLTD,CHEMICALS
BHAGERIA,DYES & PIGMENTS
SOTL,PETROCHEMICALS
AKSHARCHEM,DYES & PIGMENTS
INDIAGLYCO,CHEMICALS
TNPETRO,DETERGENTS
TNPETRO,SPECIAL
TNPETRO,LONGTERM
JAYAGROGN,CHEMICALS
SHALPAINTS,PAINTS & VARNISHES
VSCL,CHEMICALS
PODDARMENT,DYES & PIGMENTS
OCCL,CHEMICALS
MADRASFERT,FERTILISERS
VIDHIING,DYES & PIGMENTS
PRAKASH,DIVERSIFIED
PRAKASH,SPECIAL
ICICIGI,DIVERSIFIED
ICICIGI,FINANCIAL SERVICES
ICICIGI,HIGH_MARKET_VALUE
ICICIGI,NIFTY200
ICICIGI,NIFTY500
ICICIGI,LARGECAP_250
ICICIGI,MIDCAP_100
ICICIGI,MIDCAP_150
ICICIGI,MIDSMALLCAP_400
ORIENTPPR,DIVERSIFIED
RMDRIP,DIVERSIFIED
SBILIFE,DIVERSIFIED
SBILIFE,FINANCIAL SERVICES
SBILIFE,HIGH_MARKET_VALUE
SBILIFE,NIFTY100
SBILIFE,NIFTY200
SBILIFE,NIFTY500
SBILIFE,LARGECAP_250
SBILIFE,NIFTY_NEXT_50
RELIABLE,DIVERSIFIED
IEX,DIVERSIFIED
IEX,FINANCIAL SERVICES
IEX,NIFTY500
IEX,MIDSMALLCAP_400
TIRUPATI,DIVERSIFIED
MAHLOG,DIVERSIFIED
JASH,DIVERSIFIED
NESCO,DIVERSIFIED
NESCO,SERVICES
NESCO,NIFTY500
NESCO,MIDSMALLCAP_400
FORGE,DIVERSIFIED
GICRE,DIVERSIFIED
GICRE,FINANCIAL SERVICES
GICRE,HIGH_MARKET_VALUE
GICRE,NIFTY100
GICRE,NIFTY200
GICRE,NIFTY500
GICRE,LARGECAP_250
GICRE,NIFTY_NEXT_50
MBAPL,DIVERSIFIED
SECURCRED,DIVERSIFIED
CIMMCO,DIVERSIFIED
KOKUYOCMLN,DIVERSIFIED
SINTEX,DIVERSIFIED
VALUEIND,CONSUMER GOODS - WHITE GOODS
LEEL,CONSUMER GOODS - WHITE GOODS
FEDDERELEC,CONSUMER GOODS - WHITE GOODS
BUTTERFLY,DOMESTIC APPLIANCES
IFBIND,CONSUMER GOODS - WHITE GOODS
IFBIND,CONSUMER GOODS
IFBIND,LONGTERM
IFBIND,NIFTY500
IFBIND,MIDSMALLCAP_400
SUJANAUNI,DOMESTIC APPLIANCES
MIRCELECTR,CONSUMER GOODS - ELECTRONIC
BPL,CONSUMER GOODS - ELECTRONIC
SUPERHOUSE,LEATHER PRODUCTS
JHS,PERSONAL CARE
KHADIM,LEATHER PRODUCTS
SRIRAM,CONSUMER GOODS - ELECTRONIC
DPWIRES,CONSUMER GOODS - ELECTRONIC
MIRZAINT,LEATHER PRODUCTS
MIRZAINT,LONGTERM
PGEL,CONSUMER GOODS - ELECTRONIC
LIBERTSHOE,LEATHER PRODUCTS
NIPPOBATRY,DRY CELLS
SREEL,LEATHER PRODUCTS
BIL,LEATHER PRODUCTS
SALORAINTL,CONSUMER GOODS - ELECTRONIC
JINDALPHOT,CONSUMER GOODS - ELECTRONIC
WSI,ELECTRIC EQUIPMENT
SHRIRAMEPC,ENGINEERING - HEAVY
CEBBCO,ENGINEERING
MANAKCOAT,STEEL - MEDIUM & SMALL
SADBHIN,INFRASTRUCTURE - GENERAL
SADBHIN,CONSTRUCTION
SADBHIN,NIFTY500
SADBHIN,MIDSMALLCAP_400
DIAPOWER,CABLES - POWER & OTHERS
HEG,ELECTRODES & GRAPHITE
HEG,INDUSTRIAL MANUFACTURING
HEG,HIGH_MARKET_VALUE
HEG,SPECIAL
HEG,LONGTERM
HEG,NIFTY500
HEG,MIDSMALLCAP_400
HEG,SMALLCAP_50
HEG,SMALLCAP_100
PREMIER,ENGINEERING
GRAPHITE,ELECTRODES & GRAPHITE
GRAPHITE,INDUSTRIAL MANUFACTURING
GRAPHITE,HIGH_MARKET_VALUE
GRAPHITE,SPECIAL
GRAPHITE,LONGTERM
GRAPHITE,NIFTY500
GRAPHITE,MIDSMALLCAP_400
GRAPHITE,SMALLCAP_50
GRAPHITE,SMALLCAP_100
JPINFRATEC,INFRASTRUCTURE - GENERAL
KEI,CABLES - POWER & OTHERS
KEI,CAN-SLIM-2020
AISL,ENGINEERING
MANUGRAPH,ENGINEERING
SALZERELEC,ELECTRIC EQUIPMENT
TIL,ENGINEERING
ESABINDIA,ELECTRODES & GRAPHITE
ORIENTABRA,ABRASIVES
VETO,ELECTRIC EQUIPMENT
SHANTIGEAR,AUTO ANCILLARIES
EON,ELECTRIC EQUIPMENT
TECHNOFAB,ENGINEERING
UJAAS,POWER - TRANSMISSION & EQUIPMENT
JYOTISTRUC,POWER - TRANSMISSION & EQUIPMENT
VOLTAMP,POWER - TRANSMISSION & EQUIPMENT
ELECON,ENGINEERING - HEAVY
PETRONENGG,ENGINEERING
MEP,INFRASTRUCTURE - GENERAL
KSBPUMPS,PUMPS
SALASAR,ENGINEERING
LGBBROSLTD,AUTO ANCILLARIES
INDLMETER,ELECTRIC EQUIPMENT
HONDAPOWER,ELECTRIC EQUIPMENT
POWERMECH,INFRASTRUCTURE - GENERAL
EMCO,ELECTRIC EQUIPMENT
KIRLOSENG,ENGINES
BRNL,INFRASTRUCTURE - GENERAL
BBL,ELECTRIC EQUIPMENT
MAZDA,ENGINEERING
WENDT,ABRASIVES
GUJAPOLLO,ENGINEERING - HEAVY
CORDSCABLE,CABLES - POWER & OTHERS
ELGIEQUIP,COMPRESSORS
OMMETALS,ENGINEERING
MENONBE,BEARINGS
HBLPOWER,ELECTRIC EQUIPMENT
SWELECTES,ELECTRIC EQUIPMENT
ADORWELD,ELECTRODES & GRAPHITE
KECL,ELECTRIC EQUIPMENT
DYNAMATECH,PUMPS
TRIL,POWER - TRANSMISSION & EQUIPMENT
BSLIMITED,POWER - TRANSMISSION & EQUIPMENT
NITIRAJ,ENGINEERING
NRBBEARING,BEARINGS
SUNILHITEC,POWER - TRANSMISSION & EQUIPMENT
TARAPUR,POWER - TRANSMISSION & EQUIPMENT
DENORA,ELECTRIC EQUIPMENT
SANGHVIMOV,ENGINEERING - HEAVY
HPL,ELECTRIC EQUIPMENT
NIBL,BEARINGS
TEXINFRA,INFRASTRUCTURE - GENERAL
SWARAJENG,ENGINES
INGERRAND,COMPRESSORS
INGERRAND,INDUSTRIAL MANUFACTURING
REVATHI,COMPRESSORS
EIMCOELECO,ENGINEERING - HEAVY
LOKESHMACH,MACHINE TOOLS
WINDMACHIN,ENGINEERING - HEAVY
WALCHANNAG,ENGINEERING - HEAVY
SCHAEFFLER,BEARINGS
SCHAEFFLER,INDUSTRIAL MANUFACTURING
SCHAEFFLER,NIFTY500
SCHAEFFLER,LARGECAP_250
SCHAEFFLER,MIDCAP_150
SCHAEFFLER,MIDSMALLCAP_400
INDIANCARD,TEXTILES - MACHINERY
HERCULES,ENGINEERING
KIRLOSBROS,PUMPS
SHAKTIPUMP,PUMPS
TWL,INFRASTRUCTURE - GENERAL
INDOTECH,POWER - TRANSMISSION & EQUIPMENT
EASUNREYRL,ELECTRIC EQUIPMENT
KIRLOSIND,ENGINES
MBECL,ENGINEERING
ACE,ENGINEERING - HEAVY
UNIVCABLES,CABLES - POWER & OTHERS
A2ZINFRA,POWER - TRANSMISSION & EQUIPMENT
ELECTHERM,ENGINEERING
TDPOWERSYS,ENGINEERING - HEAVY
HINDDORROL,ENGINEERING
KABRAEXTRU,ENGINEERING - HEAVY
SKIL,INFRASTRUCTURE - GENERAL
PITTILAM,ENGINEERING
TRANSWIND,INFRASTRUCTURE - GENERAL
NTL,POWER - TRANSMISSION & EQUIPMENT
TRF,ENGINEERING - HEAVY
BHARATWIRE,STEEL - MEDIUM & SMALL
LITL,INFRASTRUCTURE - GENERAL
UGARSUGAR,SUGAR
KOTARISUG,SUGAR
UMANGDAIRY,FOOD PROCESSING
USHERAGRO,FOOD PROCESSING
SITASHREE,FOOD PROCESSING
HERITGFOOD,FOOD PROCESSING
HERITGFOOD,CONSUMER GOODS
HERITGFOOD,NIFTY500
HERITGFOOD,MIDSMALLCAP_400
SKMEGGPROD,FOOD PROCESSING
UTTAMSUGAR,SUGAR
GROBTEA,PLANTATIONS - TEA & COFFEE
PRABHAT,FOOD PROCESSING
JAYSREETEA,PLANTATIONS - TEA & COFFEE
MAGADSUGAR,SUGAR
PKTEA,PLANTATIONS - TEA & COFFEE
PONNIERODE,SUGAR
EDL,BREWERIES & DISTILLERIES
RAJSREESUG,SUGAR
JVLAGRO,VANASPATI & OILS
EIFFL,FOOD PROCESSING
DHARSUGAR,SUGAR
ROSSELLIND,PLANTATIONS - TEA & COFFEE
IVP,VANASPATI & OILS
IVP,LONGTERM
AVADHSUGAR,SUGAR
ANDHRSUGAR,SUGAR
KCPSUGIND,SUGAR
LAKSHMIEFL,FOOD PROCESSING
SIMBHALS,SUGAR
PIONDIST,BREWERIES & DISTILLERIES
VBL,FOOD PROCESSING
VBL,CONSUMER GOODS
VBL,NIFTY500
VBL,LARGECAP_250
VBL,MIDCAP_150
VBL,MIDSMALLCAP_400
GILLANDERS,DIVERSIFIED
SAKHTISUG,SUGAR
SKML,FOOD PROCESSING
TASTYBITE,FOOD PROCESSING
KMSUGAR,SUGAR
VADILALIND,FOOD PROCESSING
HARRMALAYA,PLANTATIONS - TEA & COFFEE
GLOBUSSPR,BREWERIES & DISTILLERIES
DTIL,PLANTATIONS - TEA & COFFEE
NDGL,PLANTATIONS - TEA & COFFEE
HATSUN,FOOD PROCESSING
HATSUN,CONSUMER GOODS
HATSUN,NIFTY500
HATSUN,LARGECAP_250
HATSUN,MIDCAP_150
HATSUN,MIDSMALLCAP_400
MAWANASUG,SUGAR
SDBL,BREWERIES & DISTILLERIES
RKDL,BREWERIES & DISTILLERIES
DALMIASUG,SUGAR
THIRUSUGAR,SUGAR
DPL,PETROCHEMICALS
DIAMONDYD,FOOD PROCESSING
BANARISUG,SUGAR
TRIVENI,SUGAR
ADFFOODS,FOOD PROCESSING
RANASUG,SUGAR
DHAMPURSUG,SUGAR
UNITEDTEA,PLANTATIONS - TEA & COFFEE
DWARKESH,SUGAR
TI,BREWERIES & DISTILLERIES
GMBREW,BREWERIES & DISTILLERIES
KOHINOOR,FOOD PROCESSING
KESARENT,SUGAR
PINCON,BREWERIES & DISTILLERIES
APEX,FOOD PROCESSING
GOLDSHARE,BANKS - PUBLIC SECTOR
GOLDSHARE,Bank
SETFGOLD,FINANCE - INVESTMENTS
GOLDIWIN,FINANCE - INVESTMENTS
GOLDBEES,BANKS - PRIVATE SECTOR
GOLDBEES,Bank
IDBIGOLD,FINANCE - INVESTMENTS
HDFCMFGETF,FINANCE - INVESTMENTS
IVZINGOLD,FINANCE - INVESTMENTS
BSLGOLDETF,FINANCE - INVESTMENTS
AUSOMENT,FINANCE - INVESTMENTS
HINDNATGLS,GLASS & GLASS PRODUCTS
NANDANI,TEXTILES - READYMADE APPARELS
WSTCSTPAPR,PAPER
STARPAPER,PAPER
MALUPAPER,PAPER
JKPAPER,PAPER
PDMJEPAPER,PAPER
MAXVIL,PACKAGING
EASTSILK,TEXTILES - SYNTHETIC & SILK
SHREYANIND,PAPER
ECEIND,ELECTRICALS
RAINBOWPAP,PAPER
EKC,PACKAGING
AMDIND,PACKAGING
WORTH,PACKAGING
SUTLEJTEX,TEXTILES - GENERAL
LAKPRE,FASTENERS
PDUMJEPULP,PAPER
STERTOOLS,FASTENERS
SIYSIL,TEXTILES - WEAVING
JINDCOT,TEXTILES - SPINNING - COTTON BLENDED
IPAPPM,PAPER
SAMTEL,ELECTRICALS
TOKYOPLAST,PLASTICS
WEIZMANIND,TEXTILES - PROCESSING
GENUSPAPER,PAPER
RAJVIR,TEXTILES - SPINNING - SYNTHETIC BLENDED
THOMASCOTT,TEXTILES - SYNTHETIC & SILK
SESHAPAPER,PAPER
DELTAMAGNT,ELECTRICALS
BRFL,TEXTILES - GENERAL
BRFL,TEXTILES
SPENTEX,TEXTILES - SPINNING - COTTON BLENDED
SHREERAMA,PACKAGING
RAMANEWS,PAPER
DAMODARIND,TEXTILES - SPINNING - SYNTHETIC BLENDED
SERVALL,PAPER
DONEAR,TEXTILES - WEAVING
SORILINFRA,TEXTILES - READYMADE APPARELS
MAGNUM,PAPER
BSL,TEXTILES - WEAVING
PAPERPROD,PACKAGING
JAYNECOIND,CASTINGS & FORGINGS
NDL,TEXTILES - DENIM
ESTER,PACKAGING
WINSOME,TEXTILES - SPINNING - COTTON BLENDED
EUROTEXIND,TEXTILES - SPINNING - COTTON BLENDED
MOMAI,TEXTILES - READYMADE APPARELS
MAYURUNIQ,PLASTICS
SUPREMETEX,TEXTILES - SPINNING - COTTON BLENDED
PIONEEREMB,TEXTILES - HOSIERY & KNITWEAR
GTNTEX,TEXTILES - GENERAL
ORBTEXP,TEXTILES - WEAVING
CELEBRITY,TEXTILES - READYMADE APPARELS
SELMCL,TEXTILES - GENERAL
PREMIERPOL,PLASTICS
GENUSPOWER,ELECTRICALS
ESSDEE,PACKAGING
SPTL,PLASTICS
SPTL,INDUSTRIAL MANUFACTURING
SPTL,NIFTY500
SPTL,MIDSMALLCAP_400
SPTL,SMALLCAP_50
SPTL,SMALLCAP_100
MFSL,FINANCE - INVESTMENTS
MFSL,FINANCIAL SERVICES
MFSL,NIFTY200
MFSL,NIFTY500
MFSL,LARGECAP_250
MFSL,MIDCAP_100
MFSL,MIDCAP_150
MFSL,MIDSMALLCAP_400
SPLIL,TEXTILES - READYMADE APPARELS
SPLIL,LONGTERM
ARROWGREEN,PLASTICS
EMMBI,PACKAGING
EMMBI,LONGTERM
PATSPINLTD,TEXTILES - SPINNING - COTTON BLENDED
DIXON,ELECTRICALS
DIXON,CONSUMER GOODS
DIXON,NIFTY500
DIXON,MIDSMALLCAP_400
BANSWRAS,TEXTILES - SPINNING - SYNTHETIC BLENDED
VIPCLOTHNG,TEXTILES - READYMADE APPARELS
VHL,FINANCE - INVESTMENTS
CNOVAPETRO,TEXTILES - MANMADE
VARDMNPOLY,TEXTILES - SPINNING - COTTON BLENDED
MORARJEE,TEXTILES - SPINNING - COTTON BLENDED
GARWALLROP,TEXTILES - GENERAL
GARDENSILK,TEXTILES - WEAVING
ORICONENT,PACKAGING
PLASTIBLEN,PLASTICS
GKWLIMITED,FASTENERS
POLYPLEX,PACKAGING
JISLDVREQS,PLASTICS
MOLDTKPAC,PLASTICS
PDUMJEIND,PAPER
PRADIP,TEXTILES - WEAVING
SPYL,TEXTILES - MANMADE
AMBIKCO,TEXTILES - SPINNING - COTTON BLENDED
HINDSYNTEX,TEXTILES - SPINNING - SYNTHETIC BLENDED
RMCL,PACKAGING
NAHARSPING,TEXTILES - HOSIERY & KNITWEAR
SUMEETINDS,TEXTILES - MANMADE
CENTUM,ELECTRICALS
SIIL,TEXTILES - HOSIERY & KNITWEAR
RESPONIND,PLASTICS
MOLDTECH,PACKAGING
GLOBE,TEXTILES - GENERAL
BHANDARI,TEXTILES - HOSIERY & KNITWEAR
PDSMFL,TEXTILES - GENERAL
XPROINDIA,PACKAGING
FLEXITUFF,PACKAGING
MOHITIND,TEXTILES - PROCESSING
RSWM,TEXTILES - SPINNING - SYNTHETIC BLENDED
CENTENKA,TEXTILES - MANMADE
INDTERRAIN,TEXTILES - READYMADE APPARELS
SGL,TEXTILES - GENERAL
SGL,LONGTERM
ELAND,TEXTILES - WEAVING
MANDHANA,TEXTILES - GENERAL
LOVABLE,TEXTILES - READYMADE APPARELS
SANGAMIND,TEXTILES - SPINNING - SYNTHETIC BLENDED
MMFL,CASTINGS & FORGINGS
KALYANIFRG,CASTINGS & FORGINGS
ELECTCAST,CASTINGS & FORGINGS
COSMOFILMS,PLASTICS
NAHARINDUS,TEXTILES - COMPOSITE MILLS
NAHARPOLY,TEXTILES - SPINNING - COTTON BLENDED
NAKODA,TEXTILES - PROCESSING
PGIL,TEXTILES - READYMADE APPARELS
MONTECARLO,TEXTILES - READYMADE APPARELS
AIFL,TEXTILES - READYMADE APPARELS
DCM,TEXTILES - SPINNING - COTTON BLENDED
TIMETECHNO,PACKAGING
TIMETECHNO,INDUSTRIAL MANUFACTURING
TIMETECHNO,NIFTY500
TIMETECHNO,MIDSMALLCAP_400
AYMSYNTEX,TEXTILES - PROCESSING
ASHIMASYN,TEXTILES - SPINNING - COTTON BLENDED
ALOKTEXT,TEXTILES - WEAVING
SARLAPOLY,TEXTILES - PROCESSING
HILTON,CASTINGS & FORGINGS
LAOPALA,GLASS & GLASS PRODUCTS
FILATEX,TEXTILES - MANMADE
RAJRAYON,TEXTILES - PROCESSING
GANECOS,TEXTILES - PROCESSING
LAMBODHARA,TEXTILES - SPINNING - COTTON BLENDED
INDORAMA,TEXTILES - SPINNING - SYNTHETIC BLENDED
GOKEX,TEXTILES - READYMADE APPARELS
MARALOVER,TEXTILES - SPINNING - COTTON BLENDED
LUXIND,TEXTILES - PROCESSING
RUBYMILLS,TEXTILES - COMPOSITE MILLS
HIRECT,ELECTRICALS
ZODIACLOTH,TEXTILES - READYMADE APPARELS
KINGFA,PLASTICS
PODDARHOUS,TEXTILES - READYMADE APPARELS
ZICOM,ELECTRICALS
PILITA,PLASTICS
AARVEEDEN,TEXTILES - DENIM
PEARLPOLY,PLASTICS
METALFORGE,CASTINGS & FORGINGS
TPLPLASTEH,PLASTICS
NELCAST,CASTINGS & FORGINGS
ALICON,CASTINGS & FORGINGS
GTNIND,TEXTILES - SPINNING - COTTON BLENDED
SANCO,PLASTICS
BINANIIND,MISCELLANEOUS
BANG,TEXTILES - GENERAL
PRECOT,TEXTILES - SPINNING - COTTON BLENDED
ZENITHEXPO,TEXTILES - SYNTHETIC & SILK
TAINWALCHM,PLASTICS
BLUEBLENDS,TEXTILES - PROCESSING
ROLLT,PACKAGING
DOLLAR,TEXTILES - READYMADE APPARELS
SURYALAXMI,TEXTILES - SPINNING - COTTON BLENDED
HITECHCORP,PLASTICS
SOMATEX,TEXTILES - COMPOSITE MILLS
SANGHVIFOR,CASTINGS & FORGINGS
TEXMOPIPES,PLASTICS
PNC,MEDIA & ENTERTAINMENT
TULSI,PLASTICS
TIJARIA,PLASTICS
CYBERMEDIA,MEDIA & ENTERTAINMENT
UFO,MEDIA & ENTERTAINMENT
CENTEXT,ALUMINIUM
SURANAIND,STEEL - ROLLING
SATHAISPAT,STEEL - PIG IRON
SURYAROSNI,STEEL - TUBES & PIPES
SPHEREGSL,COMPUTERS - SOFTWARE
TIPSINDLTD,MEDIA & ENTERTAINMENT
SABTN,MEDIA & ENTERTAINMENT
UVSL,STEEL - CR & HR STRIPS
ADHUNIKIND,STEEL - MEDIUM & SMALL
PRECWIRE,METALS - NON FERROUS
VASWANI,STEEL - SPONGE IRON
IMFA,MINING & MINERALS
SRIPIPES,STEEL - PIG IRON
GANDHITUBE,STEEL - TUBES & PIPES
MANAKALUCO,ALUMINIUM
MAANALU,ALUMINIUM
ARCHIDPLY,MISCELLANEOUS
FMNL,MISCELLANEOUS
FMNL,SPECIAL
GREENLAM,MISCELLANEOUS
DPABHUSHAN,MISCELLANEOUS
SAKAR,MISCELLANEOUS
KRIDHANINF,MISCELLANEOUS
SOMICONVEY,RUBBER
SIS,MISCELLANEOUS
SIS,SERVICES
SIS,NIFTY500
SIS,MIDSMALLCAP_400
BALKRISHNA,PAPER
ASHAPURMIN,MINING & MINERALS
JSL,STEEL - MEDIUM & SMALL
JSL,METALS
JSL,NIFTY500
JSL,MIDSMALLCAP_400
5PAISA,MISCELLANEOUS
MAHESHWARI,MISCELLANEOUS
WIPL,MISCELLANEOUS
JINDALSAW,STEEL - TUBES & PIPES
JINDALSAW,METALS
JINDALSAW,NIFTY500
JINDALSAW,MIDSMALLCAP_400
JINDALSAW,SMALLCAP_100
KGL,MISCELLANEOUS
RAMSARUP,STEEL - MEDIUM & SMALL
AURDIS,MISCELLANEOUS
BEDMUTHA,STEEL - MEDIUM & SMALL
NRAIL,MISCELLANEOUS
MSPL,STEEL - SPONGE IRON
PENPEBS,MISCELLANEOUS
OILCOUNTUB,STEEL - TUBES & PIPES
KARMAENG,POWER - GENERATION & DISTRIBUTION
BILENERGY,POWER - GENERATION & DISTRIBUTION
GLOBAL,MISCELLANEOUS
SHANTI,MISCELLANEOUS
SETFNIF50,MISCELLANEOUS
BHARATIWIN,MISCELLANEOUS
NIACL,MISCELLANEOUS
NIACL,HIGH_MARKET_VALUE
BLS,MISCELLANEOUS
LASA,MISCELLANEOUS
UNIPLY,MISCELLANEOUS
UNIPLY,LONGTERM
TALWALKARS,MISCELLANEOUS
CMMIPL,MISCELLANEOUS
INNOVATIVE,MISCELLANEOUS
AGLSL,MISCELLANEOUS
DCAL,MISCELLANEOUS
DCAL,PHARMA
DCAL,NIFTY500
DCAL,MIDSMALLCAP_400
SHRENIK,MISCELLANEOUS
TEAMLEASE,MISCELLANEOUS
LINCPEN,MISCELLANEOUS
ADLABS,MISCELLANEOUS
BANARBEADS,MISCELLANEOUS
MCX,MISCELLANEOUS
JUBLINDS,MISCELLANEOUS
ARIES,FERTILISERS
INDOSOLAR,MISCELLANEOUS
GODREJAGRO,MISCELLANEOUS
GODREJAGRO,CONSUMER GOODS
GODREJAGRO,NIFTY200
GODREJAGRO,NIFTY500
GODREJAGRO,LARGECAP_250
GODREJAGRO,MIDCAP_100
GODREJAGRO,MIDCAP_150
GODREJAGRO,MIDSMALLCAP_400
FELIX,MISCELLANEOUS
SIKKO,MISCELLANEOUS
VIMTALABS,MISCELLANEOUS
SFL,MISCELLANEOUS
SFL,CONSUMER GOODS
SFL,NIFTY500
SFL,MIDSMALLCAP_400
HDFCLIFE,MISCELLANEOUS
HDFCLIFE,HIGH_MARKET_VALUE
HDFCLIFE,LONGTERM
LEXUS,MISCELLANEOUS
COCHINSHIP,MISCELLANEOUS
COCHINSHIP,INDUSTRIAL MANUFACTURING
COCHINSHIP,NIFTY500
COCHINSHIP,MIDSMALLCAP_400
COCHINSHIP,SMALLCAP_50
COCHINSHIP,SMALLCAP_100
TIFIN,MISCELLANEOUS
TIFIN,FINANCIAL SERVICES
TIFIN,NIFTY500
TIFIN,LARGECAP_250
TIFIN,MIDCAP_150
TIFIN,MIDSMALLCAP_400
VENKEYS,MISCELLANEOUS
VENKEYS,SPECIAL
RUSHIL,MISCELLANEOUS
KTIL,MISCELLANEOUS
SHANKARA,MISCELLANEOUS
SHANKARA,METALS
SHANKARA,NIFTY500
SHANKARA,MIDSMALLCAP_400
ABCAPITAL,MISCELLANEOUS
ABCAPITAL,FINANCIAL SERVICES
ABCAPITAL,HIGH_MARKET_VALUE
ABCAPITAL,NIFTY100
ABCAPITAL,NIFTY200
ABCAPITAL,NIFTY500
ABCAPITAL,LARGECAP_250
ABCAPITAL,NIFTY_NEXT_50
MANGTIMBER,MISCELLANEOUS
JITFINFRA,MISCELLANEOUS
STEELCITY,MISCELLANEOUS
KDDL,MISCELLANEOUS
GRPLTD,RUBBER
MCL,MISCELLANEOUS
AIROLAM,MISCELLANEOUS
SKIPPER,ENGINEERING
MATRIMONY,MISCELLANEOUS
BSE,MISCELLANEOUS
BSE,FINANCIAL SERVICES
BSE,NIFTY500
BSE,MIDSMALLCAP_400
BSE,SMALLCAP_50
BSE,SMALLCAP_100
JOCIL,CHEMICALS
KRISHANA,MISCELLANEOUS
BARTRONICS,MISCELLANEOUS
LIBAS,MISCELLANEOUS
BEARDSELL,MISCELLANEOUS
BANSAL,MISCELLANEOUS
APCOTEXIND,RUBBER
MAXINDIA,MISCELLANEOUS
MAXINDIA,HEALTHCARE SERVICES
MAXINDIA,NIFTY500
MAXINDIA,MIDSMALLCAP_400
CLEDUCATE,MISCELLANEOUS
POCHIRAJU,MISCELLANEOUS
CUPID,MISCELLANEOUS
HANUNG,MISCELLANEOUS
KAYA,MISCELLANEOUS
AKASH,MISCELLANEOUS
NKIND,EDIBLE OILS & SOLVENT EXTRACTION
TECHIN,MISCELLANEOUS
ABMINTLTD,MISCELLANEOUS
NAGAROIL,REFINERIES
HESTERBIO,PHARMACEUTICALS
WANBURY,PHARMACEUTICALS
BAFNAPHARM,PHARMACEUTICALS
ALEMBICLTD,PHARMACEUTICALS
ORTINLABSS,PHARMACEUTICALS
TTKHLTCARE,PHARMACEUTICALS
INDSWFTLTD,PHARMACEUTICALS
KILITCH,PHARMACEUTICALS
INDSWFTLAB,PHARMACEUTICALS
THEMISMED,PHARMACEUTICALS
ALPA,PHARMACEUTICALS
LYKALABS,PHARMACEUTICALS
ASTEC,PHARMACEUTICALS
ORCHIDPHAR,PHARMACEUTICALS
BROOKS,PHARMACEUTICALS
HIKAL,PHARMACEUTICALS
NECLIFE,PHARMACEUTICALS
STERLINBIO,PHARMACEUTICALS
SHARONBIO,PHARMACEUTICALS
JAGSNPHARM,PHARMACEUTICALS
SYNCOM,PHARMACEUTICALS
VIVIMEDLAB,PHARMACEUTICALS
BETA,PHARMACEUTICALS
GUFICBIO,PHARMACEUTICALS
CELESTIAL,PHARMACEUTICALS
VENUSREM,PHARMACEUTICALS
AARTIDRUGS,PHARMACEUTICALS
PANACEABIO,PHARMACEUTICALS
MOREPENLAB,PHARMACEUTICALS
ZOTA,PHARMACEUTICALS
LINCOLN,PHARMACEUTICALS
KREBSBIO,PHARMACEUTICALS
BALPHARMA,PHARMACEUTICALS
SMSPHARMA,PHARMACEUTICALS
LAURUSLABS,PHARMACEUTICALS
LAURUSLABS,PHARMA
LAURUSLABS,NIFTY500
LAURUSLABS,MIDSMALLCAP_400
LAURUSLABS,SMALLCAP_100
PDPL,PHARMACEUTICALS
NILAINFRA,CONSTRUCTION & CONTRACTING - HOUSING
BRIGADE,CONSTRUCTION & CONTRACTING - REAL ESTATE
BRIGADE,CONSTRUCTION
BRIGADE,NIFTY500
BRIGADE,MIDSMALLCAP_400
SAKUMA,TRADING
ASIANHOTNR,HOTELS
BLUECOAST,HOTELS
SHREYAS,SHIPPING
AHLEAST,HOTELS
EIHAHOTELS,HOTELS
ORIENTHOT,HOTELS
ROHLTD,HOTELS
ROHLTD,LONGTERM
UNIENTER,TRADING
SEAMECLTD,SHIPPING
CONTROLPR,TRADING
ITDC,HOTELS
ITDC,SERVICES
ITDC,NIFTY500
ITDC,MIDSMALLCAP_400
ITDC,SMALLCAP_100
BSELINFRA,CONSTRUCTION & CONTRACTING - HOUSING
LPDC,CONSTRUCTION & CONTRACTING - REAL ESTATE
NITESHEST,CONSTRUCTION & CONTRACTING - REAL ESTATE
PROZONINTU,CONSTRUCTION & CONTRACTING - REAL ESTATE
TCI,TRANSPORT & LOGISTICS
ESSARSHPNG,SHIPPING
IMPAL,TRADING
SPECIALITY,HOTELS
GLOBOFFS,SHIPPING
BHARATIDIL,SHIPPING
MERCATOR,SHIPPING
ADVANIHOTR,HOTELS
KOTHARIPET,TRADING
APOLSINHOT,HOTELS
VICEROY,HOTELS
KAMATHOTEL,HOTELS
TAJGVK,HOTELS
TGBHOTELS,HOTELS
AHLWEST,HOTELS
RNAVAL,SHIPPING
RNAVAL,INDUSTRIAL MANUFACTURING
RNAVAL,NIFTY500
RNAVAL,MIDSMALLCAP_400
RNAVAL,SMALLCAP_100
CCHHL,HOTELS
LCCINFOTEC,COMPUTERS - SOFTWARE MEDIUM & SMALL
HOTELEELA,HOTELS
SICAGEN,TRADING
JINDWORLD,TEXTILES - GENERAL
HCG,HOSPITALS & MEDICAL SERVICES
SQSBFSI,COMPUTERS - SOFTWARE
RJL,DIAMOND CUTTING & JEWELLERY & PRECIOUS METALS
RJL,SPECIAL
RJL,LONGTERM
AXISCADES,COMPUTERS - SOFTWARE MEDIUM & SMALL
AIRAN,COMPUTERS - HARDWARE
GOLDTECH,COMPUTERS - SOFTWARE MEDIUM & SMALL
TRIGYN,COMPUTERS - SOFTWARE MEDIUM & SMALL
3IINFOTECH,COMPUTERS - SOFTWARE
XCHANGING,COMPUTERS - SOFTWARE MEDIUM & SMALL
EDUCOMP,COMPUTERS - SOFTWARE - TRAINING
CYBERTECH,COMPUTERS - SOFTWARE MEDIUM & SMALL
APTECHT,COMPUTERS - SOFTWARE - TRAINING
CEREBRAINT,COMPUTERS - HARDWARE
NIITLTD,COMPUTERS - SOFTWARE - TRAINING
63MOONS,COMPUTERS - SOFTWARE
MTEDUCARE,COMPUTERS - SOFTWARE - TRAINING
GENESYS,COMPUTERS - SOFTWARE MEDIUM & SMALL
MINDTECK,COMPUTERS - SOFTWARE
ADSL,COMPUTERS - SOFTWARE MEDIUM & SMALL
ALLSEC,COMPUTERS - SOFTWARE MEDIUM & SMALL
SASKEN,COMPUTERS - SOFTWARE
DSSL,COMPUTERS - SOFTWARE MEDIUM & SMALL
LYCOS,COMPUTERS - SOFTWARE MEDIUM & SMALL
INFOBEAN,COMPUTERS - SOFTWARE MEDIUM & SMALL
NUCLEUS,COMPUTERS - SOFTWARE MEDIUM & SMALL
GOLDENTOBC,CIGARETTES
CMICABLES,CABLES - TELEPHONE
KOTHARIPRO,CIGARETTES
ICSA,COMPUTERS - SOFTWARE
GEMINI,TELECOMMUNICATIONS - EQUIPMENT
NUTEK,TELECOMMUNICATIONS - SERVICE
VINDHYATEL,CABLES - TELEPHONE
IZMO,COMPUTERS - SOFTWARE MEDIUM & SMALL
EXCEL,COMPUTERS - SOFTWARE MEDIUM & SMALL
RSSOFTWARE,COMPUTERS - SOFTWARE MEDIUM & SMALL
SURANAT&P,CABLES - TELEPHONE
OLECTRA,TELECOMMUNICATIONS - SERVICE
OLECTRA,SPECIAL
KAVVERITEL,TELECOMMUNICATIONS - EQUIPMENT
MIC,TELECOMMUNICATIONS - EQUIPMENT
PARACABLES,CABLES - TELEPHONE
XLENERGY,TELECOMMUNICATIONS - EQUIPMENT
UMESLTD,COMPUTERS - SOFTWARE MEDIUM & SMALL
PALREDTEC,COMPUTERS - SOFTWARE MEDIUM & SMALL
NELCO,TELECOMMUNICATIONS - EQUIPMENT
TTML,TELECOMMUNICATIONS - SERVICE
BHAGYANGR,CABLES - TELEPHONE
GTL,TELECOMMUNICATIONS - EQUIPMENT
SEPOWER,POWER - GENERATION & DISTRIBUTION
RTNINFRA,POWER - GENERATION & DISTRIBUTION
DPSCLTD,POWER - GENERATION & DISTRIBUTION
GIPCL,POWER - GENERATION & DISTRIBUTION
MITCON,POWER - GENERATION & DISTRIBUTION
